"Артикул","Штрихкод"
"CEN-22316","740985223161"
"CEN-27498","740985274989"
"NOW-03377","733739033772"
"DRB-00170","753950001701"
"NOW-01486","733739014863"
"NBH-10600","764302106005"
"NFS-04571","068958045719"
"SOL-02028","033984020283"
"NOW-03255","733739032553"
"DRB-00203","753950002036"
"NWY-60195","033674601952"
"JRW-18010","790011180104"
"SOL-01453","033984014534"
"NOW-00148","733739001481"
"DRB-00218","753950002180"
"NOW-01652","733739016522"
"NWY-11200","033674112007"
"NOW-07683","733739076830"
"SOL-31045","033984310452"
"MKD-00422","852469004224"
"NWY-40491","033674404911"
"DRB-00271","753950002715"
"NWY-47110","033674471104"
"THR-00467","693749004677"
"DRB-00086","753950000865"
"OPN-02134","748927021349"
"NOW-00088","733739000880"
"NEL-12896","016185128965"
"NOW-02131","733739021311"
"NOW-03239","733739032393"
"SOL-01951","033984019515"
"NOW-04721","733739047212"
"SOL-01701","033984017016"
"NOW-03092","733739030924"
"JRW-30006","790011300069"
"SOL-03275","033984032750"
"THO-19112","031315191121"
"ALB-00824","724742008246"
"NOW-02704","733739027047"
"CGN-00949","898220009497"
"LAB-33374","710779333741"
"CEN-22667","740985226674"
"JRW-12024","790011120247"
"DME-00480","030985004809"
"NOR-31130","768990311307"
"NOR-03790","768990037900"
"NOR-01790","768990017902"
"CAR-05772","088395057724"
"DRB-00076","753950000766"
"SOL-01417","033984014176"
"NFS-01740","068958017402"
"NWY-45151","033674451519"
"NOW-03347","733739033475"
"MGF-10315","051494103159"
"NDM-01435","031604014353"
"SOL-02067","033984020672"
"NWY-41091","033674410912"
"CGN-00931","898220009312"
"THO-19365","031315193651"
"NOW-00476","733739004765"
"NOW-00369","733739003690"
"JRW-16033","790011160335"
"SOL-01316","033984013162"
"NWY-15692","033674156926"
"NWY-15686","033674156865"
"NTA-16262","083000162626"
"NOW-04700","733739047007"
"NOW-00450","733739004505"
"AVO-04230_дубль","381370042303"
"BAL-78011","674756780112"
"NOW-00145","733739001450"
"NOW-04739","733739047397"
"NOW-01757","733739017574"
"NOW-00105","733739001054"
"MGF-10285","051494102855"
"SOL-03818","033984038189"
"JRW-01024","790011010241"
"NOW-04655","733739046550"
"NOW-00106","733739001061"
"ARG-51160","713947511606"
"DME-01975","030985019759"
"NOW-00495","733739004956"
"NOW-04684","733739046840"
"NWY-60192","033674601921"
"NOW-00013","733739000132"
"NOW-04608","733739046086"
"SOL-03667","033984036673"
"SOL-03668","033984036680"
"SOL-02950","033984029507"
"SOL-01736","033984017368"
"NOW-00099","733739000996"
"SOL-02273","033984022737"
"SOL-59199","033984591998"
"SOL-02295","033984022959"
"SOL-31549","033984315495"
"SOL-59198","033984591981"
"SOL-00201","033984002012"
"SOL-01043","033984010437"
"SOL-01081","033984010819"
"NEL-12900","016185129009"
"EMT-04085","763948040858"
"EMT-09556","763948095568"
"NOW-02675","733739026750"
"NOW-02676","733739026767"
"GIO-18396","716237183965"
"PNB-00001","851087000014"
"NOW-05102","733739051028"
"SOL-03341","033984033412"
"SOL-01714","033984017146"
"NTL-04462","047469044626"
"NOW-03016","733739030160"
"NOW-03882","733739038821"
"NOW-03323","733739033239"
"CEN-27542","740985275429"
"SOL-01721","033984017214"
"SOL-03725","033984037250"
"NOW-04730","733739047304"
"NOW-04616","733739046161"
"GGR-00250","899696002500"
"AL-4001","4820200140230"
"NAP-33606","097467336063"
"AUR-92114","051381921149"
"SOR-04350","076280043501"
"FHH-00218","896593002183"
"MGF-10337","051494103371"
"SYN-00466","852971004668"
"DLC-15002","024286150020"
"NTA-16382","083000163821"
"THO-19350","031315193507"
"DRA-00539","679372005397"
"CAL-86331","021245863311"
"HAP-01179","819573011791"
"LEX-14373","737870143734"
"NCR-00401","727783004017"
"LID-21596","363113215960"
"YBP-00206","046352002064"
"LEX-21753","737870217534"
"AHR-13090","665231130904"
"VGL-21928","076280219289"
"PES-01802","766298018027"
"SOR-94138","076280941388"
"LEX-12096","737870120964"
"NAP-01042","097467010420"
"FHH-00225","896593002251"
"PES-01351","766298013510"
"FBS-00678","049479006786"
"YOU-00398","853244003982"
"SOR-01560","076280015607"
"AL-5004","4820200140148"
"DOU-07440","310539074404"
"DOU-97891","310539978917"
"SFM-10200","711575102005"
"RAD-00066","085178000663"
"SOR-04731","076280047318"
"WIF-00434","857188004340"
"PES-00023","766298000237"
"NCR-00328","727783003287"
"NLI-00571","040647005716"
"LEX-19321","737870193210"
"NTA-00668","083000006685"
"ATR-02929","310539029299"
"PAR-77839","601944778392"
"NLF-18001","686149180010"
"USN-75871","75871"
"PES-01733","766298017334"
"WAK-15049","023542150491"
"CAN-74010","011821740105"
"NBC-00556","728177005566"
"AL-7005","4820200140087"
"AL-2116","4820200140032"
"AL-3203","4820200140452"
"ARG-51140","713947511408"
"NRT-04233","074312042331"
"ORT-13886293","-13886293"
"AL-3001","4820200140117"
"SOR-14260","076280142600"
"NOR-57884","768990578847"
"PES-01242","766298012421"
"SOR-04400","076280044003"
"DEV-00024","895634000249"
"EMU-88181","076970881819"
"WED-08813","4001638088138"
"HBP-90037","090900000378"
"ARG-57281","713947572812"
"HBP-90007","090900000071"
"SSV-23229","684088232296"
"ILH-20741","8801223207410"
"MGF-10314","051494103142"
"REN-15554","631257155542"
"OMM-00209","892392002096"
"TMR-00448","878941004483"
"LEM-10315","603902103154"
"CGN-01256","898220012565"
"NTB-89412","047868894129"
"PPS-00017","184392000173"
"KIM-02221","812325022212"
"TMR-00018","878941000188"
"VFU-02270","027917022703"
"NTL-05501","047469055011"
"HIM-60011","605069600118"
"WLP-00263","891617002637"
"DNH-75823","790223758238"
"DRB-00401","753950004016"
"ARG-57370","713947573703"
"INN-40169","051494401699"
"CGN-01133","898220011339"
"SFD-01068","803813010682"
"ORI-50004","801541500048"
"NCR-00303","727783003034"
"JRW-03052","790011030522"
"LEX-23966","737870239666"
"SOR-79143","076280030204_"
"LEX-23136","737870231363"
"FPI-03813","633422038131"
"GOL-11155","658010111553"
"FPI-03292","633422032924"
"RDH-00587","355724005870"
"ORT-694595","4260022694595"
"JRW-03043","790011030430"
"NLI-00154","040647001541"
"MCL-03148","810487031486"
"ORI-00072","851469000724"
"INN-40156","051494401569"
"NUT-00010","NUT-00010"
"NOW-04303","733739043030"
"SOG-19498","089836194985"
"HFS-94188","010043941888"
"SOR-04630","076280046304"
"GLK-00212","322654002125"
"ECL-61101","023363611010"
"SOR-66118","076280661187"
"JRW-20213","790011202134"
"VFU-02261","027917022611"
"SPS-90250","076635902507"
"PES-00136","766298001364"
"MAN-00233","895015002336"
"WSP-02036","814422020368"
"MAN-00235","895015002350"
"SOR-31624","076280316247"
"NOW-03008","733739030085"
"PRT-10495","707359104952"
"ENZ-24150","670480241509"
"SOR-57445","076280574456"
"CAR-18810","088395188107"
"IRW-58014","710363580148"
"AHR-02100","665231021004"
"NCR-90176","727783901767"
"VTP-00510","850232005102"
"SOR-01340","076280013405"
"SMA-00478","851356004781"
"NTA-00637","083000006371"
"HPI-55001","083502550013"
"YTH-01939","671315019393"
"CAR-43520","088395435201"
"BioticsResearch1158","Ч001Г2ШВЧО"
"AL-4104","4606492010129"
"POP-61138","039278611380"
"UNN-04702","039442047021"
"SBF-11868","020525118684"
"ZAH-00040","848998000400"
"OBN-52700","764934527001"
"DOU-04073","310539040737"
"HYB-05854","9506000058542"
"LEX-23023","737870230236"
"NCR-00241","727783002419"
"HEE-85281","787647852819"
"VFU-02268","027917022680"
"AOR-08291","624917082913"
"ZHO-00620","859805006201"
"DOU-01754","310539017548"
"ARG-57330","713947573307"
"ARZ-12101","046802121017"
"SOR-73799","076280737998"
"ENZ-13010","670480130100"
"MAN-00158","895015001582"
"NNR-32655","837654326558"
"PTP-16006","074312160066"
"PTP-10214","074312102141"
"PTP-11520","074312115202"
"PTP-13390","074312133909"
"PTP-12457","074312124570"
"PTP-10460","074312104602"
"PTP-11781","074312117817"
"PTP-11780","074312117800"
"PTP-13070","074312130700"
"PTP-10690","074312106903"
"PTP-13700","074312137006"
"PTP-11603","074312116032"
"PTP-14596","074312145964"
"PTP-00181","025077001811"
"PTP-11133","074312111334"
"PTP-10430","074312104305"
"PTP-10157","025077101573"
"PTP-10525","074312105258"
"PTP-10433","074312104336"
"PTP-10772","074312107726"
"SOR-88450","076280884500"
"HRP-30150","076970301508"
"RLT-21871","021888218714"
"SOG-18606","089836186065"
"ZAR-00543","858438005438"
"SPS-90850","076635908509"
"SOR-04462","076280044621"
"SOR-36510","076280365108"
"DOU-20038","745287200384"
"MCL-01997","813006019972"
"PTP-03895","025077038954"
"PTP-13894","074312138942"
"OST-29172","5903246229172"
"PTP-14463","074312144639"
"PTP-12101","025077121014"
"PTP-13290","074312132902"
"PTP-11841","074312118418"
"PTP-00058","025077000586"
"PTP-126505","074312126505"
"PTP-12653","074312126536"
"PTP-13060","074312130601"
"PTP-14900","074312149009"
"PTP-14757","074312147579"
"PTP-14755","074312147555"
"PTP-11450","074312114502"
"PTP-15830","074312158308"
"PTP-15535","074312155352"
"PTP-13233","074312132339"
"PTP-13632","074312136320"
"PTP-12832","074312128325"
"PTP-17904","074312179044"
"PTP-13011","025077130115"
"PTP-13046","025077130467"
"PTP-16060","074312160608"
"PTP-00022","025077000227"
"PTP-12031","025077120314"
"PTP-12757","025077127573"
"PTP-50094","025077500949"
"PTP-11944","074312119446"
"PTP-15445","074312154454"
"PTP-13201","074312132018"
"NTD-17059","2999000004690"
"PTP-12000","074312120008"
"PTP-11429","074312114298"
"PTP-15491","074312154911"
"PTP-15431","074312154317"
"YBP-00199","046352001999"
"GOL-11714","658010117142"
"MCL-03086","810487030861"
"MCL-03152","810487031523"
"DVI-00102","026664001023"
"HBP-00059","090700000592"
"PES-01396","766298013961"
"SOR-11777","076280117776"
"ZAR-00218","898115002183"
"MCL-01912","813006019125"
"YTH-01927","671315019270"
"SOR-04495","076280044959"
"FPI-03872","633422038728"
"XLB-00201","892327002016"
"REJ-08241","035046082413"
"NWY-10488","033674104880"
"KIM-02100","812325021000"
"FPI-03153","633422031538"
"FPI-02733","633422027333"
"FPI-66414","633422664149"
"FPI-03122","633422031224"
"AL-6203","4820200140353"
"QLL-00337","812259003370"
"GAI-34000","751063340007"
"BRY-16004","646858160048"
"GME-10906","791014109062"
"INN-40027","051494400272"
"PTP-36202","025077362028"
"PTP-72162","025077721627"
"PTP-36204","025077362042"
"PTP-36199","025077361991"
"PTP-36203","025077362035"
"PTP-18556","025077185566"
"PTP-18545","025077185450"
"PTP-35872","025077358724"
"PTP-15604","025077156047"
"PTP-50858","025077508587"
"PTP-04543","025077045433"
"PTP-27814","025077278145"
"PTP-27816","025077278169"
"PTP-27810","025077278107"
"PTP-17897","025077178971"
"PTP-17895","025077178957"
"PTP-14020","025077140206"
"PTP-54957","025077549573"
"PTP-16279","025077162796"
"PTP-78826","025077788262"
"PTP-52984","025077529841"
"PTP-51658","025077516582"
"PTP-52793","025077527939"
"PTP-16835","025077168354"
"PTP-17394","025077173945"
"PTP-51509","025077515097"
"PTP-58757","025077587575"
"PTP-17311","025077173112"
"PTP-14464","025077144648"
"PTP-32948","025077329489"
"PTP-58593","025077585939"
"SOR-04421","076280044218"
"VEG-00476","838766004761"
"THR-00366","693749003663"
"NOR-50501","768990505010"
"SOR-04816","076280048162"
"ARG-55270","713947552708"
"PES-00233","766298002330"
"GOL-12221","658010122214"
"ORI-50005","801541500055"
"NCR-90114","727783901149"
"OWH-00429","706195004297"
"OWH-00461","706195004617"
"TMR-00005","878941000058"
"ARG-52170","713947521704"
"Pillbox_red","8380000000104"
"Pillbox_green","8380000000081"
"Pillbox_blue","2999000006561"
"ORT-7145954","-07145954"
"NTL-00520","047469005207"
"SOR-95379","076280953794"
"PRT-10381","707359103818"
"AME-04007","092961040072"
"SUW-02448","814784024486"
"MCL-01996","813006019965"
"ZHO-00626","859805006263"
"VTP-00508","850232005089"
"SOL-00160","033984001602"
"SOL-00141","033984001411"
"SOL-01791","033984017917"
"SOL-02032","033984020320"
"SOL-02030","033984020306"
"SOL-00311","033984003118"
"SOL-00310","033984003101"
"SOL-04152","033984041523"
"SOL-01161","033984011618"
"SOL-01149","033984011496"
"SOL-03229","033984032293"
"SOL-03316","033984033160"
"SOL-03310","033984033108"
"SOL-03320","033984033207"
"SOL-03312","033984033122"
"SOL-03340","033984033405"
"SOL-03540","033984035409"
"SOL-02771","033984027718"
"SOL-00200","033984002005"
"SOL-03914","033984039148"
"SOL-01350","033984013506"
"SOL-00014","033984000148"
"SOL-00025","033984000254"
"SOL-00027","033984000278"
"SOL-00431","033984004313"
"SOL-00500","033984005006"
"SOL-00509","033984005099"
"SOL-00562","033984005624"
"SOL-00871","033984008717"
"SOL-00924","033984009240"
"SOL-00948","033984009486"
"SOL-01070","033984010703"
"SOL-01080","033984010802"
"SOL-01091","033984010918"
"SOL-01180","033984011809"
"SOL-04141","033984041417"
"SOL-02557","033984025578"
"SOL-02461","033984024618"
"SOL-02324","033984023246"
"SOL-01910","033984019102"
"SOL-01733","033984017337"
"SOL-01720","033984017207"
"SOL-01560","033984015609"
"SOL-01181","033984011816"
"GOL-11859","658010118590"
"GOL-12178","658010121781"
"AL-2102","4820200140339"
"NOW-02698","733739026989"
"DOU-04058","310539040584"
"FPI-03032","633422030326"
"SPS-90670","076635906703"
"BNR-01268","817716012681"
"SPS-90030","076635900305"
"CGN-01097","898220010974"
"CAR-08720","088395087202"
"GOL-12308","658010123082"
"NDM-02731","031604027315"
"PES-00308","766298003085"
"PES-00700","766298007007"
"PES-00558","766298005584"
"IVE-60802","077043608029"
"IRW-58246","710363582463"
"AL-2018","4820200140407"
"NOW-03776","733739037763"
"NOW-02816","733739028167"
"ZAR-00527","858438005278"
"NWY-15836","033674158364"
"YBP-00108","046352001081"
"ADN-02067","859975020670"
"NAP-04871","097467048713"
"NBC-01023","728177010232"
"HEW-00232","898488002322"
"PFH-72312","713708723125"
"IRW-58598","710363585983"
"YBP-00100","046352001005"
"HBP-00061","090700000615"
"NTL-07402","047469074029"
"PIO-45399","032811453997"
"PES-01105","766298011059"
"NWY-15752","033674157527"
"ZNT-02602","817516026024"
"NLI-78227","040647782273"
"YBP-00186","046352001869"
"LEX-19311","737870193111"
"MCL-03149","810487031493"
"QLL-00353","812259003530"
"SOR-04497","076280044973"
"DRB-00489","753950004894"
"CAR-17640","088395176401"
"NCR-00334","727783003348"
"WWB-00102","691195001028"
"CEN-27592","740985275924"
"ARG-50540","713947505407"
"SPN-00159","033739001598"
"NTD-17452","8594073174529"
"PTP-51464","025077514649"
"PTP-29634","025077296347"
"NTD-17453","8594073174536"
"PTP-17654","074312176548"
"PTP-27812","025077278121"
"NTD-17454","8594073174543"
"NTD-17494","8594073174949"
"PTP-16272","074312162725"
"PTP-51415","025077514151"
"PTP-58123","025077581238"
"PTP-00064","025077000647"
"PTP-00008","025077000081"
"PTP-50073","025077500734"
"PTP-10148","025077101481"
"PTP-17132","025077171323"
"PTP-17131-6","025077171316"
"NOR-01746","768990017469"
"WAK-10042","023542100427"
"QNL-00128","898440001288"
"LEX-23141","737870231417"
"DEV-00021","895634000218"
"JRW-01037","790011010371"
"NTA-16298","083000162985"
"NEL-13016","016185130166"
"NWY-60244","033674602447"
"PES-00622","766298006222"
"AL-2101","4820200140421"
"ATN-00621","858109006214"
"PAR-77745","601944777456"
"NTA-00901","083000009013"
"SNS-00811","021078008118"
"FRO-00537","089836005373"
"NOW-03775","733739037756"
"LIL-02413","027917024134"
"ALG-77230","713947772304"
"WLS-39416","371401394167"
"HBP-00446","090700004460"
"ZNW-00728","856521007284"
"PTP-17393","025077173938"
"BNR-01383","817716013831"
"SOR-19875","076280198751"
"VFU-02271","027917022710"
"NOW-06902","733739069023"
"MAV-05981","311845059819"
"SOR-03380","076280033809"
"THR-00643","693749006435"
"NAP-01710","097467017108"
"NFS-01380","068958013800"
"CAL-76898","021245768982"
"CAR-05151","088395051517"
"NWY-15903","033674159033"
"NFS-01132","068958011325"
"PRT-12395","707359123953"
"LEM-01345","603902013453"
"CAL-23262","021245232629"
"CAL-72661","021245726616"
"CAL-98653","021245986539"
"ERC-00325","857307003254"
"NOW-01305","733739013057"
"ATR-02934","310539029343"
"PRT-12936","707359129368"
"NOR-14124","768990141249"
"PRT-10452","707359104525"
"EID-00014","640923000147"
"GAI-40310","751063403108"
"CLF-05815","015794058151"
"PTP-16580","074312165801"
"PTP-16582","074312165825"
"PTP-17688","025077176885"
"PTP-19607","025077196074"
"PTP-33012","025077330126"
"PTP-11871","025077118717"
"NTD-17755","8594073177551"
"PTP-10072","025077100729"
"PTP-10270","025077102709"
"PTP-12120","025077121205"
"PTP-15432","074312154324"
"PTP-16250","074312162503"
"PTP-17246","025077172467"
"PTP-17732","074312177323"
"PTP-17990","025077179909"
"PTP-31643","025077316434"
"TMR-00025","878941000256"
"MHS-12742","013964127423"
"CAL-75211","021245752110"
"NDM-02621","031604026219"
"PES-00060","766298000602"
"NAP-01792","097467017924"
"EMT-00458","763948004584"
"VFU-01893","027917018935"
"SOR-04454","076280044546"
"SOR-04401","076280044010"
"BFN-00033","020526000339"
"DVI-25533","026664255334"
"NRT-35873","074312358739"
"FBS-02515","049479025152"
"NWY-14926","033674149263"
"PES-01069","766298010694"
"GAI-15061","751063150613"
"HBP-80048","090800000485"
"PFH-41401","713708414016"
"GAI-15028","751063150286"
"NHS-00053","335824000531"
"OMM-00819","856210008196"
"THR-00684","693749006848"
"PEN-00366","026664003669"
"RLT-78061","021888780617"
"GBR-04529","015000045296"
"ZAN-02098","041954020980"
"WAK-10231","023542102315"
"PES-01348","766298013480"
"NWY-12285","033674122853"
"ZAR-00573","858438005735"
"NWY-15146","033674151464"
"SOR-49300","076280493009"
"CEN-22675","740985226759"
"HPI-09876","083502098768"
"CMV-00004","658196000047"
"NNO-74721","741805747218"
"NHI-40039","732894400399"
"UNN-03058","039442030580"
"REA-00650","853427006502"
"NTC-50470","705692504705"
"PUD-00620","851615006204"
"THR-00629","693749006299"
"LEX-22026","737870220268"
"RLT-80001","021888800018"
"CAR-17540","088395175404"
"WAK-10443","023542104432"
"OST-19331","5902232619331"
"BRY-00004","646858000047"
"WOR-59799","726899597994"
"NOR-13130","768990131301"
"CAR-10110","088395101106"
"SOL-01319","033984013193"
"NTL-05889","047469058890"
"MAV-08221","311845082213"
"QRT-00071","835776000714"
"SPN-00228","033739002281"
"ORS-00003","666183000031"
"PIO-00035","032811000351"
"NOR-07100","768990071003"
"PAL-04538","010181045387"
"LEX-23151","737870231516"
"REA-00615","853427006151"
"GOL-12318","658010123181"
"TGB-42204","039278422047"
"HEE-10176","787647101764"
"CTC-00112","029992001123"
"BNR-01372","817716013725"
"SYM-01006","647303010062"
"LFH-60827","645951608273"
"NTL-00511","047469005115"
"VFU-02310","027917023106"
"NCR-00369","727783003690"
"NCR-00315","727783003157"
"PTP-10653","074312106538"
"PTP-11773","074312117732"
"PTP-10035","074312100352"
"PTP-16131","074312161315"
"PTP-13425","074312134258"
"PTP-10005","074312100055"
"PTP-02327","025077023271"
"PTP-14901","074312149016"
"AL-4204","4820200140223"
"PRT-12963","707359129634"
"LEX-10210","737870102106"
"MAV-17681","311845176813"
"NOW-00127","733739001276"
"SYN-00408","852971004088"
"SCC-01512","029918015128"
"SDN-16836","030768168360"
"FRW-13245","724498132455"
"NCR-00421","727783004215"
"OWH-00060","706195000602"
"PES-00027","766298000275"
"SOR-03112","076280031126"
"HEC-12201","765704122013"
"OMM-00433","857727004336"
"ZHO-00606","859805006065"
"NAP-02290","097467022904"
"BAT-14098","308078140988"
"MCL-03147","810487031479"
"VLC-26590","780845265900"
"SPE-67789","022506677890"
"OAD-07412","016500074120"
"ACO-02199","813424021991"
"CAL-82758","021245827580"
"VTP-00564","850232005645"
"NAP-03957","097467039575"
"SDN-41283","030768412838"
"RST-39880","682500398803"
"SPN-00286","033739002861"
"PRT-10085","707359100855"
"IME-38498","715783384987"
"GNX-00211","815800002112"
"NWY-15900","033674159002"
"PES-00569","766298005690"
"NBB-85460","371400854600"
"PRT-12811","707359128118"
"AL-7006","4820200140322"
"SNS-02614","021078026143"
"ORI-10761","801541107612"
"SBF-11841","020525118417"
"PTP-53503","025077535033"
"PTP-19405","025077194056"
"PTP-18672","025077186723"
"PTP-55634","025077556342"
"PTP-15580","074312155802"
"PTP-11383","074312113833"
"PTP-16154","025077161546"
"PTP-07582","025077075829"
"PTP-13441","025077134410"
"PTP-19377","025077193776"
"PTP-16211","074312162114"
"OLP-07506","5901330075063"
"NCR-00636","727783006363"
"MCL-03095","810487030953"
"PTP-12785","025077127856"
"PTP-00059","025077000593"
"PTP-16152","025077161522"
"PTP-17896","025077178964"
"PTP-18671","025077186716"
"PTP-60369","025077603695"
"CAL-13462","021245134626"
"OMM-00421","857727004213"
"LEX-22406","737870224068"
"OMM-00410","857727004107"
"AMG-93300","829835933006"
"NWY-41411","033674414118"
"MCL-01995","813006019958"
"NTS-50083","732391500837"
"MET-91442","755571914422"
"MET-92000","755571920003"
"CYTO-B17solution","B17solution"
"NEO-23779","312547237796"
"NEO-73087","300810730877"
"BioticsResearch7890","7890"
"HIM-50055","605069500555"
"IME-02615","715783026153"
"BioticsResearch1706","Ч001ымцЬЦа"
"PAR-77734","601944777340"
"SDN-53634","030768536343"
"HIM-20027","605069200271"
"THR-00664","693749006640"
"MAH-20121","697658201219"
"NDM-02585","031604025854"
"ZNT-02301","817516023016"
"SOR-47312","076280473124"
"NAP-03420","097467034204"
"MHS-12743","013964127430"
"ORI-00027","851469000274"
"PFH-72212","713708722128"
"CGN-01206","898220012060"
"GOL-11984","658010119849"
"LEX-20186","737870201861"
"DOU-01497","310539014974"
"DOU-97767","310539977675"
"VFU-01950","027917019505"
"APX-70094","076855700945"
"NBB-01260","371401012603"
"LEX-22400","737870224006"
"MTG-93873","755571938732"
"GIO-18446","716237184467"
"SOR-04792","076280047929"
"PES-02083","766298020839"
"BioticsResearch1790","Ч001ЕЦЦЕ49"
"MCL-03129","810487031295"
"MCL-01739","813006017398"
"LEX-22386","737870223863"
"PES-01644","766298016443"
"SOR-73720","076280737202"
"PRT-10376","707359103764"
"LEX-22106","737870221067"
"NOW-04786","733739047861"
"CGN-01190","898220011902"
"ZNT-02015","817516020152"
"NNR-32661","837654326619"
"MCL-03065","810487030656"
"NWY-12351","033674123515"
"NWY-15271","033674152713"
"SPS-90470","076635904709"
"IME-39357","715783393576"
"DOU-01577","310539015773"
"PAR-77866","601944778668"
"FPI-03702","633422037028"
"PMN-25370","740985253700"
"BOI-07409","306969074091"
"BOI-05408","306969054086"
"OMM-00423","857727004237"
"NOR-30186","768990301865"
"NFS-01381","068958013817"
"VBH-80025","074306800251"
"SOR-04783","076280047837"
"MRM-72050","609492720504"
"AZO-42067","787651420677"
"PAR-77783","601944777838"
"CES-05324","070734053245"
"MSF-00390","856737003902"
"NAP-45957","097467459571"
"YBP-00198","046352001982"
"VGL-74610","076280746105"
"DVI-24939","026664249395"
"GOL-12460","658010124607"
"ACO-02148","813424021489"
"ADN-02070","859975020700"
"BSN-06326","834266063260"
"PES-02084","766298020846"
"NAP-81002","097467810020"
"NAB-00017","183060000170"
"HAP-01173","819573011739"
"ENZ-98130","670480981306"
"NOW-04674","733739046741"
"CEN-22443","740985224434"
"NBB-01160","371401011606"
"OTT-00000","866453000000"
"PES-00497","766298004976"
"QUA-00111","046985001113"
"OBF-76329","030768763299"
"ENZ-98111","670480981115"
"NWY-11035","033674110355"
"SOR-03688","076280036886"
"THR-00690","693749006909"
"TMR-00019","878941000195"
"NTL-07381","047469073817"
"NAP-03364","097467033641"
"PES-00339","766298003399"
"LEX-23012","737870230120"
"CAR-17510","088395175107"
"SOR-04433","076280044331"
"UNN-04392","039442043924"
"SCC-01511","029918015111"
"SDN-48678","030768486785"
"AL-3202","4820200140445"
"NRT-52802","074312528026"
"HEE-10180","787647101801"
"HBP-90099","090900000996"
"PES-01546","766298015460"
"PES-01809","766298018096"
"HYL-34311","354973343115"
"DOU-97820","310539978207"
"NTS-58381","710363583811"
"DNH-30466","790223304664"
"MCL-03165","810487031653"
"HAR-00003","640627000030"
"DOU-97795","310539977958"
"SOL-01318","033984013186"
"NRT-78564","074312785641"
"ZHO-00601","859805006010"
"JRW-20212","790011202127"
"CSR-01560","747889015601"
"VTP-00565","850232005652"
"NAV-00087","858847000871"
"MCL-03151","810487031516"
"BOI-31504","306969315040"
"NFS-04988","068958049885"
"GAT-02112","816170021123"
"NOW-03073","733739030733"
"NFS-01248","068958012483"
"NFS-03543","068958035437"
"GOL-11128","658010111287"
"IRW-57517","710363575175"
"DOU-97819","310539978191"
"DOU-03763","310539037638"
"DOU-01229","310539012291"
"DOU-01788","310539017883"
"PES-00221","766298002217"
"USN-00153","6009544900153"
"TMR-00212","878941002120"
"HBP-80018","090800000188"
"MAV-12221","311845122216"
"GOL-12332","658010123327"
"DOU-03762","310539037621"
"AL-5007","4820200140254"
"ZAH-08060","848998080600"
"SRE-04394","023249004394"
"DRB-00501","753950005013"
"FRO-02821","089836028211"
"NTC-50480","705692504804"
"PES-01682","766298016825"
"FBS-02527","049479025275"
"PFM-40010","019336400101"
"ENZ-10005","670480100059"
"NAP-43906","097467439061"
"PUR-01007","659670010071"
"HBP-80053","090800000539"
"EDW-00391","043182003919"
"MET-02230","755571022301"
"NTB-61789","047868617896"
"NOW-00221","733739002211"
"TMR-00017","878941000171"
"RLT-12171","021888121717"
"RST-94191","045635941915"
"JCR-10300","014202103001"
"PES-00202","766298002026"
"VTN-02009","708118020094"
"SOR-95243","076280952438"
"GOL-12309","658010123099"
"OMM-00447","857727004473"
"PRT-10690","707359106901"
"NLI-00193","040647001930"
"BioticsResearch3019","Ч001ЦЛЙО3Я"
"MKD-00811","850312008115"
"WWB-00105","691195001059"
"SOR-36153","076280361537"
"NCR-90073","727783900739"
"AZO-60667","787651606675"
"AL-2117","4606492011409"
"HOD-938583","5453003938583"
"HOD-938996","5453003938996"
"HOD-938965","5453003938965"
"LEX-23176","737870231769"
"SOR-45793","076280457933"
"BNR-00281","859375002818"
"CSS-10011","728060100118"
"EMU-44355","076970443550"
"AL-4009","AL-4009"
"SOR-39902","076280399028"
"ZHO-00618","859805006188"
"LEX-19210","737870192107"
"SNS-02647","021078026471"
"PUR-92202","659670917028"
"HEC-31001","765704310014"
"PTP-15820","074312158209"
"PTP-54126","025077541263"
"PTP-14022","025077140220"
"PTP-13661","074312136610"
"PTP-53263","025077532636"
"PTP-29623","025077296231"
"PTP-17712","074312177125"
"PTP-15430","074312154300"
"PTP-52931","025077529315"
"PTP-53624","025077536245"
"PTP-23409","025077234097"
"PTP-11911","074312119118"
"PTP-14932","074312149320"
"PTP-17888","074312178887"
"PTP-12880","025077128808"
"PTP-15479","766443154792"
"PTP-17148","025077171484"
"PTP-16555","074312165559"
"PTP-51067","025077510672"
"PTP-11413","074312114137"
"PTP-15418","025077154180"
"PTP-16252","074312162527"
"PTP-16380","074312163807"
"PTP-19378","025077193783"
"PTP-23413","025077234134"
"PTP-34732","025077347322"
"PTP-34888","025077348886"
"PTP-51506","025077515066"
"DOU-97872","310539978726"
"NOW-01418","733739014184"
"GOL-11850","658010118507"
"IRW-57963","710363579630"
"VGL-29101","076280291018"
"VGL-87031","076280870312"
"DEV-00020","895634000201"
"VTP-00515","850232005157"
"NOW-07699","733739076991"
"CLF-05080","015794050803"
"MBN-01231","898220012312"
"NOW-03184","733739031846"
"NOW-01251","733739012517"
"TMR-00059","878941000591"
"THO-19320","031315193200"
"ZNT-02201","817516022019"
"NOW-03086","733739030863"
"WAK-10441","023542104418"
"NCR-90066","727783900661"
"WHE-02052","817885020524"
"NWY-11534","033674115343"
"CGN-01168","898220011681"
"NTL-07405","047469074050"
"NOW-02043","733739020437"
"TMR-00110","878941001109"
"SCI-00021","181030000212"
"SCI-00013","181030000137"
"IRW-58528","710363585280"
"MCL-03189","810487031899"
"NYC-00994","8016867009942"
"HEC-50706","765704507063"
"NFS-01813","068958018133"
"AZO-03267","787651032672"
"PES-01532","766298015323"
"AOR-08110","624917081107"
"YOU-00722","850502007225"
"AL-5002","4820200140292"
"NNS-00187","739223001876"
"DRB-00491","753950004917"
"DOU-02136","745287021361"
"DOU-97898","310539978986"
"ECL-30999","023363309993"
"LEX-22272","737870222729"
"ZHO-00608","859805006089"
"NBG-42870","812806428700"
"NBB-15498","371400154984"
"CEN-22452","740985224526"
"TRA-00236","032917002365"
"PHI-01003","813986010037"
"GOL-11263","658010112635"
"FRO-00352","089836003522"
"FPI-03743","633422037431"
"LEX-22342","737870223429"
"MET-01628","755571016287"
"DOU-02690","310539026908"
"DOU-00650","310539006504"
"SFM-10210","711575102104"
"GIO-18506","716237185068"
"GOL-12186","658010121866"
"BioticsResearch1011","780053000621"
"BRM-01815","039978018151"
"STR-08373","767963083739"
"NAP-01635","097467016354"
"OMM-00417","857727004176"
"PTF-10752","021078107521"
"NWY-41410","033674414101"
"GOL-12457","658010124577"
"BioticsResearch5212","ч001зд0Я3д"
"SYM-04003","647303040038"
"LEX-23543","737870235439"
"HBP-80049","090800000492"
"SFD-10118","803813101182"
"HNI-00030","898631000304"
"CAL-74590","021245745907"
"CGN-01351","898220013517"
"ECN-00010","892985000102"
"NOW-02236","733739022363"
"PRT-12448","707359124486"
"CEN-22439","740985224397"
"PES-00246","766298002460"
"CAL-98196","021245981961"
"HYL-52301","354973523012"
"BRY-46495","736211464958"
"NWY-11094","033674110942"
"NAP-48719","097467487192"
"NAP-01630","097467016309"
"FRO-01070","089836010704"
"NTS-50085","732391500851"
"GOL-12189","658010121897"
"RST-94194","045635941946"
"GOL-12191","658010121910"
"BOC-46535","324208465356"
"BioticsResearch2223","X001VNRDL5"
"ZHO-00635","859805006355"
"SOR-02260","076280022605"
"DOU-20045","745287200452"
"HOG-25116","603573251161"
"REA-00013","835552000136"
"PTP-12600","074312126000"
"AMX-12810","665553128108"
"OMM-00422","857727004220"
"MAV-05331","311845053312"
"ENZ-10064","670480100646"
"SOG-18523","089836185235"
"CAR-04420","088395044205"
"CAR-01311","088395013119"
"CAR-01321","088395013218"
"CAR-00770","088395007705"
"CAR-01713","088395017131"
"CAR-01570","088395015700"
"CAR-03101","088395031014"
"CAR-49390","088395493904"
"CAR-01260","088395012600"
"CAR-08621","088395086212"
"CAR-06881","088395068812"
"CAR-17200","088395172007"
"CAR-17240","088395172403"
"CAR-01502","088395015021"
"CAR-01505","088395015052"
"CAR-05280","088395052804"
"CAR-01471","088395014710"
"CAR-01481","088395014819"
"CAR-01290","088395012907"
"CAR-01523","088395015236"
"CAR-15310","088395153105"
"CAR-15300","088395153006"
"CAR-01634","088395016349"
"CAR-01650","088395016509"
"CAR-05311","088395053115"
"CEN-27933","740985279335"
"FPI-02732","633422027326"
"NOW-01289","733739012890"
"DRW-52403","689191524030"
"BOC-73510","324208735107"
"ONT-01000","819444010007"
"PRT-14600","707359146006"
"LEX-22286","737870222866"
"NWY-15651","033674156513"
"AOR-08326","624917083262"
"ALG-77430","713947774308"
"NEO-93657","312547936576"
"PRT-10108","707359101081"
"NOW-01825","733739018250"
"SYN-00468","852971004682"
"INN-43000","051494430002"
"PAL-05008","010181050084"
"ACG-00110","894612001100"
"HBP-00033","090700000332"
"ZHO-00629","859805006294"
"JRW-03051","790011030515"
"CET-92304","302993923046"
"DOU-97797","310539977972"
"FOE-00974","071661009749"
"BioticsResearch7855","780053001758"
"SBF-11342","020525113429"
"MSC-60469","631656604696"
"NPA-77205","058449772057"
"PIF-50737","797734507379"
"BioticsResearch3041","ч001ЦПТЕ0Я"
"AMG-00682","829835006823"
"RAD-00531","085178005316"
"GOL-11833","658010118330"
"GOL-12127","658010121279"
"NAP-05960","097467059603"
"CGN-01278","898220012787"
"PED-00296","3700225600296"
"MCL-01834","813006018340"
"MCL-01846","813006018463"
"ZAR-00571","858438005711"
"NWY-14000","033674140000"
"WLP-00643","855434006438"
"NTC-41760","705692417609"
"VGL-44414","076280444148"
"IRW-59875","710363598754"
"HOG-55512","603573555122"
"ZNT-02025","817516020251"
"DOU-03819","310539038192"
"SFD-10113","803813101137"
"B073WKXNYV","700118997659"
"PES-00278","766298002781"
"BRM-03453","039978034533"
"PES-00542","766298005423"
"SOR-11607","076280116076"
"PES-00682","766298006826"
"GAI-39980","751063399807"
"MCL-03154","810487031547"
"SUW-02635","814784026350"
"PES-00857","766298008578"
"GAI-39572","751063395724"
"LEX-22016","737870220169"
"ECL-10239","023363102396"
"AMG-00079","829835000791"
"RDH-00320","355724003203"
"MCL-01885","813006018852"
"CAL-10446","021245104469"
"REA-00281","094922002815"
"SWW-14827","850000148277"
"QBS-00103","894047001034"
"GAI-14532","751063145329"
"KIM-02495","812325024957"
"USN-50846","6009702508467"
"DOU-82005","310539820056"
"DOU-05115","745287051153"
"DOU-97747","310539977477"
"XLR-00132","700596001329"
"ZNT-02001","817516020015"
"ENZ-29031","670480290316"
"LPO-00005","864548000058"
"EUR-20046","367703200466"
"SOR-04420","076280044201"
"HOD-938873","5453003938873"
"SOR-04291","076280042917"
"VTP-00593","850232005935"
"DOU-04060","310539040607"
"PES-00375","766298003757"
"PES-00436","766298004365"
"LEX-22183","737870221838"
"MAV-09681","311845096814"
"RLT-78161","021888781614"
"BioticsResearch1140","780053001536"
"CAR-17520","088395175206"
"NLF-18313","686149183134"
"CEN-22662","740985226629"
"DRB-00107","753950001077"
"DRB-00206","753950002067"
"DRB-00177","753950001770"
"LEX-15616","737870156161"
"WAK-20042","023542200424"
"NOW-00144","733739001443"
"NOW-03151","733739031518"
"NOW-02170","733739021700"
"NOW-02008","733739020086"
"NOW-04652","733739046529"
"NOW-00116","733739001160"
"NOW-06923","733739069238"
"NOW-05981","733739059819"
"NOW-06199","733739061997"
"NOW-01240","733739012401"
"NOW-06920","733739069207"
"NOW-02390","733739023902"
"EDW-00525","043182005258"
"NOW-06325","733739063250"
"NOW-00381","733739003812"
"AMH-16956","076630169561"
"NWY-40421","033674404218"
"NWY-40470","033674404706"
"NWY-40451","033674404515"
"CDL-10900","608274109001"
"NTL-16068","047469160685"
"FBS-20701","049479207015"
"DES-33710","718334337104"
"NTL-05865","047469058654"
"SOL-03960","33984039605"
"SOL-03050","033984030503"
"NAP-07361","097467073616"
"MGF-10153","051494101537"
"NOW-01272","733739012722"
"NOW-01662","733739016621"
"NFS-01655","068958016559"
"ENZ-98110","670480981108"
"ENZ-29011","670480290118"
"ORT-88914036","4260022693888"
"ORT-1319689","-01319689"
"KIM-02095","812325020959"
"NWY-15359","033674153598"
"NTL-00127","733530001277"
"SNS-01459","021078014591"
"SOL-01288","033984012882"
"ORT-10225409","-10225409"
"NOW-04703","733739047038"
"REN-15715","631257157157"
"LEX-60710","737870607106"
"CEN-27070","740985270707"
"FBS-00199","049479001996"
"NFS-01652","068958016528"
"JRW-15051","790011150510"
"THR-00506","693749005063"
"JRW-14026","790011140269"
"JRW-01033","790011010333"
"SNS-00421","021078004219"
"NOW-03270","733739032706"
"LEX-17219","737870172192"
"SNS-01949","021078019497"
"CEN-27315","740985273159"
"CEN-27452","740985274521"
"PTF-10106","021078101062"
"NOW-01720","733739017208"
"SOL-03670","033984036703"
"DES-33787","718334337876"
"DES-33786","718334337869"
"DES-33784","718334337845"
"CLF-07064","015794070641"
"CLF-01312","015794013129"
"CLF-06419","015794064190"
"SOL-02820","033984028203"
"GOL-11652","658010116527"
"JRW-15036","790011150367"
"DRB-00149","753950001497"
"NDM-04045","31604040451"
"NOW-00112","733739001122"
"NOW-00102","733739001023"
"NOW-00472","733739004727"
"SOL-00944","033984009448"
"ENZ-27210","670480272107"
"NWY-40460","033674404607"
"OBF-52210","30768522100"
"JRW-03025","790011030256"
"DRB-00214","753950002142"
"SOL-01370","033984013704"
"NOW-03326","733739033260"
"DME-02041","030985020410"
"CEN-21168","740985211687"
"NOW-03033","733739030337"
"SOL-01788","033984017887"
"SOL-02802","033984028029"
"NOW-03803","733739038036"
"MAH-20201","697658202018"
"SOL-03082","033984030824"
"NWY-17300","033674173008"
"JRW-08005","790011080053"
"CEN-21393","740985213933"
"NOW-01275","733739012753"
"NFS-03516","068958035161"
"NOW-04623","733739046239"
"NOW-04722","733739047229"
"NWY-02070","033674020708"
"NWY-15691","033674156919"
"CEN-22672","740985226728"
"NWY-41092","033674410929"
"SOL-50497","033984504974"
"SOL-03956","33984039568"
"CLF-01368","015794013686"
"OOA-00160","856044001608"
"DRB-00295","753950002951"
"NOR-03760","768990037603"
"SOL-35872","033984358720"
"NOW-00375","733739003751"
"OBF-03578","030768035785"
"LEX-16821","737870168218"
"CAR-13630","088395136306"
"GOL-11440","658010114400"
"SOL-00313","033984003132"
"NOW-03355","733739033550"
"MRM-41002","609492410023"
"HNP-68375","613098683750"
"SOL-59598","033984595989"
"SOL-01702","033984017023"
"SOL-02276","033984022768"
"NOW-06952","733739069528"
"DES-33703","718334337036"
"THO-19105","031315191053"
"JRW-29032","790011290322"
"NOW-03070","733739030702"
"NOW-03057","733739030573"
"MGF-10158","051494101582"
"CCS-00208","851492002085"
"NUT-10357","692752103575"
"POW-51151","4820231511511"
"NTS-50093","732391500936"
"MGF-10270","051494102701"
"NOW-03301","733739033017"
"DRB-00137","753950001374"
"NOW-03019","733739030191"
"SOL-02420","033984024205"
"NTA-00592","083000005923"
"LIF-40017","53232400179"
"FLI-53728","016500537281"
"CLF-05060","015794050605"
"SOL-02066","033984020665"
"SOL-03313","033984033139"
"JRW-30001","790011300014"
"NOW-03085","733739030856"
"AUR-91233","051381912338"
"COC-09850","075707098506"
"COC-01450","075707014506"
"NTL-00458","047469004583"
"NOW-00086","733739000866"
"NSW-51055","613405510557"
"SOL-01315","033984013155"
"SNS-00644","021078006442"
"SOL-00026","033984000261"
"NOW-04936","733739049360"
"DRB-00103","753950001039"
"NFS-04913","068958049137"
"HOG-55515","603573555153"
"SBL-00121","896116001211"
"THO-19245","031315192456"
"HOG-35081","603573350819"
"NOW-05973","733739059734"
"JRW-01021","790011010210"
"NOW-04615","733739046154"
"NOW-03110","733739031105"
"CEN-21249","740985212493"
"SOL-04068","033984040687"
"MGF-10215","051494102152"
"MGF-60139","051494601396"
"MGF-10104","051494101049"
"SOL-02171","033984021716"
"SOL-03120","033984031203"
"AVA-45375","654749453759"
"SOL-02558","033984025585"
"JRW-20007","790011200079"
"AUB-04007","749985040075"
"MKD-00418","852469004187"
"NOW-00436","733739004369"
"SOL-04114","033984041141"
"NOW-03344","733739033444"
"DRB-00153","753950001534"
"THR-00315","693749003151"
"NWY-15786","033674157862"
"SOL-32048","033984320482"
"JRW-15055","790011150558"
"SNS-01305","021078013051"
"NWY-17870","033674178706"
"NAP-29938","097467299382"
"ACO-00217","854049002170"
"SOL-03230","033984032309"
"NOW-03136","733739031365"
"NOW-03216","733739032164"
"NOW-09141","733739091413"
"JRW-20034","790011200345"
"GOL-11776","658010117760"
"NOW-02926","733739029263"
"NOW-03066","733739030665"
"MGF-10188","051494101889"
"DRB-00111","753950001114"
"HOG-41354","603573413545"
"NOW-03329","733739033291"
"NOW-01273","733739012739"
"WAK-10342","023542103428"
"NRT-53545","074312535451"
"EFI-12125","695927121251"
"NWY-41041","033674410417"
"SNS-00719","021078007197"
"BLB-01264","743715012646"
"ECL-32418","023363324187"
"NOW-04014","733739040145"
"SNS-02368","021078023685"
"NOW-03172","733739031723"
"BLB-00717","743715007178"
"MKD-00430","852469004309"
"LEX-37310","737870373100"
"CEN-27540","740985275405"
"YGT-45021","076950450219"
"CGN-00944","898220009442"
"NOW-04715","733739047151"
"BEL-11034","771733110341"
"NOW-06257","733739062574"
"OPN-02624","748927026245"
"DME-01490","030985014907"
"NOW-00365","733739003652"
"CEN-27291","740985272916"
"NOW-00459","733739004598"
"NOW-00215","733739002150"
"MGF-10171","051494101711"
"YSO-42042","726635420425"
"FHH-00015","895749000158"
"CLF-06236","015794062363"
"NOW-01274","733739012746"
"SNS-01461","021078014614"
"COC-09015","075707090159"
"CGN-00963","898220009633"
"DRB-00087","753950000872"
"BLB-00665","743715006652"
"FFT-00650","031919006500"
"THR-12502","693749125020"
"DRB-00294","753950002944"
"NWY-63700","033674637005"
"SNS-00448","21078004486"
"NOW-06425","733739064257"
"NOW-03333","733739033338"
"SNS-02592","021078025924"
"NOW-01428","733739014283"
"NOW-01300","733739013002"
"AVO-01173","381370011736"
"NAP-03723","097467037236"
"GRN-00201","899312002013"
"NSW-44044","613405440441"
"SOL-01272","033984012721"
"NOW-00790","733739007902"
"CLF-06505","015794065050"
"SOL-03040","033984030404"
"SOL-02071","033984020719"
"MKD-00428","852469004286"
"JRW-15033","790011150336"
"DRB-00152","753950001527"
"NAP-02060","097467020603"
"SOL-00400","033984004009"
"SOL-00410","033984004108"
"SOL-00312","033984003125"
"SOL-01167","033984011670"
"SOL-00938","033984009387"
"SOL-01254","033984012547"
"SOL-02306","033984023062"
"SOL-02251","033984022515"
"CEN-22306","740985223062"
"NFS-39184","5425010391842"
"FLO-61434","061998614341"
"NOW-03385","733739033857"
"DRB-00230","753950002302"
"NAP-02550","097467025509"
"NOW-07667","733739076670"
"SNS-01800","021078018001"
"THO-19895","031315198953"
"THO-19680","031315196805"
"NFS-39186","5425010391866"
"NOW-04233","733739042330"
"EMT-03209","763948032099"
"ADN-02004","859975020045"
"ADN-02001","859975020014"
"HOG-57884","603573578848"
"NOR-03770","768990037702"
"NAP-29928","097467299283"
"SBL-00112","896116001129"
"NWY-64100","033674641002"
"CLF-01707","015794017073"
"JRW-18004","790011180043"
"SOL-00057","033984000575"
"NOW-00662","733739006622"
"CEN-27729","740985277294"
"LEX-40806","737870408062"
"NTL-05396","047469053963"
"SOL-04163","033984041639"
"NOW-02314","733739023148"
"DRB-00080","753950000803"
"ACO-00206","854049002064"
"NBH-11400","764302114000"
"SMA-00401","851356004019"
"DRB-00278","753950002784"
"SOL-02702","033984027022"
"NOW-02133","733739021335"
"NOW-01408","733739014085"
"NOW-07625","733739076250"
"NOW-02936","733739029362"
"NOW-02932","733739029324"
"GOL-11778","658010117784"
"NOW-01269","733739012692"
"NBC-01000","728177010003"
"AMH-16960","076630169608"
"SNS-00142","021078001423"
"NWY-03501","358008035013"
"NOW-01245","733739012456"
"SNS-01430","021078014300"
"NOW-02460","733739024602"
"SNS-01730","021078017301"
"HOG-35067","603573350673"
"DRB-00217","753950002173"
"KMF-83453","028367834533"
"GAI-14430","751063144308"
"NOW-03244","733739032447"
"NDM-01789","031604017897"
"NOW-03243","733739032430"
"NEL-12955","016185129559"
"NOW-03501","733739035011"
"NOW-03159","733739031594"
"MBN-01265","898220012657"
"NOW-07788","733739077882"
"NOW-06256","733739062567"
"CEN-22721","740985227213"
"JRW-17003","790011170037"
"HOG-41372","603573413729"
"MAN-00154","895015001544"
"NOW-03862","733739038623"
"YOU-00303","853244003036"
"SOL-01188-60","33984011878"
"MBN-01300","898220013005"
"AMH-02183","076630021838"
"NWY-14521","033674145210"
"THO-19970","031315199707"
"SNS-00262","021078002628"
"NOW-03010","733739030108"
"PTF-10119","021078101192"
"CAR-05083","088395050831"
"NOW-01233","733739012333"
"SOL-03786","33984037861"
"JRW-15050","790011150503"
"DME-00700","030985007008"
"CEN-27757","740985277577"
"NOW-01412","733739014122"
"MCL-01149","813006011495"
"MCL-01027","813006010276"
"MRM-72226","609492722263"
"NWY-15337","033674153376"
"NWY-11450","033674114506"
"CEN-22331","740985223314"
"CEN-21338","740985213384"
"YUE-01906","810165019065"
"NHI-40036","732894400368"
"NHI-01026","732894010260"
"NOW-00240","733739002402"
"REA-37219","094922372192"
"NOW-08077","733739080776"
"RLT-10152","21888101528"
"CEN-21240","740985212400"
"Energy","X000LG6YC9"
"NOW-02196","733739021960"
"LEX-70906","737870709060"
"OPN-02985","748927029857"
"PWG-00002","043952000025"
"NOW-05150","733739051509"
"SOL-03947","033984039476"
"NFS-04110","068958041100"
"NOR-01780","768990017803"
"LEX-18596","737870185963"
"SOL-01746","033984017467"
"DRB-00173","753950001732"
"NOW-00500","733739005007"
"SOL-01792","033984017924"
"SNS-02290","021078022909"
"NOW-03910","733739039101"
"SNS-02064","21078020646"
"SOL-00968","033984009684"
"NOW-02132","733739021328"
"NWY-15679","033674156797"
"DES-22016","718334220161"
"SOL-02031","033984020313"
"NOW-01908","733739019080"
"NOW-03342","733739033420"
"NOW-07508","733739075086"
"EVC-10780","841320107808"
"NOW-04910","733739049100"
"MOR-00947","819277009476"
"NOW-04620","733739046208"
"HRP-55555","076970555550"
"EQU-90202","745998902027"
"NOW-00372","733739003720"
"SOL-00952","033984009523"
"NOW-05111","733739051110"
"CEN-21688","740985216880"
"NOW-02201","733739022011"
"TWL-03162","027434031622"
"NOW-02714","733739027146"
"CDL-10700","608274107007"
"ADN-00226","859975002263"
"WSB-33170","634084331707"
"NOW-03364","733739033642"
"NOW-05908","733739059086"
"NOW-02432","733739024329"
"COC-02080","75707020804"
"CLF-07316","15794073161"
"SNS-01864","021078018643"
"RIC-30207","036602302075"
"NOW-00693","733739006936"
"DRB-00373","753950003736"
"SNS-01467","21078014676"
"SNS-00148","021078001485"
"CDL-10600","608274106000"
"YSO-91205","726635912050"
"RLT-10992","021888109920"
"NOR-02760","768990027604"
"AVA-36105","654749361054"
"NOW-03140","733739031402"
"MBN-01259","898220012596"
"NOW-03186","733739031860"
"NOW-07730","733739077301"
"LEX-19841","737870198413"
"NOW-02550","733739025500"
"AVO-03662","381370036623"
"SDN-00374","030768003746"
"DRB-00120","753950001206"
"HOG-15091","603573150914"
"SOL-03314","033984033146"
"MGF-10108","051494101087"
"NOW-02198","733739021984"
"YOU-00300","853244003005"
"SOL-01101","033984011014"
"NOW-00143","733739001436"
"CVR-03485","696859034855"
"AUR-91129","051381911294"
"REV-11127","087992111273"
"SOL-00921","033984009219"
"NOW-00101","733739001016"
"NWY-15150","033674151501"
"JRW-11008","790011110088"
"MGF-10333","051494103333"
"JRW-14003","790011140030"
"NOW-01279","733739012791"
"NOW-07525","733739075253"
"NOW-07576","733739075765"
"NOW-07597","733739075970"
"NOW-04598","733739045980"
"NOW-00677","733739006776"
"NOW-02958","733739029584"
"FBS-02510","049479025107"
"HIM-40401","605069404013"
"GAI-99752","751063997522"
"SNS-00353","021078003533"
"CEN-21472","740985214725"
"NWY-12500","033674125007"
"DRB-00369","753950003699"
"HNI-00027","898631000274"
"CEN-21689","740985216897"
"GAI-14592","751063145923"
"CEN-22338","740985223383"
"NOW-01725","733739017253"
"NOW-02262","733739022622"
"THR-00296","693749002963"
"CEN-21464","740985214640"
"NOW-00030","733739000309"
"CLF-01687","015794016878"
"SOL-01792-30","33984017900"
"NOW-02273","733739022738"
"NOW-07675","733739076755"
"NOW-07760","733739077608"
"DME-08500","30985085006"
"NOW-00075","733739000750"
"NOW-00100","733739001009"
"ORT-05919239","05919239"
"THR-73702","693749737025"
"LEX-16761","737870167617"
"RAL-41008","038435410088"
"JRW-12018","790011120186"
"MGF-10328","051494103289"
"MGF-10327","051494103272"
"NOW-00081","733739000811"
"SOL-00235","033984002357"
"LEX-44301","359726443012"
"TWL-03732","27434037327"
"LEX-15446","737870154464"
"DNH-10075","790223100754"
"MRM-14004","609492140043"
"NOW-02622","733739026224"
"NOW-01446","733739014467"
"JRW-16001","790011160014"
"JRW-18016","790011180166"
"AUR-91114","051381911140"
"AUR-91228","051381912284"
"SOL-02714","033984027145"
"NWY-14690","033674146903"
"DRB-00081","753950000810"
"NOW-00439","733739004390"
"TRA-00200","032917002006"
"WAK-10023","023542100236"
"NOW-05993","733739059932"
"NOW-03036","733739030368"
"NOW-00265","733739002655"
"NOW-04737","733739047373"
"SNS-00968","021078009689"
"ENZ-98140","670480981405"
"NOW-03230","733739032300"
"ECL-38838","023363388387"
"SOL-03311","033984033115"
"SNS-02005","021078020059"
"NOW-01452","733739014528"
"SOL-53925","033984539259"
"SOL-01823","033984018235"
"NWY-40131","033674401316"
"SOL-01092","033984010925"
"ARG-50280","713947502802"
"NOW-01554","733739015549"
"NAP-29996","097467299962"
"CAR-01322","088395013225"
"MAV-17012","311845170125"
"ECL-38951","023363389513"
"HIM-41601","605069416016"
"SPS-90900","076635909001"
"CEN-22846","740985228463"
"MGF-10265","051494102657"
"RLT-10972","021888109722"
"NOW-06927","733739069276"
"NWY-12300","033674123003"
"SOL-02381","033984023819"
"RLT-10893","021888108930"
"BRM-00252","39978002525"
"CAN-74090","011821740907"
"DME-00445","030985004458"
"DME-00483","030985004830"
"NOW-00487","733739004871"
"NOW-01522","733739015228"
"JRW-13005","790011130055"
"RLT-12033","021888120338"
"NUT-10366","692752103667"
"NBC-00155","NBC-00155"
"CLF-01699","015794016991"
"SOL-53924","033984539242"
"NOW-03272","733739032720"
"NWY-00320","033674003206"
"NOW-04982","733739049827"
"NOW-07575","733739075758"
"KIM-02024","812325020249"
"NOW-00097","733739000972"
"NOW-02448","733739024480"
"MRM-71011","609492710116"
"RLT-10891","21888108916"
"MSC-60311","631656603118"
"DRB-00277","753950002777"
"LEX-32906","737870329060"
"SOL-03280","033984032804"
"SOL-01852","033984018525"
"DRB-00154","753950001541"
"NBH-11134","764302111344"
"BLB-00731","743715007314"
"NOW-02209","733739022097"
"NWY-15673","033674156735"
"CEN-21724","740985217245"
"NOW-07725","733739077257"
"SOL-03506","033984035065"
"NOW-04642","733739046420"
"NWY-13708","033674137086"
"HPI-08762","083502087625"
"NOW-03017","733739030177"
"NEL-09657","016185096578"
"NOW-04748","733739047489"
"NOW-03062","733739030627"
"SFD-10021","803813100215"
"NRT-17243","074312172434"
"SOL-00280","033984002807"
"FPI-05771","633422057712"
"HTC-00016","180616000165"
"HOG-88232","603573882327"
"MCL-01026","813006010269"
"BAR-30002","705875300025"
"GGR-00220","899696002203"
"ADN-02002","859975020021"
"SOL-02051","033984020511"
"EUR-26102","367703261023"
"SOL-59433","033984594333"
"SOL-34845","033984348455"
"CEN-27503","740985275030"
"PUA-50512","013886710017"
"NOW-03046","733739030467"
"OPN-02452","748927024524"
"NOW-00342","733739003423"
"NOW-00165","733739001658"
"NOW-00157","733739001573"
"NOW-00083","733739000835"
"PUA-50931","646448509318"
"SPS-90480","076635904808"
"JRW-20027","790011200277"
"CAR-01526","088395015267"
"CDL-11100","608274111004"
"JRW-29018","790011290186"
"NOW-03024","733739030245"
"NOW-07717","733739077172"
"NOW-00082","733739000828"
"NOW-01676","733739016768"
"NOW-00458","733739004581"
"CLF-01037","015794010371"
"NOW-00422","733739004222"
"NOW-00064","733739000644"
"NOW-01682","733739016829"
"NOW-01683","733739016836"
"NOW-01743","733739017437"
"NOW-02702","733739027023"
"NOW-02960","733739029607"
"NOW-03797","733739037978"
"NOW-04686","733739046864"
"NOW-04687","733739046871"
"NOW-04734","733739047342"
"YUE-00101","890146001012"
"NTL-16107","047469161071"
"HED-00231","814599002310"
"DME-00475","30985004755"
"ECL-38819","23363388196"
"ECL-10214","23363102143"
"SOL-02772","033984027725"
"NOW-07734","733739077349"
"DME-00725","030985007251"
"DRB-00312","753950003125"
"HOG-35016","603573350161"
"ECL-30167","023363301676"
"MAV-13631","311845136312"
"THR-52601","693749526018"
"LEX-14921","737870149217"
"CAR-01391","088395013911"
"SOL-02319","033984023192"
"SOR-02130","076280021301"
"CLF-08196","015794081968"
"LEX-19926","737870199267"
"DAD-00093","858394000935"
"SOL-02761","033984027619"
"DRB-00228","753950002289"
"PMA-00404","856420004049"
"NOW-03282","733739032829"
"GOL-11591","658010115919"
"GOL-11418","658010114189"
"BAB-05299","679234052996"
"BLB-00372","743715003729"
"NOW-06957","733739069573"
"NOW-07680","733739076809"
"NOW-00166","733739001665"
"NOW-03155","733739031556"
"SOL-59196","033984591967"
"NOW-00377","733739003775"
"ATS-00092","870001000923"
"SOL-00958","033984009585"
"NWY-60193","033674601938"
"ATK-07528","637480075282"
"NFS-01292","068958012926"
"SNS-00779","021078007791"
"ELF-81602","609332816022"
"LEX-17781","737870177814"
"NOW-08088","733739080882"
"HOG-15341","603573153410"
"HOG-15308","603573153083"
"SOR-04514","076280045147"
"REN-35555","631257355553"
"NWY-06860","033674068601"
"CEN-27519","740985275191"
"OOA-00122","856044001226"
"SPT-93451","22506934511"
"HIM-42201","2999000030461"
"NOW-02922","733739029225"
"NTL-04458","047469044589"
"HOG-67007","603573670078"
"NWY-10700","033674107003"
"BLB-01241","743715012417"
"NOW-03357","733739033574"
"NWY-14850","033674148501"
"NOW-02172","733739021724"
"MBM-00304","838287003045"
"PES-00379","766298003795"
"CGN-01251","898220012510"
"AVA-35811","654749358115"
"SNS-00823","021078008231"
"NOW-00206","733739002068"
"NOW-00493","733739004932"
"SOL-01162","033984011625"
"JRW-03023","790011030232"
"PTF-10624","021078106241"
"ORT-694427","4260022694427"
"NOR-01672","768990016721"
"AVO-01941","381371019410"
"SNS-00620","021078006206"
"DRB-00197","753950001978"
"BLB-00933","743715009332"
"MBM-00612","838287006121"
"SDN-00325","030768003258"
"NRT-35710","074312357107"
"SNS-01131","021078011316"
"SOL-04111","033984041110"
"DNH-10068","790223100686"
"SNS-02153","021078021537"
"JRW-22014","790011220145"
"NWY-15335","033674153352"
"NOW-03373","733739033734"
"NOW-06966","733739069665"
"NWY-14932","033674149324"
"HYA-00021","858259000216"
"*SOL-00102-60","33984001015"
"NTL-05238","047469052386"
"PES-00097","766298000978"
"SOL-01280","033984012806"
"NSW-22022","613405220227"
"SOL-01151","033984011519"
"SOL-01039","033984010390"
"ARG-52240","713947522404"
"CGN-00964","898220009640"
"AUR-91139","051381911393"
"NOW-06512","733739065124"
"MAN-00152","895015001520"
"REA-00234","859569002341"
"APF-00042","896996000427"
"GOL-11367","658010113670"
"SOL-03180","033984031807"
"BIR-00022","897618000221"
"NOW-00065","733739000651"
"NBC-01050","728177010508"
"NWY-15388","033674153888"
"NBC-01016","728177010164"
"HYL-29114","354973291140"
"OPN-02861","748927028614"
"NOW-00692","733739006929"
"NWY-15789","033674157893"
"JRW-21011","790011210115"
"SOR-02170","076280021707"
"SOR-01430","076280014303"
"AUR-91130","051381911300"
"SOL-04139","033984041394"
"APF-00010","896996000106"
"SOR-62754","076280627541"
"SOL-00962-60","33984009615"
"SOL-01356-30","33984013551"
"NFS-35501","068958355016"
"DRB-00265","753950002654"
"NTA-00580","083000005800"
"JRW-30005","790011300052"
"DRB-00279","753950002791"
"NDM-02927","031604029272"
"XLB-00295","892327002955"
"CBD-30006","086449300062"
"BLB-00928","743715009288"
"CEN-27116","740985271162"
"NOW-02967","733739029676"
"SNS-00226","021078002260"
"CEN-27087","740985270875"
"NWY-14155","033674141557"
"NOW-00155","733739001559"
"DME-00465","030985004656"
"NOW-00438","733739004383"
"SOL-00720","033984007208"
"NOW-01783","733739017833"
"GOL-12013","658010120135"
"SOL-01342","033984013421"
"JRW-24002","790011240020"
"NOW-06295","733739062956"
"SOL-00058","033984000582"
"CEN-27302","740985273029"
"SOL-02267","033984022676"
"JRW-16056","790011160564"
"SOR-08378","076280083781"
"GGR-00221","899696002210"
"NWY-40461","033674404614"
"LIL-00603","027917006031"
"SNS-01483","021078014836"
"NAO-53950","716514539508"
"CLF-04450","015794044505"
"SOL-00561","33984005617"
"CEN-22251","740985222515"
"PAL-04070","010181040702"
"FBS-20726","049479207268"
"JRW-07002","790011070023"
"CAR-01301","088395013010"
"NOW-06979","733739069795"
"SOR-04599","076280045994"
"LEX-19391","737870193913"
"NOW-02171","733739021717"
"SOR-39151","076280391510"
"NOW-03367","733739033673"
"ALB-00810","724742008109"
"APF-00036","896996000366"
"JRW-15009","790011150091"
"JRW-30004","790011300045"
"SNS-02237","021078022374"
"NOW-06211","733739062116"
"RLT-10981","021888109814"
"NOW-00084","733739000842"
"JRW-20039","790011200390"
"SOR-08252","076280082524"
"DIC-00030","052651000304"
"JRW-16018","790011160182"
"KIM-02007","812325020072"
"CVR-03491","696859034916"
"NWY-06973","033674069738"
"SOL-01206","033984012066"
"GIO-12008","716237120083"
"SNS-01794","021078017943"
"REV-11245","087992112454"
"DES-22053","718334220536"
"SOL-03261","033984032613"
"NOW-02912","733739029126"
"NOW-03369","733739033697"
"NOW-03259","733739032591"
"DRB-00029","753950000292"
"NOW-00051","733739000514"
"NOW-00160","733739001603"
"THO-19535","031315195358"
"SOL-00315","033984003156"
"CEN-27438","740985274385"
"NOW-01613","733739016133"
"NOW-00501","733739005014"
"TMR-00054","878941000546"
"NOW-03338","733739033383"
"PES-00100","766298001005"
"NOW-01295","733739012951"
"NWY-14600","033674146002"
"AMH-03233","076630032339"
"CLF-01682","015794016823"
"SOL-00516","033984005167"
"SNS-02554","021078025542"
"NDM-04047","031604040475"
"AUR-91125","051381911256"
"NAP-29964","097467299641"
"NOR-02720","768990027208"
"SOL-01249","033984012493"
"WOR-59013","726899590131"
"NOW-03041","733739030412"
"LEX-19021","737870190219"
"NHI-01001","732894010017"
"CDL-10500","608274105003"
"NOW-08190","733739081902"
"NWY-12900","033674129005"
"DRB-00098","753950000988"
"NUT-10555","692752105555"
"NWY-14636","033674146361"
"HOG-35063","603573350635"
"NOW-06669","733739066695"
"WDN-12594","716123125949"
"NOW-06955","733739069559"
"NOW-00073","733739000736"
"NWY-63100","033674631003"
"BAL-78004","674756780044"
"NFS-04655","068958046556"
"NWY-16100","033674161005"
"PAL-04165","010181041655"
"DRB-00249","753950002494"
"SNS-01590","021078015901"
"WAK-10232","023542102322"
"PAL-04031","010181040313"
"CAR-00554","088395005541"
"BIT-53000","733530530005"
"SNS-00758","021078007586"
"NDM-02657","031604026578"
"CGN-00871","898220008711"
"JAS-61847","078522618478"
"NWY-15416","033674154168"
"LEX-16743","737870167433"
"HOG-36467","603573364670"
"NOW-00067","733739000675"
"NDM-01470","031604014704"
"NOW-06509","733739065094"
"SNS-00149","021078001492"
"NOW-03170","733739031709"
"JRW-20005","790011200055"
"HOG-15318","603573153182"
"NRT-15061","074312150616"
"HOG-35072","603573350727"
"SOR-04797","076280047974"
"CEN-22874","740985228746"
"NWY-12700","033674127001"
"NWY-13108","033674131084"
"CEN-27313","740985273135"
"SOL-01132","33984011328"
"NWY-15797","033674157978"
"NFS-01635","068958016351"
"OPN-02638","748927026382"
"NOW-00217","733739002174"
"LEX-21151","737870211518"
"SOL-30721","033984307216"
"NWY-10336","033674103364"
"NWY-10337","033674103371"
"CAR-00349","088395003493"
"CAR-00771","088395007712"
"NFS-01400","068958014005"
"JRW-12028","790011120285"
"CEN-22433","740985224335"
"CEN-21024","740985210246"
"CEN-22294","740985222942"
"CEN-22383","740985223833"
"CEN-21002","740985210024"
"CEN-21225","740985212257"
"CEN-21190","740985211908"
"THO-19585","031315195853"
"SNS-00445","021078004455"
"SNS-00834","021078008347"
"THO-19555","031315195556"
"TWL-00616","27434006163"
"CEN-22563","740985225639"
"SOL-53596","033984535961"
"SNS-01860","021078018605"
"SNS-00413","021078004134"
"SDN-12608","030768126087"
"SOL-01959","033984019591"
"CEN-21364","740985213643"
"CEN-22849","740985228494"
"CEN-22550","740985225509"
"NWY-40480","033674404805"
"SOL-01860","033984018600"
"NRT-00640","074312006401"
"SNS-00407","021078004073"
"NWY-40411","033674404119"
"SNS-00933","021078009337"
"NTA-26107","083000261077"
"NTA-26110","083000261107"
"NOW-00452","733739004529"
"NRT-02871","074312028717"
"THO-19141","031315191411"
"CEN-22282","740985222829"
"CEN-22668","740985226681"
"CEN-22342","740985223420"
"NLI-00136","040647001367"
"THR-10403","693749104032"
"NOW-00428","733739004284"
"THR-10603","693749106036"
"THR-11203","693749112037"
"CDL-13000","608274130005"
"NTA-26132","083000261329"
"NOW-00370","733739003706"
"NOW-00371","733739003713"
"DDP-00011","851228000118"
"CEN-27495","740985274958"
"CDL-10200","608274102002"
"NWY-15431","033674154311"
"CEN-27493","740985274934"
"CEN-27520","740985275207"
"CEN-27522","740985275221"
"THO-19185","031315191855"
"HOG-15315","603573153151"
"NTL-05508","047469055080"
"CEN-27292","740985272923"
"ZAN-00014","041954000142"
"ZAN-00013","041954000135"
"NTL-04291","047469042912"
"NRT-15606","074312156069"
"NTL-00864","047469008642"
"HOG-15374","603573153748"
"CEN-27416","740985274163"
"HOG-15305","603573153052"
"VBH-80041","074306800411"
"HOG-15334","603573153342"
"CEN-27403","740985274033"
"CEN-27504","740985275047"
"ARG-55990","713947559905"
"NTB-21260","047868212602"
"IRW-26301","710363263010"
"GOL-11375","658010113755"
"GOL-11333","658010113335"
"GOL-11668","658010116688"
"NAP-04338","097467043381"
"SNS-00554","021078005544"
"JRW-14087","790011140870"
"NOW-01434","733739014344"
"HIM-42401","605069424011"
"NOW-00690","733739006905"
"NLI-00151","040647001510"
"SOL-00920","033984009202"
"SNS-01870","021078018704"
"NAP-73262","97467732629"
"JRW-13008","790011130086"
"NWY-40110","033674401101"
"SNS-00825","021078008255"
"FLO-61435","061998614358"
"NFS-39183","5425010391835"
"PAR-77719","601944777197"
"AMH-04293","076630042932"
"NFS-01678","068958016788"
"BLB-00701","743715007017"
"MCL-01028","813006010283"
"BAR-10026","705875100267"
"SNS-01521","021078015215"
"NFS-04930","068958049304"
"JRW-56001","790011560012"
"NWY-14162","033674141625"
"SDN-12508","030768125080"
"NFS-04532","068958045320"
"SNS-00016","021078000167"
"SNS-01450","021078014508"
"HIM-42701","605069427012"
"SNS-00524","021078005247"
"JRW-29024","790011290247"
"NEL-09664","016185096646"
"NWY-15603","033674156032"
"HIM-41001","605069410014"
"CLF-04947","015794049470"
"IRW-56689","710363566890"
"CEN-27306","740985273067"
"JRW-29052","790011290520"
"TWL-03207","TWL-03207_1"
"NOW-00322","733739003225"
"BLB-00316","743715003163"
"RLT-11342","021888113422"
"RLT-80021","021888800216"
"RLT-10971","21888109715"
"GOL-11402","658010114028"
"THR-01504","693749015048"
"GOL-11392","658010113922"
"NDM-02749","31604027490"
"NWY-45130","033674451304"
"NFS-01573","068958015736"
"TWL-00918","27434009188"
"NOW-03325","733739033253"
"DRB-00311","753950003118"
"HOG-57888","603573578886"
"HOG-57885","603573578855"
"SNS-01816","021078018162"
"ZAN-02092","041954020928"
"SNS-00388","021078003885"
"NOW-03356","733739033567"
"NBB-41597","371400415979"
"NTL-05744","047469057442"
"SNS-01961","021078019619"
"NOW-03055","733739030559"
"HOG-57773","603573577735"
"EMT-07766","763948077663"
"HIM-41301","605069413015"
"LEX-17009","737870170099"
"DRB-00157","753950001572"
"DRB-00264","753950002647"
"DRB-00069","753950000698"
"DRB-00332","753950003323"
"SOL-00916","033984009165"
"SOL-00933","33984009332"
"JRW-15032","790011150329"
"NOW-00208","733739002082"
"SNS-01799","021078017998"
"DRB-00156","753950001565"
"NAP-01116","097467011168"
"NAS-00023","649191000231"
"NWY-15897","033674158975"
"GOL-11403","658010114035"
"HOG-25160","603573251604"
"JRW-29043","790011290438"
"JRW-33002","790011330028"
"NOW-02632","733739026323"
"NOW-02964","733739029645"
"DRB-00231","753950002319"
"DRB-00047","753950000476"
"SNS-00969","021078009696"
"ENZ-29010","670480290101"
"NOW-02954","733739029546"
"NFS-01750","068958017501"
"SNS-01454","021078014546"
"SNS-00676","021078006763"
"NWY-11850","033674118504"
"NFS-01749","068958017495"
"SNS-02017","021078020172"
"SNS-00177","021078001775"
"NOR-30120","768990301209"
"NOR-30124","768990301247"
"RLT-10544","021888105441"
"SNS-02488","021078024880"
"AMH-50105","076630501057"
"RLT-10542","021888105427"
"RLT-12002","021888120024"
"NWY-60510","033674605103"
"NRT-27602","074312276026"
"NRT-27800","074312278006"
"NOR-02790","768990027901"
"NOW-01626","733739016263"
"NOW-01625","733739016256"
"NOR-01748","768990017483"
"NOR-01741","768990017414"
"NOR-57885","768990578854"
"NOR-57785","768990577857"
"NTL-04040","047469040406"
"CEN-27129","740985271292"
"NOW-01686","733739016867"
"CAR-01571","088395015717"
"NOR-01745","768990017452"
"NWY-15405","033674154052"
"CAR-01653","088395016530"
"CLF-08039","015794080398"
"HIM-00511","605069005111"
"HFC-00047","650786000475"
"JRW-29012","790011290124"
"THR-76902","693749769026"
"JRW-56003","790011560036"
"JRW-14028","790011140283"
"NOW-04612","733739046123"
"AZQ-00304","898220003044"
"AZQ-00305","898220003051"
"AZQ-00301","898220003013"
"NFS-39182","5425010391828"
"JRW-21010","790011210108"
"SYM-01013","647303010130"
"NWY-14508","033674145081"
"NLI-00231","040647002319"
"NAP-03950","097467039506"
"NOW-03075","733739030757"
"NOW-03076","733739030764"
"SNS-02020","021078020202"
"SNS-01310","021078013105"
"SNS-00534","021078005346"
"NAP-04500","097467045002"
"SOL-00120","033984001206"
"HHE-17907","318858179077"
"JRW-03024","790011030249"
"CLF-01612","015794016120"
"NUR-00357","027917003573"
"HOG-55518","603573555184"
"NUR-00112","027917001128"
"CTL-36404","049100364049"
"NOW-02910","733739029102"
"HOG-35082","603573350826"
"NAP-29969","097467299696"
"JRW-03020","790011030201"
"JRW-15043","790011150435"
"NOW-00111","733739001115"
"NOW-03013","733739030139"
"NOW-03022","733739030221"
"MCL-01318","813006013185"
"HOG-72876","603573728762"
"CEN-22928","740985229286"
"NOW-03014","733739030146"
"HOG-72878","603573728786"
"JRW-15061","790011150619"
"SNS-01980","021078019800"
"SNS-01984","021078019848"
"JRW-03029","790011030294"
"NWY-14243","033674142431"
"NFS-03585","068958035857"
"NFS-35711","068958357119"
"EUC-63382","072140633820"
"NFS-03550","068958035505"
"EUC-63626","072140636265"
"HOG-84928","603573849283"
"HOG-84916","603573849160"
"HOG-84913","603573849139"
"NHI-03518","732894035188"
"NHI-03513","732894035133"
"HOG-41373","603573413736"
"NHI-03508","732894035089"
"JRW-16010","790011160106"
"SNS-02083","021078020837"
"NOW-01731","733739017314"
"NOW-01718","733739017185"
"JRW-16047","790011160472"
"NTA-26131","083000261312"
"DRB-00082","753950000827"
"DRB-00272","753950002722"
"NOW-03341","733739033413"
"NWY-16758","033674167588"
"QLL-00002","812259000027"
"NOW-03267","733739032676"
"SNS-01858","021078018582"
"NOW-07590","733739075901"
"JRW-14051","790011140511"
"NSI-24560","726511245609"
"CEN-22848","740985228487"
"NFS-02056","068958020563"
"THR-80303","693749803034"
"NOW-03317","733739033178"
"NOW-03316","733739033161"
"PTF-10156","021078101567"
"AMH-02941","076630029414"
"SNS-01356","021078013563"
"NOW-04632","733739046321"
"NFS-04942","068958049427"
"SNS-01030","021078010302"
"NFS-04630","068958046303"
"SSV-50001","684088500012"
"NWY-15361","033674153611"
"SSV-23234","684088232340"
"PAL-04173","010181041730"
"LEX-92512","737870925125"
"LEX-92012","737870920120"
"CLF-06003","015794060031"
"HOG-41339","603573413392"
"JRW-15039","790011150398"
"HOG-41333","603573413330"
"HEC-31901","765704319017"
"JRW-15066","790011150664"
"SNS-01283","021078012832"
"NWY-03550","358008035501"
"JRW-29004","790011290049"
"DRB-00085","753950000858"
"NFS-02835","068958028354"
"NFS-02836","068958028361"
"SNS-00270","021078002703"
"NWY-10008","033674100080"
"JRW-29044","790011290445"
"NAP-01080","097467010802"
"HEC-51926","765704519264"
"LEX-15711","737870157113"
"WOR-59083","726899590834"
"ABR-31003","021204310030"
"NOW-03157","733739031570"
"DRB-00370","753950003705"
"DRB-00192","753950001923"
"JRW-12025","790011120254"
"SOL-01675","033984016750"
"SOL-01677","033984016774"
"CLF-01502","015794015024"
"THR-41502","693749415022"
"SNS-01362","021078013624"
"CLF-05104","015794051046"
"NLI-00117","040647001176"
"SOL-01053","033984010536"
"THR-00469","693749004691"
"NOW-03348","733739033482"
"NAP-04370","097467043701"
"SNS-01944","021078019442"
"LEX-17906","737870179061"
"NWY-15133","033674151334"
"SNS-01497","021078014973"
"SNS-01254","021078012542"
"MRM-22003","609492220035"
"NOW-02126","733739021267"
"SNS-01295","021078412953"
"FBS-00103","049479001033"
"NOR-01720","768990017209"
"SNS-01711","021078017110"
"NOW-03229","733739032294"
"NAP-29999","097467299993"
"GOL-11387","658010113878"
"DRB-00358","753950003583"
"REA-97864","REA-97864"
"CEN-27290","740985272909"
"NOW-03238","733739032386"
"LEX-33510","737870335108"
"CLF-01665","015794016656"
"NOW-03283","733739032836"
"REA-00248","859569002488"
"REA-37217","094922372178"
"JRW-29051","790011290513"
"CAR-01302","088395013027"
"NOW-02455","733739024558"
"NOW-02460-1","7337390246021"
"LEX-45410","737870454106"
"BLB-01202","743715012028"
"NHI-01006","732894010062"
"CAR-01353","088395013539"
"NOR-58785","768990587856"
"NOW-04768","733739047687"
"NOR-53785","768990537851"
"NOR-58783","768990587832"
"HEC-50301","765704503010"
"NOR-54785","768990547850"
"NHI-01004","732894010048"
"NTL-00502","047469005023"
"SNS-00639","021078006398"
"SNS-01416","021078014164"
"SNS-00705","021078007050"
"HFC-00004","650786000048"
"SOL-02401","033984024014"
"SOL-03281","033984032811"
"SOL-03301","033984033016"
"SNS-01104","021078011040"
"NOW-07215","733739072153"
"EMT-07480","763948074808"
"THR-66001","693749660019"
"JRW-29049","790011290490"
"NFS-02831","068958028316"
"GAI-14576","751063145763"
"DRB-00331","753950003316"
"ECL-31900","ECL-31900"
"COC-09420","075707094201"
"NOW-03175","733739031754"
"NUC-95100","95234951006"
"ACO-00220","854049002200"
"HFK-10125","701619101255"
"THO-19250","031315192500"
"NOW-03291","733739032911"
"NOW-03226","733739032263"
"SNS-00709","021078007098"
"CAR-01393","088395013935"
"LEX-52210","737870522102"
"NOW-01744","733739017444"
"JRW-19019","790011190196"
"NTA-26180","083000261800"
"IRW-26356","710363263560"
"IRW-58135","710363581350"
"NOW-03021","733739030214"
"HOG-77333","603573773335"
"TWL-01224","027434012249"
"TWL-01206","27434012065"
"NFS-01020","068958010205"
"SOL-01570","33984015708"
"BAR-00016","705875000161"
"FBS-02504","049479025046"
"NFS-02212","068958022123"
"NTL-00969","047469009694"
"NAP-29921","097467299214"
"HNP-68356","613098683569"
"NWY-10255","033674102558"
"NWY-15905","033674159057"
"SNS-01560","021078015604"
"LEX-33006","737870330066"
"NTL-05964","047469059644"
"CEN-27287","740985272879"
"NAP-33648","097467336483"
"MAV-14031","311845140319"
"NAP-33649","097467336490"
"LFH-42535","645951425351"
"NOW-07736","733739077363"
"NOW-01229","733739012296"
"JRW-04805","790011048053"
"THR-52002","693749520023"
"LEX-15241","737870152415"
"CAR-07925","088395079252"
"JRW-04003","790011040033"
"JRW-15004","790011150046"
"SNS-01598","021078015987"
"NLI-51230","040647512306"
"CAR-06885","088395068850"
"CEN-21062","740985210628"
"TWL-00141","027434001410"
"SOL-01682","033984016828"
"SOL-01681","033984016811"
"LEX-16781","737870167815"
"NOW-01220","733739012203"
"DRB-00245","753950002456"
"NWY-15839","033674158395"
"SOL-35833","033984358331"
"SOL-35832","033984358324"
"JRW-04806","790011048060"
"NOW-00066","733739000668"
"SOL-00501","033984005013"
"SOL-00505","033984005051"
"ADN-00230","859975002300"
"NOW-01298","733739012982"
"THR-27202","693749272021"
"LEX-17261","737870172611"
"SOL-59205-d-1","SOL-59205-d-1"
"EMT-07810","763948078103"
"AVA-35810","654749358108"
"SOL-00510","033984005105"
"EMT-01151","763948011513"
"LEX-17271","737870172710"
"SNS-00967","021078009672"
"NFS-03540","068958035406"
"JRW-07001","790011070016"
"NOW-01277","733739012777"
"SNS-02100","021078021001"
"SNS-00170","021078001706"
"ARG-50240","713947502406"
"CLF-02687","015794026877"
"NOW-01266","733739012661"
"NOW-01267","733739012678"
"RLT-10952","021888109524"
"JRW-02001","790011020011"
"NOW-00068","733739000682"
"NFS-02815","068958028156"
"CAR-06770","088395067709"
"ARG-55960","713947559608"
"NOW-00185","733739001856"
"BLB-00065","743715000650"
"SNS-01570","021078015703"
"EUR-26106","367703261061"
"BLB-00735","743715007352"
"NLI-20366","040647203662"
"NOW-00260","733739002600"
"THR-22202","693749222026"
"CLF-02481","015794024811"
"CLF-02489","015794024897"
"CLF-02604","015794026044"
"SNS-00166","021078001669"
"CLF-02971","015794029717"
"CLF-02486","015794024866"
"SNS-02069","021078020691"
"NFS-03579","068958035796"
"SNS-01281","021078012818"
"LEX-13330","737870133308"
"BLB-00087","743715000872"
"THR-51102","693749511021"
"JRW-15041","790011150411"
"NTL-05234","047469052348"
"SNS-01842","021078018421"
"SNS-01279","021078012795"
"DRB-00200","753950002005"
"LEX-03815","737870038153"
"SOL-00150","033984001503"
"SOL-00161","033984001619"
"CLF-01026","15794010265"
"CAR-06731","088395067310"
"SOL-00142","033984001428"
"LEX-16242","737870162421"
"BLB-00038","743715000384"
"NOW-00078","733739000781"
"NOW-01281","733739012814"
"DRB-00136","753950001367"
"DRB-00359","753950003590"
"SNS-01565","021078015659"
"NOW-01276","733739012760"
"JRW-15052","790011150527"
"SNS-02297","021078022978"
"SNS-01563","021078015635"
"SNS-01585","021078015857"
"SNS-02295","021078022954"
"APF-00005","896996000052"
"SNS-00187","SNS-00187"
"CEN-22777","740985227770"
"JRW-15001","790011150015"
"CLF-01456","015794014560"
"LEX-17406","737870174066"
"SNS-01600","021078016007"
"THR-51403","693749514039"
"SNS-00535","021078005353"
"NLI-00659","040647006591"
"NRT-05535","074312055355"
"CEN-27072","740985270721"
"NRT-53086","074312530869"
"TWL-01023","027434010238"
"TWL-01021","027434010214"
"CAR-05222","088395052224"
"CAR-05202","088395052026"
"NOW-01283","733739012838"
"NOW-08110","733739081100"
"NOW-03214","733739032140"
"LEX-16816","737870168164"
"SNS-01636","021078016366"
"SNS-01721","021078017219"
"SNS-01833","021078018339"
"SNS-00163","021078001638"
"NOW-00094","733739000941"
"DRB-00110","753950001107"
"NOW-00091","733739000910"
"JRW-15035","790011150350"
"CLF-02686","015794026860"
"LEX-16711","737870167112"
"JRW-15046","790011150466"
"CLF-02495","015794024958"
"JRW-15012","790011150121"
"SOL-01754","033984017542"
"THR-51902","693749519027"
"BLB-00672","743715006720"
"THR-51802","693749518020"
"BLB-00673","743715006737"
"NWY-15429","033674154298"
"SOL-01322","033984013223"
"NWY-15427","033674154274"
"EUR-18299","367703182991"
"SNS-01606","021078016069"
"EUR-18290","367703182908"
"NOW-01454","733739014542"
"BLB-00049","743715000490"
"NAP-03371","097467033719"
"ARG-50610","713947506107"
"DDP-00005","851228000057"
"DDP-00009","851228000095"
"CAR-01280","088395012808"
"CAR-01270","088395012709"
"CAR-01402","088395014024"
"HOG-15313","603573153137"
"NOW-00225","733739002259"
"CAR-06835","088395068355"
"LEX-16691","737870166917"
"HOG-15376","603573153762"
"HOG-15353","603573153533"
"HOG-15378","603573153786"
"HOG-15337","603573153373"
"HOG-15356","603573153564"
"EUR-11790","367703117900"
"SNS-01605","021078016052"
"CLF-01230","015794012306"
"THR-51202","693749512028"
"NOW-00357","733739003577"
"NOW-00358","733739003584"
"NOW-00376","733739003768"
"NDY-62223","761584622230"
"SOL-54956","033984549562"
"SOL-03321","033984033214"
"DRB-00133","753950001336"
"DRB-00251","753950002517"
"HOG-35090","603573350901"
"HOG-35069","603573350697"
"NOW-03045","733739030450"
"AUB-01097","749985010979"
"SNS-00167","021078001676"
"SOL-03319","033984033191"
"NOW-00103","733739001030"
"SNS-02003","021078020035"
"SNS-00186","021078001867"
"JAS-33003","078522330035"
"SBLU-560748-дубль","896116001136"
"GOL-11590","658010115902"
"GOL-11771","658010117715"
"GOL-11395","658010113953"
"BLB-00175","743715001756"
"SNS-00684","021078006848"
"LEX-45706","737870457060"
"SNS-02054","021078020547"
"SNS-01551","021078015512"
"SNS-02043","021078020431"
"SOL-03481","033984034815"
"SOL-03521","033984035218"
"SOL-01601","033984016019"
"NOW-00930","733739009302"
"NOW-00920","733739009203"
"NOW-00839","733739008398"
"NOW-00936","733739009364"
"HOG-15145","603573151454"
"HOG-15150","603573151508"
"HOG-15155","603573151553"
"NTL-00312","047469003128"
"NTL-04472","047469044725"
"NTL-00307","47469003074"
"CLF-01651","015794016519"
"LEX-14006","737870140061"
"SOL-00056","33984000568"
"SNS-01504","021078015048"
"LEX-40706","737870407065"
"SNS-01743","021078017431"
"NFS-04538","068958045382"
"NFS-04544","068958045443"
"CEN-27310","740985273104"
"CEN-27384","740985273845"
"SNS-00184","021078001843"
"NAP-30841","097467308411"
"FLO-67902","061998679029"
"JRW-12026","790011120261"
"NWY-40211","033674402115"
"MRM-81007","609492810076"
"BLB-00612","743715006126"
"CLF-07832","015794078326"
"CLF-07902","15794079026"
"NWY-15542","033674155424"
"NOW-01444","733739014443"
"RLT-10695","021888106950"
"CEN-27343","740985273432"
"CEN-22690","740985226902"
"THR-00345","693749003458"
"EMT-05229","763948052295"
"RLT-10693","021888106936"
"RLT-11343","021888113439"
"BLB-00670","743715006706"
"BLB-00726","743715007260"
"SNS-01456","021078014560"
"TWL-01018","027434010184"
"NWY-15898","033674158982"
"NAP-03093","097467030930"
"NRT-01603","074312016035"
"NRT-41383","074312413834"
"CAR-05580","088395055805"
"CAR-05572","088395055720"
"NAP-30930","097467309302"
"JRW-13013","790011130130"
"LEX-16771","737870167716"
"GOL-11376","658010113762"
"RLT-80011","021888800117"
"FLO-14770","079651147709"
"NTA-26173","083000261732"
"REN-15660","631257156600"
"NFS-04635","068958046358"
"GOL-11769","658010117692"
"NAP-29947","097467299474"
"NAP-29948","097467299481"
"GOL-11767","658010117678"
"NAP-04480","097467044807"
"NWY-15252","033674152522"
"NOW-03069","733739030696"
"SNS-01882","021078018827"
"EMT-04213","763948042135"
"LIF-29033","053232290336"
"NAP-07305","097467073050"
"SNS-00076","021078000761"
"DRB-00362","753950003620"
"NWY-15268","033674152683"
"NRT-04544","074312045448"
"BAR-10016","705875100168"
"GOL-11765","658010117654"
"GOL-11369","658010113694"
"NWY-61600","033674616000"
"NAP-01092","097467010925"
"GOL-11420","658010114202"
"GOL-11419","658010114196"
"GOL-11368","658010113687"
"GOL-11370","658010113700"
"SNS-01919","021078019190"
"NOW-01426","733739014269"
"SOL-00878","033984008786"
"SOL-01365","33984013650"
"SNS-00516","021078005162"
"SNS-00107","021078001072"
"SNS-00108","021078001089"
"SNS-00364","021078003649"
"NWY-41021","033674410219"
"NWY-41031","033674410318"
"LEX-15046","737870150466"
"BAR-00003","705875000031"
"CLF-08194","015794081944"
"ENZ-25112","670480251126"
"ENZ-29090","670480290903"
"ENZ-25110","670480251102"
"FLO-61960","061998619605"
"FLO-61958","061998619582"
"FLO-61972","061998619728"
"SOL-00063","033984000636"
"SNS-01043","021078010432"
"FBS-00115","049479001156"
"LEX-18253","737870182535"
"NTL-00970","047469009700"
"NFS-01849","068958018492"
"SDN-07584","030768075842"
"MGF-10268","051494102688"
"MGF-10106","051494101063"
"NLI-90667","040647906679"
"NRT-31644","074312316449"
"NRT-02610","074312026102"
"CAR-01642","088395016424"
"CAR-01540","088395015403"
"CAR-01545","088395015458"
"CAR-01712","088395017124"
"CAR-01802","088395018022"
"CAR-01473","088395014734"
"CAR-01552","088395015526"
"CAR-01522","088395015229"
"ARG-51020","713947510203"
"ARG-76220","713947762206"
"RLT-35142","021888351428"
"SNS-00575","021078005759"
"SNS-00578","021078005780"
"NFS-01035","068958010359"
"EMT-10751","354022107514"
"YUV-00164","899105001643"
"CSR-01760","747889017605"
"IRW-58134","710363581343"
"IRW-57986","710363579869"
"MAV-14911","311845149114"
"DRB-00171","753950001718"
"NOW-03353","733739033536"
"NOW-03358","733739033581"
"CLF-07317","015794073178"
"SNS-02293","021078022930"
"HOG-23694","603573236946"
"LEX-20313","737870203131"
"JRW-20040","790011200406"
"JRW-14083","790011140832"
"SOL-02336","033984023369"
"NWY-15611","033674156117"
"SOL-01221","033984012219"
"SNS-00216","021078002161"
"MAV-06991","311845069917"
"EMT-05836","763948058365"
"NFS-04527","068958045276"
"NTA-26179","083000261794"
"NTA-26177","083000261770"
"NAT-00160","691546001608"
"HIM-02201","605069022019"
"JRW-13017","790011130178"
"JRW-13015","790011130154"
"FBS-00108","049479001088"
"NOW-01492","733739014924"
"NTA-16308","083000163081"
"GAI-39950","751063399500"
"NOW-05978","733739059789"
"NOW-03030","733739030306"
"NOW-05966","733739059666"
"NOW-05980","733739059802"
"NOW-05982","733739059826"
"NWY-10150","033674101506"
"NWY-14282","033674142820"
"NWY-00930","033674009307"
"NWY-00900","033674009000"
"NTA-16114","083000161148"
"CLF-09123","015794091233"
"NWY-14928","033674149287"
"GOL-11366","658010113663"
"AMH-03634","076630036344"
"BAR-10018","705875100182"
"NRT-07373","074312073731"
"SNS-01143","021078011439"
"CEN-21828","740985218280"
"NFS-02356","068958023564"
"NFS-02365","068958023656"
"NAP-04678","097467046788"
"CEN-27024","740985270240"
"NWY-15354","033674153543"
"NWY-14663","033674146637"
"SNS-00884","021078008842"
"NWY-12408","033674124086"
"NAP-03430","097467034303"
"NWY-00413","033674004135"
"NWY-61300","033674613009"
"NWY-12208","033674122082"
"THR-00341","693749003410"
"NWY-00417","033674004173"
"NWY-00415","033674004159"
"NFS-01611","068958016115"
"BLB-00711","743715007116"
"RLT-20211","021888202119"
"NWY-62700","033674627006"
"NTA-16425","083000164255"
"NTA-16322","083000163227"
"PAR-77743","601944777432"
"PAR-77716","601944777166"
"LEX-17086","737870170860"
"NHB-44378","041954443789"
"SOL-02327","033984023277"
"CLF-02555","015794025559"
"NOW-04746","733739047465"
"NOW-04662","733739046628"
"NOW-04840","733739048400"
"NOW-04850","733739048509"
"MRM-71030","609492710307"
"ARG-50230","713947502307"
"SOL-50380","033984503809"
"SOL-00558","33984005587"
"NOW-03005","733739030054"
"NWY-15384","033674153840"
"ECL-30100","023363301003"
"NOW-03876","733739038760"
"SOL-01411","033984014114"
"SOL-01153","033984011533"
"SOL-01183","033984011830"
"NOW-04630","733739046307"
"NOW-04631","733739046314"
"SNS-01681","021078016816"
"SNS-01531","021078015314"
"SNS-01452","021078014522"
"SNS-01887","021078018872"
"LIF-29011","053232290114"
"NAP-07312","097467073128"
"NLI-91225","040647912250"
"DIS-55675","759427556750"
"NFS-04525","068958045252"
"NAP-29982","097467299825"
"NTL-00908","047469009083"
"SOL-02318","033984023185"
"JRW-14052","790011140528"
"JRW-14016","790011140160"
"SNS-01691","021078016915"
"SNS-01690","021078016908"
"ECL-36902","023363369027"
"MRM-54020","609492540201"
"LEX-13096","737870130963"
"NAP-30714","097467307148"
"CEN-27309","740985273098"
"OAD-08014","016500080145"
"SDN-30417","030768304171"
"MGF-10271","051494102718"
"NWY-14927","033674149270"
"NWY-15817","033674158173"
"GAI-35201","751063352017"
"HOG-35021","603573350215"
"HOG-35049","603573350499"
"HOG-35048","603573350482"
"HOG-35017","603573350178"
"NWY-15543","033674155431"
"NWY-15142","033674151426"
"NWY-15092","033674150924"
"NWY-15090","033674150900"
"HOG-35052","603573350529"
"NFS-20726","068958207261"
"NFS-20727","068958207278"
"NFS-02072","068958020723"
"NWY-41081","033674410813"
"HOG-15092","603573150921"
"CLF-02876","015794028765"
"CLF-02965","015794029656"
"SNS-00923","021078009238"
"SNS-00245","021078002451"
"JRW-13006","790011130062"
"ARG-50120","713947501201"
"ARG-50700","713947507005"
"CAR-05282","088395052828"
"BLB-00736","743715007369"
"BLB-00739","743715007390"
"NFS-02074","068958020747"
"NFS-20722","068958207223"
"NFS-20725","068958207254"
"JRW-06016","790011060161"
"JRW-06026","790011060260"
"JRW-06019","790011060192"
"JRW-06025","790011060253"
"JRW-06003","790011060031"
"JRW-06004","790011060048"
"MGF-10162","051494101629"
"MGF-10186","051494101865"
"FBS-20629","049479206292"
"SOL-02500","33984025004"
"NFS-04645","068958046457"
"JRW-14029","790011140290"
"NWY-06958","033674069585"
"NWY-15355","033674153550"
"NWY-62400","033674624005"
"NRT-04549","074312045493"
"ECL-32262","023363322626"
"BLB-00553","743715005532"
"BLB-00552","743715005525"
"NTA-00645","083000006456"
"GAI-39920","751063399203"
"THR-00435","693749004356"
"SOL-04121","033984041219"
"NOW-03209","733739032096"
"NOW-03212","733739032126"
"NOW-03182","733739031822"
"NOW-03213","733739032133"
"NOW-03218","733739032188"
"SNS-00278","21078002789"
"ARG-50380","713947503809"
"THR-33202","693749332022"
"JRW-33001","790011330011"
"NOW-03197","733739031976"
"NWY-60700","033674607008"
"NTA-16146","083000161469"
"NRT-44250","074312442506"
"SOL-00035","33984000353"
"NWY-15321","033674153215"
"GAI-40170","751063401708"
"LEX-88906","737870889069"
"THR-75502","693749755029"
"NTA-16426","083000164262"
"GAI-37280","751063372800"
"NTA-00663","083000006630"
"NAP-73641","097467736412"
"NOW-01722","733739017222"
"JRW-09009","790011090090"
"NOW-04706","733739047069"
"NOW-02075","733739020758"
"LEX-95410","737870954101"
"LEX-95310","LEX-95310"
"NWY-15441","033674154410"
"SNS-00910","021078009108"
"NOW-03198","733739031983"
"NOW-03193","733739031938"
"NOW-03144","733739031440"
"NOW-03145","733739031457"
"NOW-03334","733739033345"
"NOW-03321","733739033215"
"SNS-00882","021078008828"
"NAP-05003","097467050037"
"NWY-15491","033674154915"
"JRW-17007","790011170075"
"SOL-01767","33984017672"
"CEN-22408","740985224083"
"CEN-22400","740985224007"
"NOW-03061","733739030610"
"THR-33602","693749336020"
"NOW-03060","733739030603"
"JRW-12012","790011120124"
"NFS-04551","068958045511"
"NTA-00634","083000006340"
"GAI-39830","751063398305"
"GAI-39050","751063390507"
"GAI-36140","751063361408"
"HOG-15061","603573150617"
"HOG-15081","603573150815"
"HOG-15075","603573150754"
"NFS-04751","068958047515"
"NTA-16393","083000163937"
"NTA-00632","083000006326"
"SOL-01671","033984016712"
"EOR-01124","813313011249"
"SNS-00242","021078002420"
"NWY-64400","033674644003"
"LEX-16396","737870163961"
"NOW-04614","733739046147"
"NTA-16366","083000163661"
"NOW-03249","733739032492"
"SOL-00550","033984005501"
"HOG-57914","603573579142"
"REN-32090","631257320902"
"NWY-12380","033674123805"
"NTA-16170","083000161704"
"NTA-16047","083000160479"
"NTA-00610","083000006104"
"SOL-00975","033984009752"
"SOL-00970","033984009707"
"CEN-21378","740985213780"
"NWY-15352","033674153529"
"NWY-14320","033674143209"
"NAP-07832","097467078321"
"PTF-10066","021078100669"
"PTF-10511","021078105114"
"PTF-10633","021078106333"
"PTF-10128","021078101284"
"NOW-02956","733739029560"
"PTF-10037","021078100379"
"PTF-10473","021078104735"
"PTF-10732","021078107323"
"PTF-10629","021078106296"
"NWY-15490","033674154908"
"NWY-15407","033674154076"
"NOW-04680","733739046802"
"NOW-04689","733739046895"
"NOW-05695","733739056955"
"NWY-15409","033674154090"
"JRW-14012","790011140122"
"SOL-04126","033984041264"
"NOW-00057","733739000576"
"DRB-00181","753950001817"
"ALG-76140","713947761407"
"ARG-50850","713947508507"
"ARG-56370","713947563704"
"ALG-70850","713947708501"
"ALG-76370","713947763708"
"NOW-05035","733739050359"
"NWY-61000","033674610008"
"NWY-12350","033674123508"
"NTA-00608","083000006081"
"NAP-01605","097467016057"
"NWY-64200","033674642009"
"NTA-00616","083000006166"
"PAR-77749","601944777494"
"GAI-99753","751063997539"
"NOW-02638","733739026385"
"NOW-02636","733739026361"
"SNS-01929","021078019299"
"SNS-01528","021078015284"
"ECL-38980","023363389803"
"JRW-17002","790011170020"
"HFC-00073","650786000734"
"HFC-00065","650786000659"
"HFC-00075","650786000758"
"DRB-00168","753950001688"
"NFS-02616","068958026169"
"NFS-02625","068958026251"
"MRM-56010","609492560100"
"EMT-09021","763948090211"
"NAP-03001","097467030015"
"THR-71502","693749715023"
"EMT-09001","763948090013"
"NTA-16294","083000162947"
"NTA-00640","083000006401"
"PTF-10501","021078105015"
"NAP-07224","097467072244"
"SNS-01987","021078019879"
"NRT-07321","074312073212"
"SNS-01241","021078012412"
"PAR-77811","601944778118"
"WWB-00781","691195007815"
"DME-02100","030985021004"
"NFS-04508","068958045085"
"JRW-15044","790011150442"
"JRW-15056","790011150565"
"JRW-15067","790011150671"
"THR-50302","693749503026"
"NWY-45250","033674452509"
"SNS-00562","021078005629"
"NTA-16017","083000160172"
"GAI-30110","751063301107"
"NOW-00992","733739009920"
"CAR-01000","088395010002"
"CAR-01001","088395010019"
"NFS-02826","068958028262"
"DRB-00334","753950003347"
"NFS-02830","068958028309"
"DRB-00356","753950003569"
"DRB-00198","753950001985"
"NAP-30737","097467307377"
"NAP-01043","097467010437"
"THR-17001","693749170013"
"CLF-08015","015794080152"
"LEX-17229","737870172291"
"GOL-11651","658010116510"
"NLI-17711","040647177116"
"NRT-05315","074312053153"
"NOW-02810","733739028105"
"NOW-02809","733739028099"
"NOW-03078","733739030788"
"NOW-02812","733739028129"
"NOW-03508","733739035080"
"BLB-01178","743715011786"
"NOW-03079","733739030795"
"CLF-01600","015794016007"
"NTA-26370","083000263705"
"FBS-00169","049479001699"
"FBS-02502","049479025022"
"BIG-10652","812806205059"
"APF-00031","896996000311"
"ARG-52160","713947521605"
"ECL-32410","023363324101"
"GAI-37850","751063378505"
"NTA-16314","083000163142"
"NTA-00658","083000006586"
"SNS-01326","021078013266"
"THR-30001","693749300014"
"SNS-02455","21078024552"
"REA-01834","094922018342"
"SOL-00801","033984008014"
"NTA-16310","083000163104"
"NTA-00652","083000006524"
"SNS-00239","021078002390"
"DME-00775","030985007756"
"NHB-54743","041954547432"
"NOW-05104","733739051042"
"NOW-05108","733739051080"
"NOW-05131","733739051318"
"SOL-00601","33984006010"
"NCR-05003","727783050038"
"JRW-14062","790011140627"
"PAR-77733","601944777333"
"PTF-10539","021078105398"
"SNS-01812","021078018124"
"NOW-03295","733739032959"
"PTF-10117","021078101178"
"NHB-26472","041954264728"
"SNS-02198","021078021988"
"VBH-80030","074306800305"
"HOG-57777","603573577773"
"YSO-96096","726635960969"
"YSO-79739","726635797398"
"EUC-63413","072140634131"
"SOL-00417","033984004177"
"CEN-27517","740985275177"
"CEN-27516","740985275160"
"CEN-27523","740985275238"
"NOW-01448","733739014481"
"NOW-01471","733739014719"
"NTA-00657","083000006579"
"NFS-01660","068958016603"
"THR-24102","693749241027"
"THR-24002","693749240020"
"SNS-02432","021078024323"
"NOW-03037","733739030375"
"NOW-01715","733739017154"
"JRW-12029","790011120292"
"HFS-01224","010043012243"
"HFS-01220","10043012205"
"BLB-00733","743715007338"
"DRB-00215","753950002159"
"LEX-12036","737870120360"
"NLI-00356","040647003569"
"SOL-00404","33984004047"
"MAN-00157","895015001575"
"NCR-05000","727783050007"
"NCR-05002","727783050021"
"NCR-05016","727783050168"
"NCR-05001","727783050014"
"MKD-00420","852469004200"
"MKD-00427","852469004279"
"NWY-41071","033674410714"
"TWL-01034","027434010344"
"JRW-13014","790011130147"
"LEX-12926","737870129264"
"NDM-01358","031604013585"
"THO-19165","031315191657"
"BLB-00734","743715007345"
"CLF-02794","015794027942"
"APF-00040","896996000403"
"PAR-77841","601944778415"
"JRW-15057","790011150572"
"LEX-16836","737870168362"
"NFS-02832","068958028323"
"NFS-04830","068958048307"
"ARG-54700","713947547001"
"NWY-14001","033674140017"
"SNS-01772","021078017721"
"SNS-00606","021078006060"
"SNS-00607","021078006077"
"SNS-00343","021078003434"
"NWY-15331","033674153314"
"SNS-01775","021078017752"
"SNS-01646","021078416463"
"NWY-15332","033674153321"
"BLB-00674","743715006744"
"NWY-10220","033674102206"
"CAR-05632","088395056321"
"NWY-12440","033674124406"
"NWY-06970","033674069707"
"NWY-15333","033674153338"
"NAP-03787","097467037878"
"SNS-01578","021078015789"
"REV-11408","087992114083"
"ZIO-10046","Ч001МТКВД5"
"ECL-37921","023363379217"
"ECL-10128","023363101283"
"NHB-62761","41954627615"
"NWY-11508","033674115084"
"NWY-02060","033674020609"
"NWY-15796","033674157961"
"NWY-06971","033674069714"
"NWY-10486","033674104866"
"NAP-03450","097467034501"
"NWY-06974","033674069745"
"NTA-26042","083000260421"
"NTA-26046","083000260469"
"NOW-04920","733739049209"
"NTA-26040","083000260407"
"NTA-26188","083000261886"
"NOW-01811","733739018113"
"DME-08803","030985088038"
"NOW-01545","733739015457"
"NOW-03372","733739033727"
"BLB-00218","743715002180"
"BLB-00204","743715002043"
"NOW-07781","733739077813"
"NOW-08081","733739080813"
"NWY-00700","033674007006"
"NWY-15067","033674150672"
"NOW-04627","733739046277"
"NOW-01817","733739018175"
"NOW-04852","733739048523"
"CEN-27383","740985273838"
"CEN-27069","740985270691"
"NOW-03302","733739033024"
"GAI-14570","751063145701"
"JRW-29003","790011290032"
"NRT-14020","074312140204"
"NWY-15492","033674154922"
"NOW-04636","733739046369"
"NOW-04637","733739046376"
"SOL-00877","033984008779"
"JRW-56002","790011560029"
"NOW-02570","733739025708"
"NOW-02565","733739025654"
"NOW-02560","733739025609"
"NOW-02520","733739025203"
"CLF-02511","015794025115"
"NAP-03560","097467035607"
"AMG-01100","829835011001"
"AMG-01300","829835013005"
"NWY-14280","033674142806"
"AMG-00052","829835000524"
"AMG-00075","829835000753"
"JRW-18014","790011180142"
"HOG-42024","603573420246"
"LEX-16596","737870165965"
"PWG-00003","043952000032"
"PWG-00010","043952000100"
"NOW-02710","733739027108"
"GFC-20333","083851203332"
"GFC-20533","083851205336"
"THR-60501","693749605010"
"LEX-13936","737870139362"
"NFS-02605","068958026053"
"THR-21002","693749210023"
"THR-22102","693749221029"
"CLF-04553","015794045533"
"YSO-51051","726635510515"
"BLB-00926","743715009264"
"LEX-21310","737870213109"
"OLY-00018","710013000187"
"SNS-00617","021078006176"
"NFS-02601","068958026015"
"NAP-04160","097467041608"
"LEX-02016","737870020165"
"NAP-04173","097467041738"
"NAP-04210","097467042100"
"NAP-03645","097467036451"
"NAP-03660","097467036604"
"BLB-00680","743715006805"
"BLB-00740","743715007406"
"BLB-00745","743715007451"
"CLF-02951","015794029519"
"CLF-02967","015794029670"
"CLF-02521","015794025214"
"CLF-02943","015794029434"
"CAR-86230","088395862304"
"NTL-06737","047469067373"
"LEX-18139","737870181392"
"YSO-86286","726635862867"
"NFS-01680","068958016801"
"NFS-01683","068958016832"
"NRT-02060","074312020605"
"NLI-00436","040647004368"
"ARG-50300","713947503007"
"NOW-04677","733739046772"
"SOL-03885","033984038851"
"SNS-01873","021078018735"
"GAI-39970","GAI-39970"
"LEX-15143","737870151432"
"NOW-02152","733739021526"
"NOW-02142","733739021427"
"NOW-02156","733739021564"
"NWY-11308","033674113080"
"NWY-00142","033674001424"
"JRW-18006","790011180067"
"NOW-00489","733739004895"
"THR-70603","693749706038"
"LEX-18246","737870182467"
"SSV-23237","684088232371"
"SSV-23233","684088232333"
"SSV-23231","684088232319"
"SSV-23238","684088232388"
"SSV-50002","684088500029"
"ALG-33134","684088331340"
"ALG-33133","684088331333"
"NOW-01407","733739014078"
"NOW-04604","733739046048"
"NTA-16011","083000160110"
"NOW-02614","733739026149"
"NWY-10100","033674101001"
"NWY-02011","033674020111"
"NBC-00150","728177001506"
"NBC-00165","728177001650"
"NBC-03005","728177030056"
"NOW-02395","733739023957"
"TWL-02249","027434022491"
"NOW-03304","733739033048"
"YSO-31031","726635310313"
"YSO-77377","726635773774"
"IRW-56889","710363568894"
"SNS-00330","021078003304"
"ZAN-00009","041954000098"
"PTF-10488","021078104889"
"NWY-00380","033674003800"
"NTA-16210","083000162107"
"NOW-04708","733739047083"
"NWY-06690","033674066904"
"NWY-15338","033674153383"
"NWY-14100","033674141007"
"NWY-61900","033674619001"
"PAR-77812","601944778125"
"PTF-10396","021078103967"
"PMF-02036","811445020368"
"AMH-16962","076630169622"
"AMH-16961","076630169615"
"NHB-32069","041954320691"
"SOL-04135","033984041356"
"SOL-03937","33984039377"
"DRB-00252","753950002524"
"GAI-40000","751063400008"
"NTA-00636","083000006364"
"NAP-07200","097467072008"
"AMH-16982","076630169820"
"AMH-16975","076630169752"
"AMH-16971","076630169714"
"AMH-16966","076630169660"
"AMH-16981","076630169813"
"AMH-17072","076630170727"
"JRW-20016","790011200161"
"ARG-55380","713947553804"
"NOW-00139","733739001399"
"AMH-17050","076630170505"
"AMH-17029","076630170291"
"NRT-16982","025077169825"
"DRB-00221","753950002210"
"CLF-07471","015794074717"
"NAP-02561","097467025615"
"NOW-03503","733739035035"
"CLF-07341","015794073413"
"NFS-01391","068958013916"
"NOW-03504","733739035042"
"HOG-10093","640485100934"
"NOW-03499","733739034991"
"SNS-00492","021078004929"
"NAP-07246","097467072466"
"NAP-07360","097467073609"
"NAP-07363","097467073630"
"NWY-40462","033674404621"
"BLB-01132","743715011328"
"BLB-01171","743715011717"
"NAP-02134","097467021341"
"WAK-11441","023542114417"
"THR-70501","693749705017"
"SNS-01400","021078014003"
"NOR-01860","768990018602"
"NWY-15540","033674155400"
"HIM-41901","605069419017"
"SNS-01840","021078018407"
"NAP-07328","097467073289"
"NWY-10180","033674101803"
"NWY-15383","033674153833"
"GAI-40150","751063401500"
"PAR-77731","601944777319"
"NOW-04898","733739048981"
"GAI-14581","751063145817"
"GAI-39940","751063399401"
"GAI-30825","751063308250"
"NWY-64000","033674640005"
"NWY-15480","033674154809"
"BAR-70004","705875700047"
"BAR-70001","705875700016"
"BAR-70002","705875700023"
"NTA-00653","083000006531"
"NAP-07235","97467072350"
"NAP-07849","097467078499"
"LIF-78854","053232788543"
"SOL-04130","033984041301"
"NOW-01880","733739018809"
"NOW-01870","733739018700"
"HOG-37010","603573370107"
"DRB-00193","753950001930"
"NOW-02147","733739021472"
"NOW-02145","733739021458"
"SNS-02192","021078021926"
"PAR-77807","601944778071"
"APF-00037","896996000373"
"JRW-01030","790011010302"
"LEX-14733","737870147336"
"SOL-00988","033984009882"
"DME-09125","030985091250"
"DME-00888","030985008883"
"AYH-00111","891501001111"
"MHN-01191","755929011919"
"WAK-10942","023542109420"
"JRW-29019","790011290193"
"NAP-04997","097467049970"
"DME-00696","030985006964"
"NOW-06410","733739064103"
"NOW-06505","733739065056"
"NOW-06511","NOW-06511"
"THO-19641","031315196416"
"QLL-00331","812259003318"
"HFC-00042","650786000420"
"SOL-04024","033984040243"
"SOL-04143","033984041431"
"NWY-00110","033674001103"
"CRO-89104","084783891048"
"WWB-00381","691195003817"
"RDH-00168","355724001681"
"CRO-49804","084783498049"
"PTF-10575","021078105756"
"NSI-40000","726511400008"
"NSI-25260","726511252607"
"THR-78401","693749784012"
"NFS-03510","068958035109"
"NFS-04946","068958049465"
"NFS-02909","068958029092"
"EMT-04350","763948043507"
"JRW-29002","790011290025"
"NWY-79200","033674792001"
"NOW-03095","733739030955"
"NOW-03318","733739033185"
"NOW-03380","733739033802"
"LEX-15039","737870150398"
"DME-08950","30985089509"
"EMT-04351","763948043514"
"GAI-99667","751063996679"
"GAI-39990","751063399906"
"CRO-89139","084783891390"
"CLF-01595","015794015956"
"EUR-25502","367703255022"
"BLB-00964","743715009646"
"PTF-10351","21078103516"
"NAP-04987","097467049871"
"NTL-00998","047469009984"
"NAP-29994","097467299948"
"SDN-64427","030768644277"
"CLF-04100","015794041009"
"DME-07070","030985070705"
"DME-07073","030985070736"
"DME-08740","030985087406"
"BLB-01399","743715013995"
"DME-00421","030985004212"
"CEN-22875","740985228753"
"EMT-04906","763948049066"
"DRB-00253","753950002531"
"LEX-16253","737870162537"
"THR-13201","693749132011"
"THR-12901","693749129011"
"NOW-02035","733739020352"
"NOW-02053","733739020536"
"ARG-56530","713947565302"
"NOW-02055","733739020550"
"NOW-03124","733739031242"
"NOW-02032","733739020321"
"NOW-02030","733739020307"
"PTF-10531","021078105312"
"NOW-02038","733739020383"
"HOG-25157","603573251574"
"NOW-03141","733739031419"
"ARG-55370","713947553705"
"ENZ-22090","670480220900"
"NOW-00740","733739007407"
"LEX-15291","737870152910"
"SNS-02220","021078022206"
"HIM-00911","605069009119"
"MAV-16555","311845165558"
"NTL-04898","047469048983"
"NAP-04709","097467047099"
"NOR-01870","768990018701"
"SNS-00789","021078007890"
"NOW-02271","733739022714"
"LEX-12086","737870120865"
"THR-77103","693749771036"
"MRM-71010","609492710109"
"FHH-00005","895749000059"
"NOW-02197","733739021977"
"NOW-02138","733739021380"
"FHH-00017","895749000172"
"SNS-01674","021078016748"
"IRW-26240","710363262402"
"CLF-08136","015794081364"
"NOW-04939","733739049391"
"MGF-60138","051494601389"
"SNS-00089","021078000891"
"SNS-02419","021078024194"
"NWY-15493","033674154939"
"SNS-01809","021078018094"
"HIM-41101","605069411011"
"NTB-42955","047868429550"
"FHH-00018","895749000189"
"ECL-30901","023363309016"
"NTA-16134","083000161346"
"NTA-00584","083000005848"
"NWY-12808","033674128084"
"NOW-04670","733739046703"
"IRW-57825","710363578251"
"IRW-26238","710363262389"
"IRW-58136","710363581367"
"GAI-39910","751063399104"
"LEX-13736","737870137368"
"IRW-57860","710363578602"
"GAI-14617","751063146173"
"SNS-02475","021078024750"
"CRO-89129","084783891291"
"NTA-00727","083000007279"
"MRM-71020","609492710208"
"KIM-02144","812325021444"
"ECL-30933","023363309337"
"NDM-01328","031604013288"
"NDM-02659","031604026592"
"NTA-00671","083000006715"
"NTA-16234","083000162343"
"NAP-07338","097467073388"
"NOW-04602","733739046024"
"VBH-80128","074306801289"
"WAK-10043","023542100434"
"GOL-11602","658010116022"
"NTA-26130","083000261305"
"MRM-72217","609492722171"
"GOL-11693","658010116930"
"THR-75703","693749757030"
"WAK-10041","023542100410"
"GOL-11696","658010116961"
"WAK-10032","023542100328"
"WAK-10242","023542102421"
"THR-61603","693749616030"
"WAK-25063","023542250634"
"WAK-10442","023542104425"
"EMT-04035","763948040353"
"NBB-00160","371401001607"
"PUR-13002","659670130021"
"MGF-20023","051494200230"
"WAK-10841","23542108416"
"WAK-10542","023542105422"
"WAK-15042","023542150422"
"WAK-10941","023542109413"
"NWY-13000","033674130001"
"NWY-06793","033674067932"
"THO-19790","031315197901"
"NAD-02316","079911023163"
"NAD-02324","079911023248"
"LEX-13942","737870139423"
"GOL-11337","658010113373"
"NTA-16126","083000161261"
"NTA-00576","083000005763"
"NWY-15353","033674153536"
"NWY-10500","033674105009"
"NOW-04004","733739040046"
"NWY-14536","033674145364"
"NOW-04033","733739040336"
"NOW-04007","733739040077"
"PAR-77767","601944777678"
"PAR-77781","601944777814"
"NRT-33511","074312335112"
"GAI-40190","751063401906"
"BAR-60005","705875600057"
"EMT-08503","763948085033"
"NRT-41682","074312416828"
"NRT-12326","074312123269"
"NFS-03574","068958035741"
"THR-74903","693749749035"
"PAR-77827","601944778279"
"THR-00287","693749002871"
"NAP-30588","097467305885"
"SNS-01492","021078014928"
"NOW-01660","733739016607"
"MRM-71028","609492710284"
"NOW-00213","733739002136"
"NOW-00054","733739000545"
"NOW-00053","733739000538"
"JRW-15053","790011150534"
"BLB-01590","743715015906"
"CDL-10450","608274104501"
"ENZ-24140","670480241400"
"NOW-00792","733739007926"
"DRB-00257","753950002579"
"NAP-29998","097467299986"
"THR-00428","693749004288"
"NOW-04645","733739046451"
"NWY-15336","033674153369"
"ECL-30934","023363309344"
"NTA-16166","083000161667"
"NBC-00201","728177002015"
"THR-04800","693749048008"
"NTA-00604","083000006043"
"NTA-00250","083000002502"
"NBC-00451","728177004514"
"DRB-00333","753950003330"
"NFS-04501","068958045016"
"LEX-17361","737870173618"
"KIM-02171","812325021710"
"MGF-60137","51494601372"
"NAP-29922","097467299221"
"NOW-00630","733739006301"
"EMT-60024","020065600243"
"CLF-01610","015794016106"
"NFS-01327","068958013275"
"NAP-11513","807205115139"
"NAP-02472","097467024724"
"NWY-14041","033674140413"
"NWY-63000","033674630006"
"NFS-04515","068958045153"
"NWY-06560","033674065600"
"NOW-04626","733739046260"
"ECL-37925","023363379255"
"NHB-23271","041954232710"
"NOW-04761","733739047618"
"NOW-03351","733739033512"
"SNS-00348","021078003489"
"SNS-01177","021078011774"
"CEN-21312","740985213124"
"GAI-39592","751063395922"
"PAR-77708","601944777081"
"PTF-10304","021078103042"
"THR-04802","693749048022"
"CEN-27696","740985276969"
"NOW-03134","733739031341"
"NOW-01538","733739015389"
"OBN-87000","091401870002"
"NRT-36551","074312365515"
"SOL-04150","33984041509"
"SOL-04149","33984041493"
"GUM-00053","835776000530"
"BLB-00192","743715001923"
"NEL-12939","016185129399"
"CLF-07210","015794072102"
"NEL-12942","016185129429"
"NEL-12943","016185129436"
"NOW-02108","733739021083"
"SNS-00269","021078002697"
"CLF-04120","015794041207"
"MRM-31017","609492310170"
"NDM-01496","031604014964"
"CAR-03100","088395031007"
"NTA-26115","083000261152"
"ARG-56770","713947567702"
"SNS-01095","021078010951"
"HEC-75005","765704750056"
"NWY-40313","033674403136"
"NWY-15465","033674154656"
"NWY-40311","033674403112"
"THR-15202","693749152026"
"BLB-00575","743715005754"
"THR-40502","693749405023"
"NAP-11512","807205115122"
"RLT-35102","021888351022"
"SNS-01378","021078013785"
"NAV-00020","858847000208"
"SFD-20073","803813200731"
"JRW-15065","790011150657"
"JRW-01008","790011010081"
"NFS-01746","068958017464"
"PUR-00901","659670009013"
"PAR-77809","601944778095"
"ENZ-29171","670480291719"
"EMT-05186","763948051861"
"THR-12603","693749126034"
"CLF-06237","015794062370"
"NOW-02963","733739029638"
"SNS-00275","021078002758"
"SNS-01481","021078014812"
"SNS-01303","021078013037"
"HNI-00002","898631000021"
"SNS-00416","021078004165"
"ENZ-20212","670480202128"
"ENZ-20214","670480202142"
"ENZ-24120","670480241202"
"LEX-15351","737870153511"
"ENZ-24121","670480241219"
"ENZ-26200","670480262009"
"ENZ-26201","670480262016"
"SNS-00943","021078009436"
"CLF-06418","015794064183"
"CAR-02381","088395023811"
"CLF-06111","015794061113"
"ARG-56570","713947565708"
"EMT-05800","763948058006"
"EMT-05802","763948058020"
"JRW-20011","790011200116"
"SNS-01370","21078013709"
"NBC-01001","728177010010"
"NBC-01005","728177010058"
"NBC-01045","728177010454"
"NBC-01015","728177010157"
"NBC-01010","728177010102"
"KIM-02091","812325020911"
"NOW-03081","733739030818"
"NOW-00527","733739005274"
"NOW-00528","733739005281"
"NOW-00529","733739005298"
"JRW-01049","790011010494"
"HOG-40204","603573402044"
"HOG-40202","603573402020"
"MRM-51006","609492510068"
"SNS-00678","021078006787"
"SNS-00925","021078009252"
"LEX-70010","737870700104"
"LEX-30210","737870302100"
"ARG-51630","713947516304"
"ARG-51640","713947516403"
"ARG-51650","713947516502"
"ARG-51620","713947516205"
"ARG-54820","713947548206"
"OXY-01580","697983015802"
"PAR-77790","601944777906"
"PAR-77778","601944777784"
"PAR-77777","601944777777"
"PAR-77801","601944778019"
"PAR-77803","601944778033"
"NWY-14794","033674147948"
"MCL-01133","813006011334"
"CLF-01705","015794017059"
"EUR-37006","367703370060"
"NAP-49694","097467496941"
"ALA-30193","076314301935"
"NOW-00606","733739006066"
"PUR-00902","659670009020"
"SYM-04002","647303040021"
"KHC-10012","696916100127"
"SNS-01616","021078016168"
"KHC-10041","696916100417"
"OXY-01582","697983015826"
"TMR-00052","878941000522"
"HFC-00008","650786000086"
"NBB-53701","371400537015"
"OMP-01510","X001UJC725"
"TMR-00249","878941002496"
"TMR-00287","878941002878"
"NBC-00560","728177005603"
"HOG-85736","603573857363"
"HOG-85734","603573857349"
"SIB-00203","858180002037"
"LEX-15003","737870150039"
"LEX-15331","737870153313"
"HTC-00000","180616000004"
"HTC-00004","180616000042"
"REN-53547","631257535474"
"NOW-05905","733739059055"
"NOW-02305","733739023056"
"RLT-20183","021888201839"
"JRW-20041","790011200413"
"LEX-17333","737870173335"
"RLT-12151","21888121519"
"LEX-16473","737870164739"
"MCL-01464","813006014649"
"JRW-06027","790011060277"
"JRW-12032","790011120322"
"JRW-12031","790011120315"
"SNS-02519","021078025191"
"NOW-03168","733739031686"
"NOW-02962","733739029621"
"NOW-02449","733739024497"
"NTA-16089","083000160899"
"HIM-00501","605069005012"
"NOW-00682","733739006820"
"NOW-00672","733739006721"
"NOW-00497","733739004970"
"NOW-00465","733739004659"
"NOW-00496","733739004963"
"EMT-08102","763948081028"
"EMT-01315","763948013159"
"NTA-00797","083000007972"
"NTA-00784","083000007842"
"NOW-05951","733739059512"
"NOW-00462","733739004628"
"NOW-00454","733739004543"
"NOW-00453","733739004536"
"NOW-03773","733739037732"
"REN-62450","631257624505"
"NOW-03868","733739038685"
"NOW-00498","733739004987"
"NOW-00484","733739004840"
"NOW-00361","733739003614"
"NOW-03264","733739032645"
"NOW-00752","733739007520"
"NOW-03772","733739037725"
"NOW-03891","733739038913"
"RLT-12064","021888120642"
"SNS-01249","021078012498"
"NDH-10350","709546103502"
"NDH-21035","185355210356"
"HOG-61353","603573613532"
"MCL-21241","810094212414"
"NFS-02685","068958026855"
"NFS-03584","068958035840"
"LEX-95603","737870956037"
"THO-13452","031315134524"
"CEN-27067","740985270677"
"NWY-15385","033674153857"
"UMA-00102","886255001029"
"SFD-01051","803813010514"
"PRN-30090","789149300904"
"GOL-11393","658010113939"
"EUR-15006","367703150068"
"SNS-02086","021078020868"
"SNS-01974","021078019749"
"BLB-00983","743715009837"
"NOW-03202","733739032027"
"BLB-00696","743715006966"
"NWY-17200","033674172001"
"NTA-16338","083000163388"
"BLB-00686","743715006867"
"TMR-00230","878941002304"
"NOW-03201","733739032010"
"LAB-33457","710779334571"
"ARG-51540","713947515406"
"ETB-20100","707990201003"
"NWY-41101","033674411018"
"ETB-21000","707990210005"
"LEX-16611","737870166115"
"HFC-00023","650786000239"
"NWY-15386","033674153864"
"DRB-00165","753950001657"
"LEX-15136","737870151364"
"HFC-00029","650786000291"
"SNS-01914","021078019145"
"VBH-80036","074306800367"
"BLB-00685","743715006850"
"HIM-40101","605069401012"
"NTA-00687","083000006876"
"PMF-02039","811445020399"
"SNS-01156","021078011569"
"NOW-02044","733739020444"
"MRM-72076","609492720764"
"MRM-72075","609492720757"
"AMG-00042","829835000425"
"LEX-88806","737870888062"
"LEX-98703","737870987031"
"GAI-40340","751063403405"
"JRW-21014","790011210146"
"NWY-15819","033674158197"
"NWY-00050","033674000502"
"FBS-02507","049479025077"
"IRW-56821","710363568214"
"MGI-90900","054139909000"
"STR-10020","767963100207"
"NUT-10012","692752100123"
"NUT-10005","692752100055"
"NUT-10006","692752100062"
"NUT-10099","692752100994"
"NUT-10300","692752103001"
"NOW-02205","733739022059"
"NOW-02174","733739021748"
"NOW-02298","733739022981"
"NOW-02162","733739021625"
"QLL-00320","812259003202"
"QLL-00318","812259003189"
"NOW-02160","733739021601"
"WAK-10143","023542101431"
"NOW-02166","733739021663"
"NOW-07470","733739074706"
"NOW-07626","733739076267"
"TTT-10015","637792100153"
"TTT-12260","637792122605"
"TTT-10030","637792100306"
"NOW-02299","733739022998"
"MAH-69103","697658691034"
"NTA-26680","083000266805"
"MAH-69104","697658691041"
"CLF-02073","015794020738"
"CLF-02076","015794020769"
"BLB-01561","743715015616"
"NFS-03505","068958035055"
"NTC-44860","705692448603"
"NWY-14154","33674141540"
"SOL-03672","033984036727"
"NOW-07560","733739075604"
"NOW-07492","733739074928"
"NOW-07561","733739075611"
"NOW-07430","733739074300"
"NAD-02661","079911026614"
"NOW-02020","733739020208"
"AUR-91123","051381911232"
"DIC-00016","010331000167"
"PTF-10431","021078104315"
"MCL-01604","813006016049"
"AUR-91184","051381911843"
"COC-03700","075707037000"
"IRW-57546","710363575465"
"IRW-57979","710363579791"
"IRW-26322","710363263225"
"CLF-08124","015794081241"
"NFS-02834","068958028347"
"SNS-01926","021078019268"
"SNS-01927","021078019275"
"LFH-59951","645951599519"
"LFH-81004","645951810041"
"LFH-98586","645951985862"
"THR-78901","693749789017"
"LFH-92772","645951927725"
"LFH-70282","645951702827"
"NOW-07713","733739077134"
"LFH-65386","645951653860"
"NOW-03346","733739033468"
"HIM-00601","605069006019"
"IRW-26237","710363262372"
"IRW-57826","710363578268"
"EME-30090","356163300908"
"NTL-00800","047469008000"
"EME-30110","356163301103"
"EME-30095","356163300953"
"DRB-00283","753950002838"
"DRB-00227","753950002272"
"JRW-16006","790011160069"
"JRW-16020","790011160205"
"AUR-90608","051381906085"
"AUR-91172","051381911720"
"JRW-16019","790011160199"
"JRW-16005","790011160052"
"JRW-29062","790011290629"
"PTF-10064","021078100645"
"DRA-00448","679372004482"
"NTA-00721","083000007217"
"SNS-02410","021078024101"
"SNS-01946","021078019466"
"SNS-01214","021078012146"
"SNS-01931","021078019312"
"SNS-01399","021078013990"
"THR-73802","693749738022"
"GAI-99621","751063996211"
"HEE-10016","787647100163"
"BAB-05531","679234055317"
"NOW-04752","733739047526"
"HRP-83082","76970830824"
"PHP-35302","312843353022"
"REN-53440","631257534408"
"SNS-01569","021078015697"
"TRA-00201","032917002013"
"TRA-00009","032917000095"
"NWY-14800","033674148006"
"NOW-07545","733739075451"
"NOW-07410","733739074102"
"AUR-90802","051381908027"
"TTT-80050","637792800503"
"NTA-26620","083000266201"
"NTA-00644","083000006449"
"PTF-10031","021078100317"
"NTL-00935","047469009359"
"NOW-07582","733739075826"
"NOW-07420","733739074201"
"AUR-91124","051381911249"
"COC-03900","075707039004"
"NOW-03352","733739033529"
"NOW-02959","733739029591"
"IRW-57304","710363573041"
"NOW-02957","733739029577"
"NOW-02968","733739029683"
"NOW-07585","733739075857"
"NOW-07586","733739075864"
"AUR-91132","051381911324"
"AUR-90803","051381908034"
"EMT-03220","763948032204"
"EMT-08276","763948082766"
"GAI-99668","751063996686"
"CVR-03504","696859035043"
"CRO-89147","084783891475"
"NBB-10101","371401101017"
"HBP-90015","090900000156"
"NOW-03121","733739031211"
"NOW-01657","733739016577"
"NOW-07570","733739075703"
"NOW-07440","733739074409"
"PAL-04035","010181040351"
"PAL-04000","010181040009"
"PAL-04008","010181040085"
"PAL-04189","010181041891"
"PAL-04153","010181041532"
"PAL-04050","010181040504"
"SBC-00262","858293002627"
"BIT-01300","846260013004"
"PAL-04350","010181043505"
"PAL-04052","010181040528"
"OIL-00100","891038001004"
"REV-11152","087992111525"
"COC-01100","075707011000"
"NOW-07707","733739077073"
"NOW-07705","733739077059"
"AUR-91171","051381911713"
"NBH-12300","764302123002"
"HYL-29044","354973290440"
"LIF-29026","053232290268"
"FBS-02506","049479025060"
"BOI-04656","306969046562"
"BAT-25097","308078250977"
"BAT-35747","308072035747"
"WSB-23500","634084235005"
"WSB-23501","634084235012"
"HBP-90080","090900000804"
"DRB-00185","753950001855"
"NOW-03123","733739031235"
"JRW-29026","790011290261"
"NTC-52520","705692525205"
"NTC-51350","705692513509"
"NBB-21304","371400213049"
"GAI-40300","751063403009"
"LEX-16286","737870162865"
"AOR-08013","624917080131"
"CSR-01000","747889010002"
"CRO-89101","084783891017"
"NFS-04943","068958049434"
"REA-01567_дубль","094922015679"
"REN-63212","631257632128"
"REN-34729","631257347299"
"NOW-04727","733739047274"
"NOR-50502","768990505027"
"NOR-51502","768990515026"
"NOR-50504","768990505041"
"NOR-50506","768990505065"
"NOR-53783","768990537837"
"NOR-50505","768990505058"
"BOI-05250","306962052508"
"BOI-02156","306969021569"
"BAR-20001","705875200011"
"CLF-04937","015794049371"
"GOL-11404","658010114042"
"NWY-79270","033674792704"
"GOL-11564","658010115643"
"GOL-11563","658010115636"
"GOL-11236","658010112369"
"NTL-16071","047469160715"
"THR-28002","693749280026"
"LEX-16516","737870165163"
"SNS-00871","021078008712"
"GOL-11650","658010116503"
"GOL-11380","658010113809"
"GOL-11379","658010113793"
"NWY-14537","033674145371"
"ALB-00761","724742007614"
"NWY-14160","033674141601"
"GOL-11390","658010113908"
"GOL-11391","658010113915"
"GOL-11586","658010115865"
"NTA-00656","083000006562"
"EMT-01059","763948010592"
"GOL-11656","658010116565"
"EMT-01070","359800010703"
"GOL-11413","658010114134"
"GOL-11655","658010116558"
"NOW-06266","733739062666"
"GOL-11381","658010113816"
"GOL-11377","658010113779"
"GOL-11417","658010114172"
"LFH-48081","645951480817"
"GOL-11421","658010114219"
"GOL-11378","658010113786"
"GOL-11596","658010115964"
"NOW-02942","733739029423"
"NOW-03345","733739033451"
"INN-40054","051494400548"
"INN-40017","051494400173"
"INN-40012","051494400128"
"LTD-00012","026395000128"
"LTD-10032","026395100323"
"LTD-20032","026395200320"
"MLC-79000","082982790001"
"RAL-48004","38435480043"
"HEE-10035","787647100354"
"MLV-12001","759160120010"
"VTN-02005","708118020056"
"TTT-60606","637792606068"
"CEN-27481","740985274811"
"NOW-07600","733739076007"
"NOW-07460","733739074607"
"AUR-91133","051381911331"
"COC-03300","075707033002"
"NTA-26670","083000266706"
"HYA-00003","858259000032"
"CEN-27480","740985274804"
"NOW-07516","733739075161"
"NFS-35491","068958354910"
"NFS-03549","068958035499"
"NFS-02257","068958022574"
"NFS-35493","068958354934"
"NFS-35492","068958354927"
"NFS-08366","068958083667"
"MCL-01031","813006010313"
"AUR-91278","051381912789"
"AUR-91108","051381911089"
"PTF-10535","021078105350"
"PTF-10534","021078105343"
"PTF-10471","021078104711"
"PTF-10695","021078106951"
"PAR-77735","601944777357"
"NFS-02833","068958028330"
"CEN-27484","740985274842"
"NTA-16118","083000161186"
"NTA-00574","083000005749"
"PTF-10437","021078104377"
"STR-00877","767963008770"
"ECL-38822","023363388226"
"HFK-10035","701619100357"
"DRA-00502","679372005021"
"DRA-00310","679372003102"
"NUT-10620","692752106200"
"BAR-00025","705875000253"
"SOL-54707","033984547070"
"YOU-00333","853244003333"
"YOU-00347","853244003470"
"OBF-19607","030768196073"
"ECL-30958","023363309580"
"ECL-30937","023363309375"
"NOW-04719","733739047199"
"TRA-00190","032917001900"
"NBH-11300","764302113003"
"NBH-10201","764302102014"
"AUR-91696","051381916961"
"AUR-88578","051381885786"
"NBH-11900","764302119005"
"AUR-88575","051381885755"
"AUR-88511","051381885113"
"AUR-88517","051381885175"
"AUR-88515","051381885151"
"OOA-00192","856044001929"
"ABR-14202","021204142020"
"ABR-83301","021204833010"
"OOA-00126","856044001264"
"NOW-06938","733739069382"
"NOW-06980","733739069801"
"NOW-06987","733739069870"
"NOW-06943","733739069436"
"NOW-06959","733739069597"
"NOW-06953","733739069535"
"NNS-00158","739223001586"
"DRB-00304","753950003040"
"NNS-00152","739223001524"
"HBP-00005","090700000059"
"NTA-00577","083000005770"
"NWY-15387","033674153871"
"OWN-00001","893455000011"
"OWN-00033","893455000332"
"OWN-00012","893455000127"
"ARM-40004","027275400045"
"NTA-00650","083000006500"
"SOL-04144","033984041448"
"WDN-12410","716123124102"
"GAI-39930","751063399302"
"NBH-13037","764302130376"
"NBH-12222","764302122227"
"WHS-94675","012511946753"
"NTA-16421","083000164217"
"DRW-56031","689191560311"
"NTA-00654","083000006548"
"DRW-56033","689191560335"
"DRW-56024","9767963003942"
"DRW-56013","689191560137"
"NDG-21400","663204214002"
"SET-00155","873204001551"
"WHS-92106","012511921064"
"MDH-21600","078314216004"
"NTA-00442","083000004421"
"HBP-80004","090800000041"
"HVC-00099","079565000992"
"PNB-00025","851087000250"
"ORS-00046","666183000468"
"NOW-06944","733739069443"
"NOW-06947","733739069474"
"CFF-43912","710282439121"
"EUC-00021","072140000219"
"EUC-11020","072140110208"
"NIA-00037","835787000376"
"QHE-58579","079896585793"
"CLN-00011","75573000115"
"ORS-61576","666183615761"
"ORS-00055","666183000550"
"ORS-00026","666183000260"
"ORS-00024","666183000246"
"ORS-00007","666183000079"
"ADN-00225","859975002256"
"PNB-00002","851087000021"
"BPL-00235","850791002352"
"BPL-00200","850791002000"
"BPL-00201","850791002017"
"ORS-00033","666183000338"
"ADN-00227","859975002270"
"ORS-00021","666183000215"
"COC-01000","075707010003"
"ORS-00015","666183000154"
"NBC-01060","728177010607"
"WSB-02512","634084025125"
"ESL-76181","612082761818"
"ACO-00229","854049002293"
"ESL-76184","612082761849"
"NWY-15120","033674151204"
"NMA-08013","786648080139"
"NOW-08090","733739080905"
"NOW-07733","733739077332"
"NOW-08092","733739080929"
"NOW-08089","733739080899"
"NAP-29932","097467299320"
"JAS-01510","078522015109"
"JAS-01500","078522015000"
"JAS-01568","078522015680"
"JAS-00728","078522007289"
"JAS-01515","078522015154"
"NAP-29954","097467299542"
"NAP-29975","097467299757"
"NAP-29936","097467299368"
"NAP-29934","097467299344"
"JAS-01540","078522015406"
"JNB-00300","855188003004"
"NAP-29986","097467299863"
"JAS-01530","078522015307"
"JAS-01525","078522015253"
"NAP-29993","097467299931"
"NAP-29901","097467299016"
"NAP-29992","097467299924"
"TOM-14806","077326148068"
"TOM-83094","077326830949"
"TOM-83074","077326830741"
"SNS-02161","021078021612"
"HIM-41801","605069418010"
"PTF-10606","021078106067"
"NAP-30002","097467300026"
"NAP-30004","097467300040"
"FBS-00047","049479000470"
"XLR-00072","700596000728"
"RTE-01411","079625014112"
"XLR-00071","700596000711"
"NTA-00631","083000006319"
"CLF-01575","015794015758"
"FBS-00048","049479000487"
"XLR-00074","700596000742"
"XLR-00060","700596000605"
"FBS-00049","049479000494"
"ECT-01217","79625012170"
"NOW-07552","733739075529"
"FBS-00210","049479002108"
"AUR-91120","051381911201"
"ARM-20003","027275200034"
"DES-22055","718334220550"
"FBS-00050","49479000500"
"DES-33413","718334334134"
"PTG-00014","183405000148"
"NTA-01644","083000016448"
"PTG-00008","183405000087"
"PTG-00001","183405000018"
"NTA-00662","083000006623"
"JAJ-00901","9312657010013"
"JAJ-00801","9312657008010"
"JAJ-01001","9312657009017"
"ECO-03664","00036641"
"ECO-03694","000360000092"
"THB-10016","697029100165"
"CBD-11661","086449116618"
"CBD-21661","086449216615"
"CBD-31661","086449316612"
"AUB-03082","749985030823"
"DES-22063","718334220635"
"DES-33433","718334334332"
"HHE-57509","318858575091"
"HHE-57709","318858577095"
"DES-22067","718334220673"
"DES-33233","718334332338"
"DES-33231","718334332314"
"ERS-00252","054986002527"
"NOW-08095","733739080950"
"NOW-08103","733739081032"
"ERS-00254","054986002541"
"EMJ-00021","878639000216"
"HCW-00061","805002000610"
"DRA-00514","679372005144"
"DRA-00588","679372005885"
"FPI-03033","633422030333"
"TTT-50360","637792503602"
"HCW-00033","805002000337"
"HCW-00086","805002000863"
"HRP-66571","076970665716"
"PTG-00002","183405000025"
"PTG-00098","183405000988"
"PTG-00010","183405000100"
"MGF-10166","051494101667"
"CBD-11991","086449119916"
"RIC-30001","036602300019"
"HBP-90049","090900000491"
"THB-30102_дубль","697029301029"
"JKM-00256","895164002560"
"SBL-00120","896116001204"
"NOW-00210","733739002105"
"NOW-00042","733739000422"
"MGF-12001","051494120019"
"NOW-00211","733739002112"
"NOW-00044","733739000446"
"NOW-02005","733739020055"
"SNS-01849","021078018490"
"SNS-01028","021078010289"
"SGW-00040","019277000408"
"SGW-00039","019277000392"
"MBE-00962","898220009626"
"RLT-20132","021888201327"
"NFS-03170","068958031705"
"QUA-01705","046985017053"
"HFK-10711","701619107110"
"NWY-10400","033674104002"
"MGF-10195","051494101957"
"MGF-10118","051494101186"
"MGF-10170","051494101704"
"MGF-10222","051494102220"
"MGF-10184","051494101841"
"HUR-00507","851228005076"
"HEC-33301","765704333013"
"HUR-00518","851228005182"
"HUR-00516","851228005168"
"NNR-32659","837654326596"
"MGF-10168","051494101681"
"MGF-20029","051494200292"
"MGF-10151","051494101513"
"MGF-10152","051494101520"
"MGF-10167","051494101674"
"HUR-00515","851228005151"
"HUR-00508","851228005083"
"HUR-00509","851228005090"
"WSB-33161","634084331615"
"KHC-10004","696916100042"
"OLY-00105","710013001054"
"BOS-48313","306960483137"
"MGF-10115","051494101155"
"MGF-10150","051494101506"
"MGF-10133","051494101339"
"ECT-07423","79625074239"
"ECT-07424","079625074246"
"ECT-07421","079625074215"
"OPN-05227","748927052275"
"EAT-71385","073377713859"
"MGF-10010","051494100103"
"MGF-10009","051494100097"
"ECL-37909","023363379095"
"NFS-04516","068958045160"
"CGN-01253","898220012534"
"QLL-00310","812259003103"
"LEX-12146","737870121466"
"LEX-14386","737870143864"
"MGF-10234","051494102343"
"DES-25022","718334250229"
"SGW-00022","19277000224"
"THR-74502","693749745020"
"CEN-27534","740985275344"
"CAR-05154","088395051548"
"BTX-00046","041388000466"
"BTX-22021","041388220215"
"BTX-22061","041388220611"
"CLF-04918","015794049180"
"FPI-03163","633422031637"
"FPI-03162","633422031620"
"FPI-05161","633422051611"
"GME-30900","791014309004"
"GME-10903","791014109031"
"AVO-02390","381371023905"
"CRO-89105","084783891055"
"ACO-00232","854049002323"
"LGJ-10203","049056102030"
"HVN-00104","666248001041"
"HVN-00102","666248001027"
"HVN-00105","666248001058"
"HVN-00106","666248001065"
"HVN-00109","666248001096"
"HVN-00126","666248001263"
"FBS-03518","49479035182"
"FBS-00189","049479001897"
"HVN-00103","666248001034"
"HVN-00107","666248001072"
"BBO-00220","899248002200"
"FBS-02518","049479025183"
"NOW-02934","733739029348"
"GIO-02008","716237020086"
"ADN-00240","859975002409"
"GIO-07008","716237070081"
"ECL-32411","23363324118"
"EUR-40816","367703408169"
"HVN-00112","666248001126"
"HVN-00125","666248001256"
"HVN-00113","666248001133"
"HVN-00123","666248001232"
"DES-33785","718334337852"
"ERS-17500","054986175009"
"NOW-04804","733739048042"
"NOW-00214","733739002143"
"NOW-00152","733739001528"
"TWN-15403","070177154035"
"TWN-15414","070177154141"
"NOW-03143","733739031433"
"NOW-03322","733739033222"
"NOW-07595","733739075956"
"TWN-27878","070177278786"
"TWN-08667","070177086671"
"HRN-35409","636046354090"
"HVN-08004","666248080046"
"NOW-07566","733739075666"
"RBR-40003","000518400033"
"RBR-40004","000518400040"
"RBR-40001","000518400019"
"RBR-40002","000518400026"
"RBR-40013","000518400132"
"RBR-40008","000518400088"
"RBR-40011","000518400118"
"RBR-40007","000518400071"
"NOW-03131","733739031310"
"NOW-01253","733739012531"
"NOW-07607","733739076076"
"NOW-02123","733739021236"
"NOW-02120","733739021205"
"NOW-01260","733739012609"
"NOW-07535","733739075352"
"NOW-07555","733739075550"
"NTT-01090","661176010905"
"NOW-07540","733739075406"
"NTT-01132","661176011322"
"REV-11287","087992112874"
"NOW-03279","733739032799"
"NOW-03293","733739032935"
"NOW-00756","733739007568"
"NOW-03142","733739031426"
"NOW-03510","733739035103"
"NOW-04729","733739047298"
"NOW-07618","733739076182"
"NOW-07567","733739075673"
"NOW-03349","733739033499"
"NOW-07550","733739075505"
"NOW-03281","733739032812"
"NOW-07543","733739075437"
"NOW-04744","733739047441"
"NOW-03340","733739033406"
"NOW-02463","733739024633"
"NOW-03232","733739032324"
"NOW-08212","733739082121"
"NOW-08067","733739080677"
"JRW-04005","790011040057"
"JRW-04001","790011040019"
"NOW-07623","733739076236"
"NOW-08198","733739081988"
"NOW-07663","733739076632"
"NOW-03307","733739033079"
"HRN-00939","636046009396"
"HRN-00959","636046009594"
"NOW-07997","733739079978"
"HRN-00523","636046005237"
"HRN-31612","636046316128"
"NOW-07999","733739079992"
"NOW-07541","733739075413"
"NOW-07538","733739075383"
"NOW-07520","733739075208"
"REV-11981","087992119811"
"NOW-01905","733739019059"
"NOW-07512","733739075123"
"NOW-07611","733739076113"
"NOW-07558","733739075581"
"NOW-02929","733739029294"
"NOW-07690","733739076908"
"NOW-07608","733739076083"
"NOW-07594","733739075949"
"NOW-05968","733739059680"
"NOW-06005","733739060051"
"NOW-05040","733739050403"
"NOW-06917","733739069177"
"NOW-06677","733739066770"
"NOW-06314","733739063144"
"NOW-07640","733739076403"
"NOW-08204","733739082046"
"LTM-10003","077014100033"
"LTM-00375","049347003756"
"NOW-07490","733739074904"
"LTM-00372","049347003725"
"NOW-07579","733739075796"
"NOW-07494","733739074942"
"NOW-02980","733739029805"
"LTM-00555","079565005553"
"LTM-00557","079565005577"
"NOW-03557","733739035578"
"NOW-07758","733739077585"
"NOW-00760","733739007605"
"NOW-01299","733739012999"
"NOW-07700","733739077004"
"NOW-07670","733739076700"
"NOW-07661","733739076618"
"NOW-07665","733739076656"
"NOW-07756","733739077561"
"NOW-07678","733739076786"
"NOW-07666","733739076663"
"NOW-07553","733739075536"
"NOW-07577","733739075772"
"NOW-04733","733739047335"
"NOW-08101","733739081018"
"NOW-07764","733739077646"
"NOW-07620","733739076205"
"REV-11385","087992113857"
"NOW-07671","733739076717"
"NOW-07536","733739075369"
"NOW-01840","733739018403"
"NOW-03363","733739033635"
"NOW-08206","733739082060"
"NOW-02200","733739022004"
"NOW-00482","733739004826"
"NOW-02007","733739020079"
"NOW-06965","733739069658"
"NOW-06986","733739069863"
"NOW-06983","733739069832"
"NOW-06921","733739069214"
"NOW-04221","733739042217"
"NOW-04226","733739042262"
"NOW-04232","733739042323"
"REV-11392","087992113925"
"NOW-04236","733739042361"
"NOW-04667","733739046673"
"NOW-00640","733739006400"
"NOW-03365","733739033659"
"JRW-30007","790011300076"
"JRW-12015","790011120155"
"NOW-05696","733739056962"
"NOW-07030","733739070302"
"NOW-05675","733739056757"
"JRW-18005","790011180050"
"NOW-02907","733739029072"
"NOW-02933","733739029331"
"NOW-02931","733739029317"
"NOW-02928","733739029287"
"NOW-07073","733739070739"
"NOW-07025","733739070258"
"JRW-29042","790011290421"
"JRW-15042","790011150428"
"NOW-07019","733739070197"
"JRW-30003","790011300038"
"NOW-07012","733739070128"
"NOW-05832","733739058324"
"NOW-07035","733739070357"
"NOW-05837","733739058379"
"NOW-06102","733739061027"
"NOW-07250","733739072504"
"JRW-30008","790011300083"
"JRW-23007","790011230076"
"JRW-23014","790011230144"
"JRW-03005","790011030058"
"JRW-29060","790011290605"
"JRW-29065","790011290650"
"NOW-08091","733739080912"
"JRW-19007","790011190073"
"NOW-07021","733739070210"
"NOW-06281","733739062819"
"JRW-20042","790011200420"
"JRW-19013","790011190134"
"JRW-19002","790011190028"
"JRW-19015","790011190158"
"JRW-19021","790011190219"
"JRW-19011","790011190110"
"JRW-19016","790011190165"
"JRW-16039","790011160397"
"JRW-16007","790011160076"
"JRW-16036","790011160366"
"JRW-01001","790011010012"
"NOW-06323","733739063236"
"JRW-06012","790011060123"
"JRW-03028","790011030287"
"JRW-03027","790011030270"
"JRW-03014","790011030140"
"JRW-03012","790011030126"
"JRW-03041","790011030416"
"JRW-13007","790011130079"
"JRW-16027","790011160274"
"JRW-13004","790011130048"
"JRW-16048","790011160489"
"REV-11117","087992111174"
"REV-11257","087992112577"
"DRB-00191","753950001916"
"DRB-00256","753950002562"
"DRB-00327","753950003279"
"ABR-83302","021204833027"
"EMT-00080","763948000807"
"BAC-00390","741273003908"
"RHS-00001","647125000012"
"ALF-10273","841320102735"
"ALF-10274","841320102742"
"DRB-00184","753950001848"
"SOL-02792","033984027923"
"DRB-00260","753950002609"
"JRW-30002","790011300021"
"DRB-00259","753950002593"
"DRB-00234","753950002340"
"DRB-00296","753950002968"
"DRB-00363","753950003637"
"DRB-00195","753950001954"
"DRB-00242","753950002425"
"DRB-00123","753950001237"
"DRB-00229","753950002296"
"DRB-00374","753950003743"
"DRB-00316","753950003163"
"JRW-14019","790011140191"
"JRW-17012","790011170129"
"AVA-35160","654749351604"
"AVA-35167","654749351673"
"AVA-35155","654749351550"
"DRB-00178","753950001787"
"DRB-00216","753950002166"
"DRB-00274","753950002746"
"DRB-00088","753950000889"
"DRB-00064","753950000643"
"NDM-02508","031604025083"
"DRB-00070","753950000704"
"NOW-04713","733739047137"
"NDM-01158","031604011581"
"NDM-01431","031604014315"
"AVA-35105","654749351055"
"NDM-01274","031604012748"
"DRB-00317","753950003170"
"NDM-04046","031604040468"
"DRB-00269","753950002692"
"NDM-01338","031604013387"
"DRB-00302","753950003026"
"DRB-00210","753950002104"
"DRB-00209","753950002098"
"NDM-01637","31604016371"
"NDM-02794","031604027940"
"DRB-00205","753950002050"
"ADN-00233","859975002331"
"DRB-00301","753950003019"
"DRB-00300","753950003002"
"DRB-00275","753950002753"
"NOR-01753","768990017537"
"NOR-02150","768990021503"
"NOR-02103","768990021039"
"CEN-22703","740985227039"
"CEN-21495","740985214954"
"CEN-22713","740985227138"
"AVA-35150","654749351505"
"CEN-27304","740985273043"
"CEN-22361","740985223611"
"CEN-22352","740985223529"
"AVA-35158","654749351581"
"CEN-22405","740985224052"
"CEN-27529","740985275290"
"CEN-22790","740985227909"
"CEN-27066","740985270660"
"CEN-22623","740985226230"
"CEN-21245","740985212455"
"CEN-27531","740985275313"
"CEN-22390","740985223901"
"CEN-22658","740985226582"
"CEN-27285","740985272855"
"CEN-27026","740985270264"
"CEN-22691","740985226919"
"CEN-22730","740985227305"
"AVO-04249","381370042495"
"AVO-01844","381371191949"
"CEN-21104","740985211045"
"CEN-27709","740985277096"
"CEN-22692","740985226926"
"CEN-22659","740985226599"
"CEN-22906","740985229064"
"CEN-22215","740985222157"
"CEN-27303","740985273036"
"REV-11963","087992119637"
"AVO-01418","381370014188"
"CEN-27139","740985271391"
"NDM-02841","031604028411"
"CEN-27454","740985274545"
"CEN-22278","740985222782"
"NDM-02953","031604029531"
"CEN-27288","740985272886"
"CEN-21302","740985213025"
"DES-22024","718334220246"
"CEN-22653","740985226537"
"CEN-27413","740985274132"
"DES-22040","718334220406"
"CEN-22309","740985223093"
"CEN-22791","740985227916"
"KIM-02053","812325020539"
"CEN-21781","740985217818"
"CEN-27112","740985271124"
"KIM-02104","812325021048"
"CEN-27435","740985274354"
"PUR-01502","659670015021"
"DES-22111","718334221113"
"KIM-02112","812325021123"
"CEN-21716","740985217160"
"CEN-27387","740985273876"
"CEN-21287","740985212875"
"CEN-22399","740985223994"
"CEN-21690","740985216903"
"CEN-21228","740985212288"
"CEN-22872","740985228722"
"CEN-21324","740985213247"
"CEN-27111","740985271117"
"SOL-00240","33984002401"
"CEN-27455","740985274552"
"CEN-21300","740985213001"
"DES-22062","718334220628"
"CEN-21720","740985217207"
"CEN-22407","740985224076"
"CEN-27492","740985274927"
"CEN-27708","740985277089"
"DES-33711","718334337111"
"CEN-27618","740985276181"
"KIM-02066","812325020669"
"DES-33741","718334337418"
"GIO-03008","716237030085"
"KIM-02076","812325020768"
"KIM-02123","812325021239"
"KIM-02137","812325021376"
"KIM-02046","812325020461"
"GIO-18172","716237181725"
"KIM-02173","812325021734"
"KIM-02220","812325022205"
"GIO-10008","716237100085"
"GIO-04008","716237040084"
"KIM-02093","812325020935"
"KIM-02067","812325020676"
"KIM-02090","812325020904"
"KIM-02015","812325020157"
"KIM-02049","812325020492"
"KIM-02217","812325022175"
"KIM-02085","812325020850"
"KIM-02184","812325021840"
"KIM-02119","812325021192"
"ADN-00231","859975002317"
"ADN-00236","859975002362"
"DES-33776","718334337760"
"DES-33775","718334337753"
"DES-33410","718334334103"
"ADN-00220","859975002201"
"NBH-10603","764302106036"
"NBH-11107","764302111078"
"NWY-06850","033674068502"
"NWY-15024","033674150245"
"SOL-01751","033984017511"
"MGF-10236","051494102367"
"ACO-00213","854049002132"
"MGF-10120","051494101209"
"MGF-10189","051494101896"
"ADN-02005","859975020052"
"MGF-10187","051494101872"
"MGF-10279","051494102794"
"MGF-10310","051494103104"
"NBH-10608","764302106081"
"NBH-12224","764302122241"
"NBH-11108","764302111085"
"NBH-12221","764302122210"
"ACO-00247","854049002477"
"NBH-12225","764302122258"
"MGF-10025","51494100257"
"CAR-05910","088395059100"
"CAR-01463","088395014635"
"CAR-05612","088395056123"
"CAR-15320","088395153204"
"CAR-01102","088395011023"
"NBH-10204","764302102045"
"CAR-01483","088395014833"
"CAR-01644","088395016448"
"CAR-01112","088395011122"
"CAR-01131","088395011313"
"CAR-01421","088395014215"
"CAR-05472","088395054723"
"CAR-01452","088395014529"
"CAR-05084","088395050848"
"ADN-00268","859975002683"
"CAR-01681","088395016813"
"CAR-81030","088395810305"
"CAR-05462","088395054624"
"CAR-04421","088395044212"
"CAR-04852","088395048524"
"CAR-02003","088395020032"
"AUR-91403","051381914035"
"AUR-99812","051381998127"
"NOR-01797","768990017971"
"CAR-04051","088395040511"
"NOR-01670","768990016707"
"CAR-08652","088395086526"
"CAR-04232","088395042324"
"CAR-08241","088395082412"
"CAR-05513","088395055133"
"CAR-05172","088395051722"
"NOR-01798","768990017988"
"CAR-04424","088395044243"
"NOR-01606","768990016066"
"NOR-54787","768990547874"
"NOR-02794","768990027949"
"NOR-02764","768990027642"
"NOR-30131","768990301315"
"NOR-02763","768990027635"
"NOR-30130","768990301308"
"NOR-41760","768990417603"
"AUR-91143","051381911430"
"AUR-91144","051381911447"
"AUR-91173","051381911737"
"NOR-01710","768990017100"
"NOR-01840","768990018404"
"NOR-01799","768990017995"
"CAR-08550","088395085505"
"CAR-02653","088395026539"
"CAR-00882","088395008825"
"EVC-00710","187132007104"
"EVC-10784","841320107846"
"NOR-01750","768990017506"
"NOR-02793","768990027932"
"NOR-01680","768990016806"
"NOR-01743","768990017438"
"NOR-02770","768990027703"
"NOR-01760","768990017605"
"AUR-91314","051381913144"
"NOR-01794","768990017940"
"NOR-02773","768990027734"
"NOR-06100","768990061004"
"AUR-91170","051381911706"
"NOR-31141","768990311413"
"AUR-88636","051381886363"
"NOR-30150","768990301506"
"NOR-30140","768990301407"
"NOR-01808","768990018084"
"NOR-01600","768990016004"
"NOR-01503","768990015038"
"CAR-08722","088395087226"
"NOR-02774","768990027741"
"NOR-01665","768990016653"
"NOR-02761","768990027611"
"NOR-31140","768990311406"
"NOR-01793","768990017933"
"NOR-01816","768990018169"
"NOR-01621","768990016219"
"NOR-01761","768990017612"
"NOR-01778","768990017780"
"CAR-24920","088395249204"
"CAR-40210","088395402104"
"NFS-01247","068958012476"
"NOR-01758","768990017582"
"NFS-01342","068958013428"
"EDS-00580","187132005803"
"NFS-01121","068958011219"
"NFS-01059","068958010595"
"NFS-01630","068958016306"
"NFS-04512","068958045122"
"NFS-01220","068958012209"
"AUR-91235","051381912352"
"NOR-01501","768990015014"
"AUR-99805","051381998059"
"AUR-88112","051381881122"
"AUR-91138","051381911386"
"AUR-91112","051381911126"
"AUR-90609","051381906092"
"AUR-99813","051381998134"
"AUR-91230","051381912307"
"AUR-91210","051381912109"
"AUR-91227","051381912277"
"AUR-99758","051381997588"
"AUR-99834","051381998349"
"AUR-91229","051381912291"
"AUR-91126","051381911263"
"AUR-91232","051381912321"
"EDS-10508","841320105088"
"NFS-02687","068958026879"
"NFS-01721","068958017211"
"ADN-00252","859975002522"
"NFS-01584","068958015842"
"NFS-04530","068958045306"
"NFS-02715","068958027159"
"NFS-01223","068958012230"
"NFS-04590","068958045900"
"NFS-01014","068958010144"
"ADN-00247","859975002478"
"ADN-02010","859975020106"
"NFS-01270","068958012704"
"NFS-03534","068958035345"
"NFS-20728","068958207285"
"ADN-00201","859975002010"
"AUR-91293","051381912932"
"AUR-91149","051381911492"
"ADN-00254","859975002546"
"ADN-02019","859975020199"
"AUR-91121","051381911218"
"ADN-02012","859975020120"
"ADN-00246","859975002461"
"ADN-00239","859975002393"
"HHE-10624","318858106240"
"ADN-00202","859975002027"
"ADN-00269","859975002690"
"ADN-00204","859975002041"
"ADN-00206","859975002065"
"ADN-00223","859975002232"
"ADN-00208","859975002089"
"ADN-00205","859975002058"
"ADN-00222","859975002225"
"NFS-01587","068958015873"
"NFS-04951","068958049519"
"ADN-00228","859975002287"
"NFS-02696","068958026961"
"NFS-39185","5425010391859"
"ADN-00207","859975002072"
"ADN-00261","859975002614"
"ADN-00263","859975002638"
"ADN-00210","859975002102"
"ADN-00209","859975002096"
"NFS-39141","5425010391415"
"NFS-04956","068958049564"
"NFS-04955","068958049557"
"NFS-02684","068958026848"
"NFS-04514","068958045146"
"NFS-02653","068958026534"
"NFS-04805","068958048055"
"NFS-03512","068958035123"
"ADN-00265","859975002652"
"NFS-07155","068958071558"
"ADN-02003","859975020038"
"ADN-02016","859975020168"
"AUR-90817","051381908171"
"AUR-88632","051381886325"
"ALB-00825","724742008253"
"ALB-00399","724742003999"
"JAS-02113","078522021131"
"JAS-03027","078522030270"
"NFS-04173","068958041735"
"NFS-01395","068958013954"
"NFS-01653","068958016535"
"NFS-01050","068958010502"
"NFS-39151","5425010391514"
"NFS-02090","068958020907"
"NFS-01647","068958016474"
"NFS-04936","068958049366"
"AUR-90820","051381908201"
"AUR-88619","051381886196"
"AUR-91225","051381912253"
"NFS-04925","068958049250"
"NFS-01215","068958012155"
"JAS-02126","078522021261"
"NFS-01041","068958010410"
"ALB-00324","724742003241"
"NFS-02680","068958026800"
"ALB-00809","724742008093"
"AUR-88654","051381886547"
"NFS-03558","068958035581"
"NFS-01637","068958016375"
"NFS-04950","068958049502"
"ALB-00389","724742003890"
"ALB-00400","724742004002"
"OLY-00111","710013001115"
"AUR-90342","051381903428"
"AUR-90345","051381903459"
"OLY-03991","710013039910"
"OLY-00396","710013003966"
"OLY-03115","710013031150"
"OLY-00327","710013003270"
"OLY-03112","710013031129"
"OLY-03039","710013030399"
"OLY-10066","710013100665"
"OLY-03027","710013030276"
"OLY-00399","710013003997"
"NFS-35504","068958355047"
"NFS-35503","068958355030"
"THR-13801","693749138013"
"THR-01706","693749017066"
"NFS-35513","068958355139"
"THR-00342","693749003427"
"THR-72201","693749722014"
"THR-76303","693749763031"
"NFS-04116","068958041162"
"CDL-10950","608274109506"
"NTL-06211","047469062118"
"NTL-00467","047469004675"
"NTL-00805","47469008055"
"NTL-06330","047469063306"
"NTL-06885","047469068851"
"NTL-03000","47469030001"
"NTL-00768","047469007683"
"THR-24302","693749243021"
"NTL-00594","047469005948"
"NTL-00597","047469005979"
"NTL-00224","047469002244"
"THR-12801","693749128014"
"THR-75003","693749750031"
"NTL-54000","733530540004"
"THR-01007","693749010074"
"BAC-20501","741273205012"
"AVO-03658","381370036586"
"AVO-03623","381370036234"
"THR-16801","693749168010"
"THR-14801","693749148012"
"THR-04811","693749048114"
"THR-65201","693749652014"
"AVO-03802","381370038023"
"AVO-03844","381370038443"
"AVO-15180","381371151806"
"NTL-23000","733530230004"
"THR-15502","693749155027"
"NTL-04261","047469042615"
"THR-41002","693749410027"
"THR-78002","693749780021"
"AVO-03657","381370036579"
"THR-15801","693749158011"
"AVO-03676","381370036760"
"THR-64501","693749645016"
"AVO-03640","381370036401"
"AVO-03691","381370036913"
"AVO-03811","381370038115"
"THR-51602","693749516026"
"THR-74202","693749742029"
"THR-54003","693749540038"
"THR-66201","693749662013"
"THR-13102","693749131021"
"THR-11802","693749118022"
"NBC-01021","728177010218"
"THR-80402","693749804024"
"THR-24203","693749242031"
"THR-75104","693749751045"
"THR-14301","693749143017"
"THR-52502","693749525028"
"THR-60805","693749608059"
"NBC-01026","728177010263"
"THR-00373","693749003731"
"THR-64601","693749646013"
"THR-56002","693749560029"
"THR-71401","693749714019"
"THR-40102","693749401025"
"THR-61901","693749619017"
"PAR-77728","601944777289"
"NAP-07170","097467071704"
"THR-01107","693749011071"
"THR-62401","693749624011"
"THR-00464","693749004646"
"THR-78802","693749788027"
"THR-77402","693749774020"
"THR-73202","693749732020"
"THR-60701","693749607014"
"THR-14901","693749149019"
"THR-74102","693749741022"
"THR-79904","693749799047"
"THR-64003","693749640035"
"THR-73301","693749733010"
"THR-76702","693749767022"
"THR-62901","693749629016"
"YSO-12114","726635121148"
"NTL-05103","047469051037"
"THR-71103","693749711032"
"THR-50801","693749508014"
"THR-61001","693749610014"
"THR-71302","693749713029"
"THR-79701","693749797012"
"THR-72602","693749726029"
"THR-82204","693749822042"
"NTL-06324","047469063245"
"THR-77802","693749778028"
"THR-31502","693749315025"
"THR-79002","693749790020"
"THR-77702","693749777021"
"NTL-06077","047469060770"
"LEX-16083","737870160830"
"JAS-10030","078522100300"
"LEX-15323","737870153238"
"JAS-05001","078522050018"
"LEX-96503","737870965039"
"LEX-14591","737870145912"
"LEX-17586","737870175865"
"LEX-17136","737870171362"
"LEX-16496","737870164968"
"LEX-14312","737870143123"
"LEX-89350","737870893509"
"JAS-04031","078522040316"
"JAS-04012","078522040125"
"LEX-14251","737870142515"
"LEX-15366","737870153665"
"LEX-14273","737870142737"
"LEX-16226","737870162261"
"LEX-65810","737870658108"
"LEX-07010","737870070108"
"LEX-18036","737870180364"
"LEX-14769","737870147695"
"LEX-17096","737870170969"
"LEX-18076","737870180760"
"LEX-15123","737870151234"
"LEX-17866","737870178668"
"LEX-37210","737870372103"
"LEX-14266","737870142669"
"LEX-16896","737870168966"
"LEX-17886","737870178866"
"LEX-16171","737870161714"
"LEX-88206","737870882060"
"LEX-08445","737870084457"
"LEX-17046","737870170464"
"LEX-14456","737870144564"
"LEX-97215","737870972150"
"LEX-17871","737870178712"
"LEX-16039","737870160397"
"LEX-13289","737870132899"
"JAS-09045","078522090458"
"LEX-18116","737870181163"
"JAS-04016","078522040163"
"LEX-15096","737870150961"
"JAS-09025","078522090250"
"LEX-18043","737870180432"
"LEX-45110","737870451105"
"JAS-04011","078522040118"
"LEX-14326","737870143260"
"LEX-80148","737870801481"
"LEX-12539","737870125396"
"LEX-12784","737870127840"
"LEX-17251","737870172512"
"LEX-17066","737870170662"
"LEX-17186","737870171867"
"LEX-14696","737870146964"
"LEX-18059","737870180593"
"LEX-16681","737870166818"
"LEX-19063","737870190639"
"LEX-16003","737870160038"
"LEX-14686","737870146865"
"LEX-33106","737870331063"
"LEX-19033","737870190332"
"MBE-00891","898220008919"
"LEX-15411","737870154112"
"LEX-17893","737870178934"
"LEX-34510","737870345107"
"LEX-45509","737870455097"
"LEX-16209","737870162094"
"LEX-17539","737870175391"
"LEX-36110","737870361107"
"JAS-00064","078522000648"
"CEN-27474","740985274743"
"LEX-10832","737870108320"
"NHB-39691","041954396917"
"DEE-10002","674749100026"
"SNS-02481","021078024811"
"LEX-16269","737870162698"
"PTF-10741","021078107415"
"OLP-08229","5901330082290"
"SOL-01321","033984013216"
"MAV-14757","311845147578"
"SOL-0**2761-50","33984027602"
"SOL-01941-d-1","SOL-01941-d-1"
"MAV-16261","311845162618"
"MHS-88022","609015880227"
"MAV-13095","311845130952"
"MAV-14665","311845146656"
"MAV-16407","311845164070"
"MAV-15009","311845150097"
"MAV-07875","311845078759"
"MAV-05661","311845056610"
"MAV-07791","311845077912"
"MAV-16775","311845167750"
"MAV-13515","311845135155"
"MAV-15131","311845151315"
"ENZ-20141","670480201411"
"MAV-17115","311845171153"
"JAS-07036","078522070368"
"JAS-03011","078522030119"
"MAV-17199","311845171993"
"SDN-03990","030768039905"
"MAV-14651","311845146519"
"MAV-07751","311845077516"
"MAV-13125","311845131256"
"MAV-14989","311845149893"
"MAV-06171","311845061713"
"MAV-14765","311845147653"
"MAV-16635","311845166357"
"GUM-00159","835776001599"
"GUM-00134","835776001346"
"SNS-02440","021078024408"
"SNS-02028","021078020288"
"SNS-00805","021078008057"
"SNS-01196","021078011965"
"MNT-54307","071409543078"
"MNT-54340","071409543405"
"SNS-00418","021078004189"
"SNS-02635","021078026358"
"SNS-01293","021078012931"
"SNS-00803","021078008033"
"SNS-01962","021078019626"
"AUB-01211","749985012119"
"SNS-00328","021078003281"
"SNS-01792","021078017929"
"SNS-01297","021078012979"
"SNS-01039","021078010395"
"AUB-04008","749985040082"
"SNS-02138","021078021384"
"SNS-02459","021078024590"
"SNS-02458","021078024583"
"NHS-00280","635824002802"
"SNS-02591","021078025917"
"SNS-02166","021078021667"
"APF-00007","896996000076"
"SNS-02219","021078022190"
"WSB-02912","634084029123"
"WSB-02901","634084029017"
"SNS-01382","021078013822"
"SNS-00358","021078003588"
"APF-00017","896996000175"
"APF-00020","896996000205"
"SNS-00804","021078008040"
"SNS-00127","021078001270"
"SNS-01441","021078014416"
"SNS-00832","021078008323"
"APF-00024","APF-00024"
"SNS-00155","021078001553"
"SNS-01432","021078014324"
"SNS-00396","021078003960"
"SNS-02462","021078024620"
"SNS-01329","021078013297"
"SNS-00552","021078005520"
"SNS-00921","021078009214"
"APF-00035","896996000359"
"APF-00038","896996000380"
"SNS-01625","021078016250"
"SNS-00008","021078000082"
"SNS-01781","021078017813"
"APF-00008","896996000083"
"BLB-00418","743715004184"
"BLB-00683","743715006836"
"BLB-00378","743715003781"
"BLB-00441","743715004412"
"SNS-01583","021078015833"
"SNS-02013","021078020134"
"SNS-01550","021078015505"
"SNS-01893","021078018933"
"SNS-02044","021078020448"
"SNS-02589","021078025894"
"SNS-01917","021078019176"
"SNS-01704","021078017042"
"BLB-00187","743715001879"
"BLB-01569","743715015692"
"SNS-00304","021078003045"
"SNS-00050","021078000501"
"BBO-00206","899248002064"
"SNS-02145","021078021452"
"SNS-02680","021078026808"
"SNS-02009","021078020097"
"SNS-00111","021078001119"
"BBO-00241","899248002415"
"BBO-00269","899248002699"
"ABN-08846","708235088465"
"ABN-08862","708235088625"
"SNS-02050","021078020509"
"WSB-28401","634084284010"
"SNS-00506","021078005063"
"WSB-47500","634084475005"
"SNS-01182","021078011828"
"SNS-02332","021078023326"
"SNS-00233","021078002338"
"CCP-64085","030399640853"
"SOL-59202-30","33984011861"
"SNS-00652","021078006527"
"NAT-00110","691546001103"
"SNS-00504","021078005049"
"SNS-01612","021078016120"
"SNS-00318","021078003182"
"SNS-00030","021078000303"
"NAT-00140","691546001400"
"NAT-00150","691546001509"
"SNS-01630","021078016304"
"SNS-01154","021078011545"
"AVN-37960","624721379605"
"SNS-02622","021078026228"
"ALA-30203","076314302031"
"AMP-01096","817252010967"
"SNS-00697","021078006978"
"SNS-01263","021078012634"
"ALA-30232","76314302321"
"ALA-30201","076314302017"
"ALA-30206","076314302062"
"ALA-30202","076314302024"
"AOR-08999","AOR-08999"
"AOR-08138","624917081381"
"AOR-08021","624917080216"
"AOR-08289","624917082890"
"SNS-01594","021078015949"
"SNS-00484","021078004844"
"SNS-01081","021078010814"
"SNS-02331","021078023319"
"SNS-02521","021078025214"
"SNS-00341","SNS-00341"
"SNS-00960","021078009603"
"SNS-01324","021078013242"
"SNS-00114","021078001140"
"SNS-02143","021078021438"
"AOR-08297","624917082975"
"ALT-01004","608503010047"
"SNS-00875","021078008750"
"SNS-00222","021078002222"
"WSB-47400","634084474008"
"WSB-16001","634084160017"
"SNS-01916","021078019169"
"SNS-01014","021078010142"
"ALT-01013","608503010139"
"WSB-13580","634084135800"
"SNS-02393","21078023937"
"SNS-01226","021078012269"
"0008-016","X000XQ8UF9"
"SNS-02188","021078021889"
"WSB-13571","634084135718"
"WSB-02501","634084025019"
"WSB-13579","634084135794"
"SNS-02288","021078022886"
"WSB-24201","634084242010"
"WSB-30060","634084300604"
"WSB-30051","634084300512"
"WSB-13576","634084135763"
"WSB-02312","634084023121"
"SNS-00309","021078003090"
"SNS-02637","021078026372"
"SNS-02677","021078026778"
"ALG-70340","713947703407"
"ALG-76530","713947765306"
"ALG-73230","713947732308"
"ALG-70220","713947702202"
"ALG-70010","713947700109"
"ALG-73660","713947736603"
"ALG-70240","713947702400"
"WSB-13008","634084130089"
"ALG-70750","713947707504"
"WSB-31002","634084310023"
"AMD-00102","835186001028"
"AMT-00261","838451002614"
"AMT-00646","838451006469"
"BOR-00143","728315001436"
"AMH-16991","076630169912"
"AQP-63377","072140633776"
"AQP-00314","072140003142"
"AQP-63386","072140633868"
"AMH-50205","076630502054"
"AMH-50304","076630503044"
"BOR-00659","728315006592"
"AQP-00638","072140006389"
"AQP-45231","072140452315"
"AQP-03263","072140032630"
"AQP-63608","072140636081"
"AQP-11047","072140110475"
"ARN-02311","769360023110"
"AAM-00175","855571001754"
"AAM-00100","855571001006"
"AAM-00104","855571001044"
"AAM-00166","855571001662"
"AAM-00159","855571001594"
"AAM-00108","855571001082"
"AAM-00101","855571001013"
"AAM-00105","855571001051"
"AAM-00102","855571001020"
"AAM-00128","855571001280"
"AAM-00107","855571001075"
"AAM-00173","855571001730"
"AAM-00177","855571001778"
"AAM-00172","855571001723"
"ARM-70100","27275701005"
"ARM-70003","027275700039"
"ARM-80001","027275800012"
"WHS-70000","012511700003"
"AZT-17116","727616171169"
"KIM-02163","KIM-02163"
"ARW-68510","074333685104"
"ARW-47667","74333476672"
"ARW-47626","074333476269"
"ARW-37470","074333374701"
"BAC-20631","741273206316"
"BAC-20751","741273207818"
"BAC-20731","741273207313"
"BAC-20581","741273205814"
"BAC-20551","741273205517"
"BAC-20461","741273204619"
"BAC-20481","741273204817"
"BAC-20421","741273204213"
"BAC-20611","741273206118"
"BAC-01457","741273014577"
"BAC-01451","741273014515"
"BAC-01528","741273015284"
"BAR-10027","705875100274"
"BAR-10013","705875100137"
"ARW-37492","074333374923"
"BAR-10007","705875100076"
"CGN-01252","898220012527"
"BAC-00392","741273003922"
"BAC-01500","741273015000"
"BWC-45502","000056455021"
"BAC-01395","741273013952"
"BAC-01531","741273015314"
"BAC-20781","741273207511"
"BAR-00026","705875000260"
"BEL-10008","771733100083"
"BTX-16001","041388160016"
"BTX-21041","041388210414"
"LOW-04223","072310042230"
"BIU-00327","854936003273"
"BIU-00317","854936003174"
"BIU-00329","854936003297"
"BLB-00859","743715008595"
"BLB-00369","743715003699"
"BLB-00298","743715002982"
"BLB-00196","743715001961"
"BLB-00694","743715006942"
"BLB-00444","743715004443"
"BLB-00366","743715003668"
"BLB-01128","743715011281"
"BLB-00897","743715008977"
"BLB-00374","743715003743"
"BLB-00433","743715004337"
"BLB-00661","743715006614"
"BRO-00237","856252002374"
"BRM-00366","039978003669"
"BRO-00234","856252002343"
"BRO-00238","856252002381"
"CBD-30009","086449300093"
"OST-25877","5903246225877"
"BLB-00424","743715004245"
"CBD-10002","086449100020"
"BLB-00718","743715007185"
"BLB-00445","743715004450"
"BLB-00699","743715006997"
"COC-04100","075707041007"
"BLB-00323","743715003231"
"BLB-00945","743715009455"
"BLB-00014","743715000148"
"BLB-00690","743715006904"
"COC-03575","075707035754"
"COC-04800","075707048006"
"BLB-00303","743715003033"
"BLB-00322","743715003224"
"BLB-00856","743715008564"
"COC-09475","075707094751"
"COC-03600","075707036003"
"BLB-00439","743715004399"
"COC-09080","075707090807"
"COC-20170","075707201708"
"LFH-64764","645951647647"
"COC-04450","075707044503"
"COC-20150","075707201500"
"COC-09450","075707094508"
"COC-01550","COC-01550"
"ATS-00056","870001000565"
"ATS-00066","870001000664"
"ATS-00256","870001002569"
"ATS-00257","870001002576"
"NFO-10052","717567100523"
"BRM-00578","39978005786"
"BLB-00194","743715001947"
"BRM-00546","39978005465"
"BLB-00743","743715007437"
"BLB-00979","743715009790"
"ATS-00259","870001002590"
"BLB-01104","743715011045"
"CGN-00723","898220007233"
"BAT-50390","308078503905"
"BRM-00454","039978004543"
"BAT-50990","308078509907"
"BAT-00594","308079005941"
"NHI-03512","732894035126"
"NHI-50012","732894500129"
"NHI-50013","732894500136"
"NHI-01023","2999000150411"
"NHI-03510","732894035102"
"NHI-40050","732894400504"
"LFH-29132","645951291321"
"LFH-73730","645951737300"
"LFH-83003","645951830032"
"LFH-99581","645951995816"
"LFH-73314","645951733142"
"LFH-67114","645951671147"
"LFH-57353","645951573533"
"LFH-86062","645951860626"
"LFH-74422","645951744223"
"LFH-82773","645951827735"
"LFH-83009","645951830094"
"BUR-45676","016055456761"
"BRM-02664","039978026644"
"BUR-45378","016055453784"
"BUR-34565","016055345652"
"LFH-65571","645951655710"
"LFH-87244","645951872445"
"LFH-47958","645951479583"
"LFH-42690","645951426907"
"BRM-02442","39978024428"
"LFH-91547","645951915470"
"EDW-00520","043182005203"
"EDN-00209","024182002096"
"HBP-00039","90700000394"
"EDW-00092","043182000925"
"EDW-00098","043182000987"
"EDN-13464","024182134643"
"EUR-29906","367703299064"
"DRW-52324","DRW-52324"
"DRW-53023","689191530239"
"SOL-00029-60","33984000278"
"DRW-52408","689191524085"
"BRM-00364","039978003645"
"CGN-00946","898220009466"
"CGN-00965","898220009657"
"CGN-00943","898220009435"
"CGN-01033","898220010332"
"CGN-00950","898220009503"
"CGN-00956","898220009565"
"CGN-00942","898220009428"
"CGN-00912","898220009121"
"CGN-00935","898220009350"
"CGN-00953","898220009534"
"CGN-00856","898220008568"
"EMT-03952","763948039524"
"ENZ-24110","670480241103"
"ECT-07428","ECT-07428"
"PUR-03102","659670031021"
"CVR-03486","696859034862"
"PUR-26001","659670260018"
"PUR-26111","659670261114"
"PUR-01402","659670014024"
"RLT-10031","021888100316"
"OST-24993","5903246224993"
"PUR-02004","659670020049"
"CVR-03488","696859034886"
"EME-30300","356163303008"
"CVR-13136","696859131363"
"EOP-04083","636874040837"
"EOP-22038","636874220383"
"EUC-63306","072140633066"
"EUC-01521","072140015213"
"EUC-01465","072140014650"
"EUC-63378","072140633783"
"EUC-63429","072140634292"
"EUC-01983","072140019839"
"CVR-13129","696859131295"
"CVR-13071","696859130717"
"EUC-01187","072140011871"
"EUC-63474","072140634742"
"EUC-63467","072140634674"
"NSW-11011","613405110115"
"EUC-01984","072140019846"
"EUC-63482","072140634827"
"EUC-63628","072140636289"
"CDL-10150","608274101500"
"CLL-02479","810390024797"
"CVR-13082","696859130823"
"MBM-00436","838287004363"
"MBM-00439","838287004394"
"CHO-91921","047445919214"
"CDL-12500","608274125001"
"CHO-91991","047445919917"
"ENZ-98131","670480981313"
"CHO-91942","047445919429"
"ENZ-29080","670480290804"
"CHO-91943","047445919436"
"CHO-91954","047445919542"
"ENZ-26300","670480263006"
"ENZ-28050","670480280508"
"EVC-00760","187132007609"
"EVC-00720","187132007203"
"ENZ-29030","670480290309"
"MBM-00500","838287005001"
"MBM-00150","838287001508"
"EVC-10740","841320107402"
"ENZ-20111","670480201114"
"ENZ-23110","670480231104"
"EVC-10731","841320107310"
"EVC-00730","187132007302"
"ENZ-12011","670480120118"
"MBM-00520","838287005209"
"ENZ-23112","670480231128"
"ENZ-29091","670480290910"
"ENZ-98113","670480981139"
"ENZ-29050","670480290507"
"ENZ-14006","670480140062"
"MBM-00511","838287005117"
"ENZ-14011","670480140116"
"ENZ-14021","670480140215"
"ENZ-27040","670480270400"
"EME-30120","356163301202"
"CLF-06416","015794064169"
"CLF-06503","015794065036"
"CLF-06242","015794062424"
"CRO-89103","084783891031"
"CRO-89318","084783893189"
"CVR-13109","X003KHOGTR"
"CLF-04135","015794041351"
"CLF-06508","015794065081"
"CLF-07054","015794070542"
"CLF-05821","015794058212"
"CLF-06291","015794062912"
"CLF-06304","015794063049"
"CLF-02475","015794024750"
"CLF-04498","015794044987"
"CRO-89115","084783891154"
"CRO-88517","084783885177"
"MBM-00428","838287004288"
"CSR-04345","747889043451"
"CSR-04350","747889043505"
"CLF-06403","015794064039"
"CSR-03600","747889036002"
"CRO-89107","084783891079"
"CSR-01250","747889012501"
"CLF-01900","015794019008"
"CLF-05808","015794058083"
"CLF-04516","015794045168"
"CLF-01496","015794014966"
"CLF-03519","015794035190"
"CSR-02290","747889022906"
"CLF-06794","015794067948"
"CLF-02659","015794026594"
"CLF-01697","015794016977"
"CVR-13077","696859130779"
"CLF-06341","015794063414"
"CLF-05601","LF-05601"
"CLF-06510","015794065104"
"CLF-06300","015794063001"
"CRO-34005","084783340058"
"CRO-49815","084783498155"
"CLF-05044","015794050445"
"CLF-06310","015794063100"
"CLF-07085","015794070856"
"CLF-05040","015794050407"
"CLF-01896","015794018964"
"CLF-01689","015794016892"
"CLF-01677","015794016779"
"CLF-06295","015794062950"
"CLF-05027","015794050278"
"CLF-03516","015794035169"
"CLF-01711","015794017110"
"CRO-89136","084783891369"
"CRO-89110","084783891109"
"CRO-89108","084783891086"
"CLF-01796","015794017967"
"CRO-89135","084783891352"
"CRO-44701","084783447016"
"CRO-89156","084783891567"
"CRO-89102","084783891024"
"CLF-05388","015794053880"
"EDS-00545","187132005452"
"EDS-00581","187132005810"
"GRN-00301","899312003010"
"LIF-29038","053232290381"
"GRN-00244","899312002440"
"DWC-24010","631462240101"
"CRO-44704","16000185693"
"DWC-20014","631462200143"
"NRT-33390","074312333903"
"NTA-26199","83000261992"
"DIC-00026","010331000266"
"CSR-04010","747889040108"
"MCL-01317","813006013178"
"MCL-01499","813006014991"
"SOL-00510-1","33984005099"
"MCL-01035","813006010351"
"HBL-00212","076791002127"
"HBL-07602","076791076029"
"HBL-07611","076791076111"
"MCL-01614","813006016148"
"MCL-01505","813006015059"
"WOR-59077","726899590773"
"MCL-01513","813006015134"
"MCL-01467","813006014670"
"MCL-01010","813006010108"
"MCL-01585","813006015851"
"MCL-01194","813006011945"
"MCL-01215","813006012157"
"BRM-00427","39978004277"
"MCL-01197","813006011976"
"MCL-01508","813006015080"
"HHE-12056","318858120567"
"HHE-11206","318858112067"
"HHE-54624","318858546244"
"HHE-11812","318858118120"
"BRM-00126","39978001269"
"HHE-12224","318858122240"
"MCL-01681","813006016810"
"MCL-01512","813006015127"
"MCL-01458","813006014588"
"MCL-01216","813006012164"
"MCL-01198","813006011983"
"DRB-00408","753950004085"
"MCL-01691","813006016919"
"MCL-01237","813006012379"
"SOL-04132-60","33984041318"
"DRB-00404","753950004047"
"MCL-01582","813006015820"
"SNS-01354","021078013549"
"CRO-49803","084783498032"
"CRO-89109","084783891093"
"MCL-01052","813006010528"
"CRO-49802","084783498025"
"CRO-49807","084783498070"
"CRO-89120","084783891208"
"MCL-01539","813006015394"
"CRO-89144","084783891444"
"CRO-49809","084783498094"
"CRO-49834","084783498346"
"CRO-89112","084783891123"
"MCL-01639","813006016391"
"MCL-21090","810094210908"
"MCL-01500","813006015004"
"MCL-01498","813006014984"
"CRO-34002","084783340027"
"CRO-86776","084783867760"
"MCL-01214","813006012140"
"MCL-01514","813006015141"
"MCL-01610","813006016100"
"HOG-25107","603573251079"
"LEX-19133","737870191339"
"LEX-18693","737870186939"
"MCL-01672","813006016728"
"CSR-03160","747889031601"
"CSR-01985","747889019852"
"MCL-01536","813006015363"
"SNS-00217","021078002178"
"DNH-10125","790223101256"
"OST-10260","5902232610260"
"OST-10888","5902232610888"
"DNH-10023","790223100235"
"LPK-02053","4820077020536"
"NEL-12897","016185128972"
"HUR-00522","851228005229"
"CRO-49823","084783498230"
"CRO-44700","84783447009"
"NEL-09665","016185096653"
"DNH-10033","790223100334"
"CRO-89127","084783891277"
"TWL-03217","027434032179"
"CRO-89146","084783891468"
"TWL-00642","027434006422"
"CRO-44702","084783447023"
"TWL-00287","027434002875"
"CRO-81050","084783810506"
"AVO-02394","381371023943"
"NWY-14241","033674142417"
"CRO-34004","084783340041"
"TWL-00281","027434002813"
"CRO-34007","084783340072"
"NWY-17850","033674178508"
"NWY-40521","033674405215"
"HYA-00012","858259000124"
"HYA-00027","HYA-00027"
"JRW-12034","790011120346"
"JRW-06028","790011060284"
"NWY-13508","033674135082"
"NWY-03502","358008035020"
"NWY-62000","033674620007"
"NWY-15380","033674153802"
"NWY-14300","033674143001"
"JRW-03042","790011030423"
"NDG-36220","663204362208"
"NDG-36230","663204362307"
"NDG-36287","663204362871"
"QLL-00321","812259003219"
"NWY-15682","033674156827"
"NWY-49111","033674491119"
"NRX-00071","853237000714"
"NRX-00541","857268005410"
"NWY-14931","033674149317"
"NWY-15432","033674154328"
"NWY-13300","033674133002"
"NWY-14650","033674146507"
"JAS-90002","023923900028"
"NWY-17708","033674177082"
"JAS-90017","023923900172"
"NWY-14152","033674141526"
"NWY-17600","033674176009"
"NWY-15049","033674150498"
"ETB-10400","707990104007"
"ETB-25000","707990250001"
"ETB-20300","707990203007"
"NWY-62800","033674628003"
"WWB-00590","691195005903"
"NWY-14550","033674145500"
"NWY-40631","033674406311"
"NWY-15601","033674156018"
"NWY-15548","033674155486"
"NWY-16700","033674167007"
"NWY-15770","033674157701"
"NWY-17000","033674170007"
"NWY-14156","033674141564"
"PFI-02214","044386022140"
"NWY-15356","033674153567"
"NWY-12150","033674121504"
"EOR-01006","813313010068"
"NWY-15135","033674151358"
"NWY-14165","033674141656"
"EOR-01504","813313015049"
"EOR-01503","813313015032"
"NWY-41311","033674413111"
"NWY-13675","033674136751"
"EOR-00202","894932002023"
"NWY-10009","033674100097"
"NWY-79230","033674792308"
"NWY-79320","033674793206"
"NWY-15604","033674156049"
"SNS-01567","021078015673"
"JRW-06024","790011060246"
"NWY-40331","033674403310"
"NWY-15311","033674153116"
"ORT-1319620","-01319620"
"EDN-01158","024182011586"
"QLL-00329","812259003295"
"NWY-60800","033674608005"
"NWY-15100","033674151006"
"NWY-64500","033674645000"
"NWY-45161","033674451618"
"NWY-63600","033674636008"
"QLL-00323","812259003233"
"QLL-00303","812259003035"
"NWY-10483","033674104835"
"FHH-00010","895749000103"
"NWY-14220","033674142202"
"FHH-00085","895749000851"
"EMT-60018","750856600182"
"EMT-03233","763948032334"
"EDN-02151","024182021516"
"EDN-02100","024182021004"
"EMT-05526","763948055265"
"EDN-15170","024182151701"
"EMT-07526","763948075263"
"EMT-04606","763948046065"
"NWY-15899","033674158999"
"NWY-10485","033674104859"
"FHH-00011","895749000110"
"EDN-00025","024182000252"
"EDN-49115","024182491159"
"CRO-89133","084783891338"
"EDN-30011","024182300116"
"OPN-02037","748927020373"
"OPN-02646","748927026467"
"OPN-02647","748927026474"
"OPN-05223","748927052237"
"NWY-10484","033674104842"
"OPN-02973","748927029734"
"OPN-02305","748927023053"
"OPN-02866","748927028669"
"OPN-02956","748927029567"
"OPN-02234","748927022346"
"OPN-02870","748927028706"
"OPN-02868","748927028683"
"OPN-02869","748927028690"
"OPN-02986","748927029864"
"OPN-02414","748927024142"
"OPN-02413","748927024135"
"OPN-02717","748927027174"
"FHH-00006","895749000066"
"EDN-30013","024182300130"
"FHH-00016","895749000165"
"FHH-00039","895749000394"
"EDN-15273","024182152739"
"FHH-00082","895749000820"
"FHH-00002","895749000028"
"FHH-00001","895749000011"
"EDN-00042","024182000429"
"FHH-00027","895749000271"
"EDN-00018","024182000184"
"FHH-00086","895749000868"
"FHH-00081","895749000813"
"CRO-49821","084783498216"
"NWY-45181","033674451816"
"CRO-44709","084783447092"
"NWY-14400","033674144008"
"OPN-05275","748927052756"
"EDN-26308","024182263084"
"EMT-06113","763948061136"
"OPN-02171","748927021714"
"OPN-02787","748927027877"
"CRO-89143","084783891437"
"SNS-00173","021078001737"
"CRO-44703","084783447030"
"NWY-14181","033674141816"
"OPN-02910","748927029109"
"NWY-10260","033674102602"
"NWY-40440","033674404409"
"NWY-15289","033674152898"
"OPN-02627","748927026276"
"CRO-86712","084783867128"
"OPN-05249","748927052497"
"OPN-02411","748927024111"
"OPN-02987","748927029871"
"OPN-05353","748927053531"
"EMT-07206","763948072064"
"OPN-02300","748927023008"
"EMT-09952","763948099528"
"CRO-49800","084783498001"
"EMT-07236","763948072361"
"OPN-02419","748927024197"
"OPN-02299","748927022995"
"OPN-02384","748927023848"
"OPN-02682","748927026825"
"ECL-37928","023363379286"
"ECL-10234","023363102341"
"ECL-10274","023363102747"
"ECL-10280","023363102808"
"OPN-02423","748927024234"
"OPN-02313","748927023138"
"ECL-11208","023363112081"
"ECL-30931","023363309313"
"EMT-03243","763948032433"
"EMT-15831","763948158317"
"EMT-00804","871791008045"
"EMT-05886","763948058860"
"ECL-30168","023363301683"
"ECL-30916","023363309160"
"OPN-02864","748927028645"
"DAD-00047","858394000478"
"OPN-02412","748927024128"
"ECL-30962","023363309627"
"OPN-02865","748927028652"
"EUR-11202","367703112028"
"EUR-20292","367703202927"
"EUR-20089","EUR-20089"
"EUR-20609","367703206093"
"EUR-10906","367703109066"
"THI-00417","859871004170"
"ISV-00209","898950002096"
"MHS-56127","850026256178"
"ECL-37942","023363379422"
"NOW-00135","733739001351"
"NOW-00137","733739001375"
"NOW-00011","733739000118"
"PES-02139","766298021393"
"NOW-03260","733739032607"
"EMT-10981","354022109815"
"NOW-00837","733739008374"
"SOL-01121","033984011212"
"SOL-03561","033984035614"
"CVR-03487","696859034879"
"NOW-06906","733739069061"
"CGN-00663","898220006632"
"NOW-03300","733739033000"
"NOW-04351","733739043511"
"EMT-03336","763948033362"
"YUV-00123","899105001230"
"BUR-34561","016055345614"
"CES-51370","70734513701"
"REA-01569","094922015693"
"EQUAZENTM PRO","9003616000236"
"Sol-Vision","33984547919"
"Cardio","X000LBVUS7"
"Brain","33984540606"
"BABA DE CARACOL","7461976722564"
"GOD-00136","898062001369"
"REV-11167","87992111679"
"NOW-03237","733739032379"
"33984026025","33984026025"
"33984026018","33984026018"
"HBL-01012","76791010122"
"NTL-00510","047469005108"
"FBS-00124","49479001248"
"LEX-20141","737870201410"
"NOW-03770","733739037701"
"HOG-81456","603573814564"
"NFS-35562","629022355624"
"DRA-00526","679372005267"
"NOW-04723","733739047236"
"NOW-04735","733739047359"
"NOW-04660","733739046604"
"NOW-05970","733739059703"
"SOL-04*121-60","33984041400"
"SOL-03972","033984039728"
"PES-00527","766298005270"
"CCS-00204","851492002047"
"SOR-04511","076280045116"
"SOL-00830","033984008304"
"PTF-10667","021078106678"
"NWY-00026","033674000267"
"SOR-04517","076280045178"
"SOR-05100","076280051001"
"SOR-46105","076280461053"
"SOR-63349","076280633498"
"SOL-04161","033984041615"
"SOL-03220","033984032200"
"SOR-03075","076280030754"
"STE-00005","617928000052"
"NOW-00122","733739001221"
"NAF-38215","732168382154"
"ZAR-00273","898115002732"
"SOR-03760","076280037609"
"GOL-11258","658010112581"
"PLO-00016","846675000163"
"RLT-11311","021888113118"
"JRW-24003","790011240037"
"LEX-13271","737870132714"
"NOW-06322","733739063229"
"NOW-02251","733739022516"
"SOR-09823","076280098235"
"CGN-00945","898220009459"
"SOR-04113","076280041132"
"NOW-00491","733739004918"
"POW-51149","4820231511498"
"SOR-45931","076280459319"
"STD-95724","084380957246"
"GOL-12003","658010120036"
"YUV-00168","899105001681"
"NMD-00200","705928002005"
"SOL-01911","033984019119"
"NOW-01664","733739016645"
"LEX-19426","737870194262"
"HOK-80976","686352809760"
"SOR-00276","076280002768"
"SOL-03260","033984032606"
"THR-00479","693749004790"
"GOL-12005","658010120050"
"CTL-40015","049100400150"
"CTL-40009","049100400099"
"GNT-00105","896245001052"
"GNT-00107","896245001076"
"SFD-90640","803813906404"
"CMS-11131","051299111311"
"SOL-01446","033984014466"
"DEV-00040","895634000409"
"YUE-00149","890146001494"
"YUE-01168","810165011687"
"SOR-47105","076280471052"
"HOG-39529","603573395292"
"SOR-04621","076280046212"
"SOR-44686","076280446869"
"PES-01023","766298010236"
"PES-01024","766298010243"
"YUE-00186","890146001869"
"EDW-00062","043182000628"
"NAP-29949","097467299498"
"ACO-02012","813424020123"
"EUR-23706","367703237066"
"SOR-03084","076280030846"
"THI-00268","890397002684"
"YUE-01195","810165011953"
"SOR-09853","076280098532"
"SOL-54708","033984547087"
"NWY-14350","033674143506"
"SOR-01390","076280013900"
"SOR-11664","076280116649"
"SOR-38170","076280381702"
"STD-95784","084380957840"
"STD-95744","084380957444"
"NOR-12138","768990121388"
"NOR-50089","768990500893"
"NOW-06909","733739069092"
"GBR-04827","015000048273"
"HAP-00153","852697001538"
"WAK-10341","023542103411"
"NOW-03875","733739038753"
"GOL-12006","658010120067"
"NUT-31114","692752311147"
"HIM-40301","605069403016"
"MCH-00233","856516002331"
"YUE-00104","890146001043"
"NDY-62225","761584622254"
"SOL-59197","033984591974"
"NCR-00318","727783003188"
"NUT-10010","692752100109"
"SOR-01660","076280016604"
"NWY-10895","033674108956"
"PAR-77789","601944777890"
"PES-00398","766298003986"
"ACO-02021","813424020215"
"ORT-07142424","-07142424"
"SOR-45852","076280458527"
"NOW-02129","733739021298"
"PLO-00554","846675005540"
"HAP-01024","819573010244"
"HOK-80178","686352801788"
"WAK-60132","023542601320"
"CGN-00940","898220009404"
"TMR-00004","878941000041"
"SOL-03542","033984035423"
"FRO-02302","089836023025"
"NMD-04530","705928045309"
"MGF-60147","051494601471"
"ECL-63102","023363631025"
"NOW-05996","733739059963"
"MLC-23370","082982233706"
"LEX-19093","737870190936"
"NOW-00406","733739004062"
"DNH-10072","790223100723"
"CGN-00913","898220009138"
"ZAR-00282","898115002824"
"NOR-30126","768990301261"
"XLB-00296","892327002962"
"SOR-04130","076280041309"
"APX-70015","076855700150"
"SOL-02642","033984026421"
"LEX-19862","737870198628"
"SDX-09701","041388097015"
"LEX-15402","737870154020"
"FBS-02514","049479025145"
"NDM-02727","031604027278"
"SDX-06555","041388065557"
"APX-70098","076855700983"
"MGF-60145","051494601457"
"PLO-00556","846675005564"
"PED-02245","3700225602245"
"NOW-06672","733739066725"
"NTA-01645","083000016455"
"ATT-10780","626232107807"
"HNI-00023","898631000236"
"NOR-04091","768990040917"
"REA-28190","094922281906"
"YUE-01624","810165016248"
"YUE-01626","810165016262"
"GGR-00205","899696002050"
"SOR-00862","076280008623"
"NOW-00525","854273005251"
"NOW-03210","733739032102"
"NOW-04682","733739046826"
"GBR-07005","015000070052"
"NAP-29961","097467299610"
"NOW-04771","733739047717"
"OPN-02450","748927024500"
"THB-21104","697029211045"
"EPD-00134","898414001344"
"RLT-12101","021888121014"
"AMX-23352","665553233529"
"PES-00683","766298006833"
"PLO-00337","846675003379"
"NOW-01610","733739016102"
"DEV-00007","895634000072"
"NOW-04780","733739047809"
"BAB-05410","679234054105"
"FUN-72085","632474720858"
"SOR-01154","076280011548"
"ORT-10013216","-10013216"
"DRB-00418","753950004184"
"SOR-00260","076280002607"
"ARG-53660","713947536609"
"DRB-00454","753950004542"
"NOR-12170","768990121708"
"NOW-07757","733739077578"
"UNN-01432","039442014320"
"DNG-00200","076855002001"
"NAP-01930","097467019300"
"SOR-04815","076280048155"
"QHE-74378","079896743780"
"SOR-08130","076280081305"
"CGN-01103","898220011032"
"HAP-00119","852697001194"
"SOR-04678","076280046786"
"DNH-10127","790223101270"
"PES-00689","766298006895"
"NOW-03097","733739030979"
"LVI-00010","024345000105"
"PFH-72412","713708724122"
"JRW-14093","790011140931"
"CGN-01060","898220010608"
"NOW-02906","733739029065"
"CAR-01714","088395017148"
"NWY-15300","033674153000"
"HAP-01174","819573011746"
"PES-01208","766298012087"
"HIM-01011","605069010115"
"HIM-40201","605069402019"
"PLO-00370","846675003706"
"PLO-00336","846675003362"
"MDN-50421","720379504212"
"NOW-07350","733739073501"
"CSR-04140","747889041402"
"SFD-03051","803813030512"
"BAL-78008","674756780082"
"GOL-12004","658010120043"
"APX-70059","076855700594"
"NRT-04290","074312042904"
"ECL-37922","023363379224"
"SOR-01378","076280013788"
"EVC-00763","187132007630"
"NOW-02054","733739020543"
"SOL-53595","033984535954"
"NOW-07805","733739078056"
"SOR-37583","076280375831"
"NOW-04742","733739047427"
"TGP-90145","734027901452"
"SOR-37768","076280377682"
"CLF-05427","015794054276"
"NOW-02392","733739023926"
"DRB-00437","753950004375"
"PAL-03320","010181033209"
"HIM-42001","605069420013"
"NDG-46070","663204460706"
"RLT-10991","021888109913"
"SDN-00343","030768003432"
"NOW-00037","733739000378"
"SOR-01505","076280015058"
"CSR-01650","747889016509"
"PLO-00013","846675000132"
"PLO-00015","846675000156"
"LVI-08012","733739080127"
"NTL-00237","047469002374"
"CLF-01674","015794016748"
"OPN-02035","748927020359"
"CLF-06672","015794066729"
"NWY-16900","033674169001"
"CCS-00203","851492002030"
"NOW-07679","733739076793"
"LEX-20281","737870202813"
"CGN-01104","898220011049"
"SOR-20677","076280206777"
"SYN-00427","852971004279"
"DRA-00100","679372001009"
"NRT-13439","074312134395"
"NRT-51697","074312516979"
"YUV-00171","899105001711"
"JRW-18018","790011180180"
"HAP-00152","852697001521"
"ATK-07506","637480075060"
"ATK-02580","637480025805"
"AMH-58880","076630588805"
"PTT-80182","8809239801820"
"SOR-02160","076280021608"
"LIL-00623","027917006239"
"MLI-01044","898220010448"
"LTE-01049","817670010495"
"LTE-01050","817670010501"
"GBR-04525","015000045258"
"LEX-19881","737870198819"
"SOL-03547","033984035478"
"MSC-70392","631656703924"
"DME-00370","030985003703"
"DME-00365","030985003659"
"DME-00487","030985004878"
"NOW-02202","733739022028"
"NOW-02122","733739021229"
"SOR-35007","076280350074"
"CGN-01258","CGN-0125"
"SOL-04140","033984041400"
"DRB-00428","753950004283"
"APX-70042","076855700426"
"NOW-04775","733739047755"
"BRM-00956","039978009562"
"BRY-55945","736211559456"
"JRW-18019","790011180197"
"QHE-04946","079896049462"
"CTL-36374","049100363745"
"LEX-19086","737870190868"
"SFD-04441","803813044410"
"SRE-00453","023249004530"
"GFC-20900","083851209006"
"CLF-02474","015794024743"
"VEG-00859","838766008592"
"SOL-02980","033984029804"
"APX-70109","076855701096"
"NFS-03544","068958035444"
"WHS-20231","012511202316"
"DBW-00255","072239002551"
"GOL-11679","658010116794"
"CLF-06251","015794062516"
"RAD-00301","085178003015"
"GBR-07001","015000070014"
"HAP-01175","819573011753"
"YBP-00204","046352002040"
"NAP-04925","097467049253"
"PRW-72283","644225722837"
"SOR-04461","076280044614"
"RLT-35101","021888351015"
"SOR-04707","076280047073"
"PAL-07386","010181073861"
"NOW-03788","733739037886"
"UNN-03052","039442030528"
"GOL-11887","658010118873"
"VGL-10032","076280100327"
"NOW-00070","733739000705"
"NOW-00486","733739004864"
"NOW-01650","733739016508"
"CRX-47024","8809416470245"
"OPN-02522","748927025224"
"LEX-19371","737870193715"
"JRW-21055","790011210559"
"SOL-01422","033984014220"
"NOR-13120","768990131202"
"SCI-00028","181030000281"
"SCI-00029","181030000298"
"FRO-04407","089836044075"
"LEX-21006","737870210061"
"IRW-57284","710363572846"
"PLO-00117","846675001177"
"PES-00331","766298003313"
"PES-00238","766298002385"
"PES-01377","766298013770"
"PES-01195","766298011950"
"PES-00252","766298002521"
"PES-00024","766298000244"
"PES-00827-старый","766298008271"
"PES-00173","766298001739"
"PES-00862","766298008622"
"PES-00029","766298000299"
"AMH-50204","076630502047"
"SRE-01027","023249010272"
"BRM-00365","039978003652"
"MCL-01559","813006015592"
"SOL-02676","033984026766"
"NRT-58913","074312589133"
"LEX-19296","737870192961"
"SDX-09709","041388097091"
"NAP-47421","097467474215"
"AHR-12008","665231120080"
"SOR-04242","076280042429"
"AMX-20254","665553202549"
"LGJ-10204","049056102047"
"MLV-53002","759160530024"
"AHR-12004","665231120042"
"PES-00110","766298001104"
"NOR-01892","768990018923"
"FRO-18906","089836189066"
"MSC-70941","631656709414"
"SOL-01726","033984017269"
"NRT-13102","074312131028"
"AMX-12396","665553123967"
"SRE-00412","023249004127"
"PES-00374","766298003740"
"RLT-11243","021888112432"
"PES-00239","766298002392"
"HIM-20007","605069200073"
"EMT-04250","763948042500"
"SOL-59597","033984595972"
"SOR-02761","076280027617"
"SFD-03502","803813035029"
"THR-00485","693749004851"
"EZV-91403","8809311914035"
"ZAR-00269","898115002695"
"JRW-20211","790011202110"
"YBP-00105","046352001050"
"SOL-31405","033984314054"
"NOW-00110","733739001108"
"NOW-02696","733739026965"
"SOR-49301","076280493016"
"SPC-24238","037014242386"
"YOU-00316","853244003166"
"LGJ-11104","049056111049"
"IRW-57806","710363578060"
"PIF-50718","797734507188"
"NAP-04440","097467044401"
"JRW-03045","790011030454"
"NMD-00100","705928001008"
"HIM-40501","605069405010"
"ADN-02048","859975020489"
"PED-00289","3700225600289"
"YUE-01645","810165016453"
"MASECA","037297914475"
"PES-00053","766298000534"
"SOR-38584","076280385847"
"PAL-03305","010181033056"
"SOL-04131","033984041318"
"GBR-07003","015000070038"
"SOR-81459","076280814590"
"GOL-11415","658010114158"
"NAP-45602","097467456020"
"SOR-00841","076280008418"
"SOR-04710","076280047103"
"FRO-19523","089836195234"
"CGN-01144","898220011445"
"NYC-00993","8016867009935"
"PES-01379","766298013794"
"PES-01026","766298010267"
"CGN-01092","898220010929"
"ATK-03505_дубль","637480035057"
"LEX-17512","737870175124"
"NEA-00767","810648007671"
"LVI-00006","024345000068"
"ARG-56600","713947566002"
"FRO-00356","089836003560"
"FRO-00202","089836002020"
"FRO-02972","089836029720"
"GBR-07021","015000070212"
"NAV-00084","858847000840"
"PAL-04544","010181045448"
"NRT-02832","074312028328"
"NTL-07066","047469070663"
"SOL-50500","033984505001"
"CGN-01071","898220010714"
"NAP-29923","097467299238"
"NOW-05811","733739058119"
"PES-01455","766298014555"
"PES-00440","766298004402"
"PMF-02011","811445020115"
"NRT-18187","074312181870"
"HAP-01303","819573013030"
"SPT-13305","022506133051"
"CEN-27770","740985277706"
"NOW-02100","733739021007"
"FRO-02955","089836029553"
"FRO-18482","089836184825"
"FRO-02610","089836026101"
"FRO-02946","089836029461"
"NOW-07703","733739077035"
"PAL-03314","010181033148"
"FLJ-00501","850171005010"
"NTL-06014","047469060145"
"HIM-02701","605069027014"
"THR-22501","693749225010"
"APX-70025","076855700259"
"NTL-07102","047469071028"
"HBP-01524","090700015244"
"ARG-52820","713947528208"
"NOW-02211","733739022110"
"STD-95295","084380952951"
"FRO-00638","089836006387"
"MDN-50401","720379504014"
"RLT-10951","021888109517"
"SOR-05903","076280059038"
"CLF-05024","015794050247"
"GBR-04520","015000045203"
"SRE-00083","023249000839"
"BFN-08109","020526081093"
"FRO-19961","089836199614"
"NWY-40431","033674404317"
"CGN-01099","898220010998"
"YUE-01905","810165019058"
"HAP-01304","819573013047"
"SRO-01061","810511010616"
"LEX-18429","737870184294"
"FLI-07909","016500079095"
"PFH-42106","713708421069"
"NTL-06076","047469060763"
"DRA-00505","679372005052"
"NOW-02214","733739022141"
"NTD-86021","8594014860214"
"SOL-01958","033984019584"
"VTM-10231","700522102311"
"NTL-07166","047469071660"
"HOG-76363","603573763633"
"CAL-71875","021245718758"
"CGN-01113","898220011131"
"NTL-07140","047469071400"
"KEV-01142","816536011423"
"CGN-01117","898220011179"
"AMX-20241","665553202419"
"ENZ-14015","670480140154"
"HBP-03083","090700030834"
"CGN-01109","898220011094"
"YOU-00323","853244003234"
"VTM-10126","700522101260"
"CGN-01129","898220011292"
"RBR-60020","000518600204"
"SRE-00455","023249004554"
"DME-01480","030985014808"
"RLT-20312","021888203123"
"DST-00071","074300000718"
"NTL-04515","047469045159"
"SNP-80276","8809239802766"
"PED-02023","3700225602023"
"AMX-22431","665553224312"
"REN-53546","631257535467"
"ZAR-00531","858438005315"
"NAP-03095","097467030954"
"SOL-01912","033984019126"
"WHS-20441","012511204419"
"NTL-00465","047469004651"
"FRO-18350","089836183507"
"NSI-25360","726511253604"
"SPC-24223","037014242232"
"CGN-01054","898220010547"
"DNH-10032","790223100327"
"HBP-90070","090900000705"
"GOL-11138","658010111386"
"NOW-00262","733739002624"
"NAP-04968","097467049680"
"SOG-19492","089836194923"
"OPN-05225","748927052251"
"NOR-01676","768990016769"
"NOW-04937","733739049377"
"HYA-00074","858259000742"
"MCL-01732","813006017329"
"SRE-00436","023249004363"
"CRX-47003","8809416470030"
"NAP-01791","097467017917"
"AZQ-00721","898220007219"
"JRW-14092","790011140924"
"GOL-11139","658010111393"
"GFC-20922","083851209228"
"NAP-04383","097467043831"
"OAD-55819","016500558194"
"PES-01769","766298017693"
"THO-19525","031315195259"
"KTT-00996","084114009968"
"NAP-29950","097467299504"
"LEX-18681","737870186816"
"YOU-00384","853244003845"
"AMH-03618","076630036184"
"YGT-20356","076950203563"
"NOW-01629","733739016294"
"LEX-21023","737870210238"
"YUE-00157","890146001579"
"FRO-19539","089836195395"
"PLO-00555","846675005557"
"SOR-04860","076280048605"
"CGN-01112","898220011124"
"CSS-10008","728060100088"
"DRB-00417","753950004177"
"SNS-01420","021078014201"
"YGT-45002","076950450028"
"GOL-11235","658010112352"
"GOL-12119","658010121194"
"HIM-40601","605069406017"
"BLB-00376","743715003767"
"NWY-11923","033674119235"
"amazonB00569GU18","362103323043"
"SBL-00122","896116001228"
"SSV-23228","684088232289"
"NOW-03031","733739030313"
"SOR-04801","076280048018"
"SOR-45835","076280458350"
"FDA-00047","891551000478"
"PES-00453","766298004532"
"NOW-07737","733739077370"
"SOR-03800","076280038002"
"SOR-04450","076280044508"
"EMT-05006","763948050062"
"HIM-12159","605069121590"
"FRO-00702","089836007025"
"PTT-800618","8809239800618"
"SOR-01645","076280016451"
"EDW-00521","043182005210"
"OAD-56533","016500565338"
"NAV-00033","858847000338"
"DRB-00405","753950004054"
"CAL-38000","021245380009"
"NAP-30950","097467309500"
"GOL-11606","658010116060"
"GOL-11603","658010116039"
"GOL-11386","658010113861"
"GOL-11667","658010116671"
"FDA-00049","891551000492"
"SOR-04695","076280046953"
"NCR-00373","727783003737"
"NCR-90091","727783900913"
"CGN-01098","898220010981"
"NTL-06672","047469066727"
"FRO-00563","089836005632"
"NOW-01649","733739016492"
"NOW-00461","733739004611"
"NOW-04785","733739047854"
"LEX-18279","737870182795"
"NCR-00367","727783003676"
"MHN-01052","755929010523"
"WSP-02161","814422021617"
"NAP-03501","097467035010"
"MRM-63003","609492630032"
"BRY-55935","736211559357"
"SOR-64475","076280644753"
"GOL-11385","658010113854"
"GBR-04521","015000045210"
"EDW-00036","011206000367"
"FRO-19465","089836194657"
"CPN-00830","073230008306"
"NOW-04593","733739045935"
"HOG-88424","603573884246"
"PAL-04037","010181040375"
"PES-00045","766298000459"
"NTL-07230","047469072308"
"NAP-03421","097467034211"
"NAP-03770","097467037700"
"NAP-37691","097467376915"
"GOL-11159","658010111591"
"CET-91808","302993918080"
"USN-52862","6009544952862"
"WSP-02002","814422020023"
"HIM-20006","605069200066"
"STR-00394","767963003942"
"HFS-75450","099496754504"
"YUE-01165","810165011656"
"NTL-00590","047469005900"
"FRO-02304","089836023049"
"CCM-00101","CCM-00101"
"LEX-19401","737870194019"
"HAP-00118","852697001187"
"LEX-20349","737870203490"
"NCR-90058","727783900586"
"WIF-16797","793573167972"
"DNH-65664","790223656640"
"ALI-00038","656385000380"
"IVE-60806","077043608067"
"SPC-24247","037014242478"
"HEE-10061","787647100613"
"HBP-80064","090800000645"
"CAL-13463","021245134633"
"DNH-10049","790223100495"
"HPI-08764","083502087649"
"HPI-08781","083502087816"
"NAV-02023","811961020231"
"PTF-10484","021078104841"
"NOR-01677","768990016776"
"NCR-00366","727783003669"
"SOR-90578","076280905786"
"NAP-01850","097467018501"
"CLF-01649","015794016496"
"FRO-00658","089836006585"
"MBN-01260","898220012602"
"FLO-68070","061998680704"
"NAP-02564","097467025646"
"NOW-03880","733739038807"
"LEX-19456","737870194569"
"CMX-11317","083078113179"
"SOR-13176","076280131765"
"PIF-50720","797734507201"
"LEX-21076","737870210764"
"ZAR-00250","898115002503"
"NOR-02765","768990027659"
"SPE-11201","022506112018"
"EMT-08452","763948084524"
"NOW-07463","733739074638"
"WET-06712","055712067124"
"NAP-03768","097467037687"
"SOR-38169","076280381696"
"NOW-02909","733739029096"
"CGN-01065","898220010653"
"YGT-20582","076950205826"
"NWY-14242","033674142424"
"NSI-24660","726511246606"
"WIF-00420","857188004203"
"NAP-04932","097467049321"
"NAP-04842","097467048423"
"DRW-53026","689191530260"
"NAP-47140","097467471405"
"NWY-13800","033674138007"
"FRO-18334","089836183347"
"HOG-15350","603573153502"
"NAP-00991","097467009912"
"STD-95764","084380957642"
"NOW-03064","733739030641"
"HOG-41371","603573413712"
"YBP-00106","046352001067"
"GBR-04522","015000045227"
"ATK-04506","637480045063"
"CGN-01061","898220010615"
"TWN-23126","070177231262"
"PEN-98346","026664983466"
"MRM-80016","609492800169"
"MRM-80015","609492800152"
"NAP-03960","097467039605"
"YUE-01162","810165011625"
"POW-51152","4820231511528"
"MAV-14754","311845147547"
"HOG-67003","603573670030"
"NCR-00304","727783003041"
"NOW-06411","733739064110"
"OAD-55818","016500558187"
"JRW-16058","790011160588"
"CBD-30003","086449300031"
"NUT-10676","692752106767"
"FFT-00375","031919003752"
"VEM-00003","855748000030"
"ORT-10013239","-10013239"
"YGT-45043","076950450431"
"MRM-57001","609492570017"
"CGN-00932","898220009329"
"SOR-04460","076280044607"
"NOW-07022","733739070227"
"MDN-50423","720379504236"
"AMH-16985","076630169851"
"TWN-23128","070177231286"
"SOR-04365","076280043655"
"NAP-03772","097467037724"
"HFK-10110","701619101101"
"GOL-12025","658010120258"
"GOL-11569","658010115698"
"GOL-11664","658010116640"
"GOL-11665","658010116657"
"DNH-10228","790223102284"
"SOR-03768","076280037685"
"WED-09894","4001638098946"
"NTA-00628","083000006289"
"NOW-07542","733739075420"
"MRM-31019","609492310194"
"HOG-65433","603573654337"
"MGF-10317","051494103173"
"UNN-04091","039442040916"
"FRO-02305","089836023056"
"GOL-11857","658010118576"
"PAR-77744","601944777449"
"HBP-00336","090700003364"
"HBP-80011","090800000119"
"UNN-00042","039442000439"
"IME-39315","715783393156"
"NOW-04315","733739043153"
"FPI-03862","633422038629"
"PAL-05165","010181051654"
"RLT-12181","021888121816"
"LEX-20066","737870200666"
"LTD-83016","026395830169"
"GOL-11663","658010116633"
"TWN-03452","070177034528"
"NOW-00129","733739001290"
"CLF-05070","015794050704"
"VEM-00001","855748000016"
"YUE-00165","890146001654"
"NAP-01120","097467011205"
"SFD-10075","803813100758"
"SOG-18511","089836185112"
"NTA-26187","083000261879"
"PAL-04195","010181041952"
"SOL-00101","033984001015"
"SOL-01038","033984010383"
"SOL-01042","033984010420"
"SOL-59194","033984591943"
"SOL-01056","033984010567"
"SOL-01120","033984011205"
"SOL-01160","033984011601"
"SOL-01210","033984012103"
"SOL-01220","033984012202"
"SOL-01287","033984012875"
"SOL-01448","033984014480"
"SOL-01540","033984015401"
"SOL-01680","033984016804"
"SOL-01700","033984017009"
"SOL-59204","033984592049"
"SOL-01745","033984017450"
"SOL-01790","033984017900"
"SOL-01934","033984019348"
"SOL-01936","033984019362"
"NRT-15745","074312157455"
"SOL-01940","033984019409"
"SOL-01944","033984019447"
"SOL-01950","033984019508"
"SOL-02027","033984020276"
"SOL-02050","033984020504"
"SOL-02272","033984022720"
"SOL-02701","033984027015"
"SOL-02760","033984027602"
"SOL-03870","033984038707"
"SOL-00415","033984004153"
"SOL-00430","033984004306"
"SOL-00518","033984005181"
"SOL-00520","033984005204"
"SOL-52387","033984523876"
"SOL-00570","033984005709"
"SOL-00070","033984000704"
"SOL-00866","033984008663"
"SOL-00935","033984009356"
"SOL-00936","033984009363"
"SOL-00940","033984009400"
"SOL-00947","033984009479"
"SOL-00957","033984009578"
"REN-15720","631257157201"
"EVL-90914","852687909141"
"SRE-01018","023249010180"
"ORI-50818","801541508181"
"MRM-61010","609492610102"
"NTA-26594","645951358918"
"SRE-01015","023249010159"
"NOW-03802","733739038029"
"NCR-00371","727783003713"
"TMR-00081","878941000812"
"ORT-1319778","-01319778"
"GBR-07004","015000070045"
"IRW-58531","710363585310"
"IRW-58536","710363585365"
"IVE-10473","077043104736"
"APX-70085","076855700853"
"HOG-25103","603573251031"
"HBP-00438","090700004385"
"MRM-31013","609492310132"
"PES-00449","766298004495"
"FRO-02616","089836026163"
"FRO-02891","089836028914"
"LTD-40032","026395400324"
"NAP-29942","097467299429"
"PES-00757","766298007571"
"PES-00859","766298008592"
"OAD-56531","OAD-56"
"OAD-56531","016500565314_"
"MHN-04501","755929045013"
"HOG-28995","603573289959"
"LEX-21253","737870212539"
"аmazonB0089XA2U8","И00П3ИЫЩЙЦ"
"MCL-01821","813006018210"
"NOW-00175","733739001757"
"NOW-00123","733739001238"
"FRO-19456","089836194565"
"SOG-18525","089836185259"
"GOL-11832","658010118323"
"NAP-01793","097467017931"
"NWY-11926","033674119266"
"ARG-51580","713947515802"
"SOR-01481","076280014815"
"LEX-20406","737870204060"
"Pillbox_white","8380000000111"
"NTA-16431","083000164316"
"NTA-16162","083000161629"
"SOR-03115","076280031157"
"CAL-38010","021245380108"
"NOR-31143","768990311437"
"HPI-08765","083502087656"
"NAP-29943","097467299436"
"NAP-48716","097467487161"
"TWN-03453","070177034535"
"TWN-03474","070177034740"
"IHB-00961","8982200096191"
"GAI-14596","751063145961"
"MRM-80003","609492800039"
"OBF-19608","030768196080"
"RLT-60006","021888600069"
"ARG-52571","713947525719"
"THB-53240","697029532409"
"BTX-21021","041388210216"
"CRB-01000","816907010000"
"GAI-39060","751063390606"
"KIM-02454","812325024544"
"SOR-04814","076280048148"
"NOW-06678","733739066787"
"MRM-71301","609492713018"
"MRM-23107","609492231079"
"MRM-81006","609492810069"
"YUV-00109","899105001094"
"GOL-11405","658010114059"
"NOW-01628","733739016287"
"NDM-01269","031604012694"
"NAP-01790","097467017900"
"ENZ-98121","670480981214"
"PAL-05180","010181051807"
"YGT-20295","076950202955"
"BTN-51014","8809540510014"
"SMA-00483","851356004835"
"NOW-04776","733739047762"
"KHC-10035","696916100356"
"MCL-03174","810487031745"
"NHS-00001","335824000012"
"GBR-07437","015000074371"
"OJI-05064","845772050644"
"THR-75802","693749758020"
"THR-00625","693749006251"
"OLY-91097","710013910974"
"NAP-04462","097467044623"
"HBP-00087","090700000875"
"NAV-00051","858847000512"
"HOG-27442","603573274429"
"HOG-36460","603573364601"
"NOW-01296","733739012968"
"SPT-13710","022506137103"
"NTL-05576","047469055769"
"SRE-01050","023249010500"
"FRO-00795","089836007957"
"GOL-11439","658010114394"
"PAL-04580","010181045806"
"PAL-02535","010181025358"
"NRT-30709","074312307096"
"NOW-02919","733739029195"
"ZNW-00721","856521007215"
"LEX-20226","737870202264"
"NCR-00308","727783003089"
"FRO-02604","089836026040"
"YUE-01153","810165011533"
"YUE-01150","810165011502"
"YUE-01623","810165016231"
"CEN-21674","740985216743"
"NTA-06457","083000064579"
"PES-00688","766298006888"
"MAH-10115","697658101151"
"CLF-05822","015794058229"
"ORT-10176964","-10176964"
"GAI-14938","751063149389"
"NDM-01893","031604018931"
"NOW-01447","733739014474"
"HYL-29244","354973292444"
"MGF-10325","051494103258"
"HEC-11701","765704117019"
"PES-01182","766298011820"
"LEX-20756","737870207566"
"WIF-00427","857188004272"
"MHN-04110","755929041107"
"IRW-58638","710363586386"
"NAP-02484","097467024847"
"NBC-00450","728177004507"
"NOW-02949","733739029492"
"NTA-00621","083000006210"
"NTB-77704","047868777040"
"SNS-02486","021078024866"
"HPI-08763","083502087632"
"HIM-41501","605069415019"
"MAV-16215","311845162151"
"PES-01265","766298012650"
"LIF-20075","053232200755"
"CGN-01072","898220010721"
"NWY-11772","033674117729"
"IRW-58549","710363585495"
"NBC-01006","728177010065"
"CGN-01058","898220010585"
"WOR-59047","726899590476"
"NFS-02841","068958028415"
"DEV-00029","895634000294"
"NTL-07141","047469071417"
"NTA-16290","083000162909"
"FLO-67920","061998679203"
"FLO-67930","061998679302"
"AMX-20175","665553201757"
"FPI-03103","633422031033"
"LEX-21216","737870212164"
"VFS-00297","854532002977"
"HRT-00018","861555000187"
"NAP-01480","097467014800"
"PES-00019","766298000190"
"PES-01333","766298013336"
"DNH-10095","790223100952"
"NTA-16032","083000160325"
"GOL-11567","658010115674"
"EMT-00092","763948000920"
"MSF-04621","653341046215"
"NTC-32990","705692329902"
"SOG-18514","089836185143"
"NAP-01890","097467018907"
"PAL-03235","010181032356"
"LEX-18739","737870187394"
"NTA-16467","083000164675"
"NTA-00669","083000006692"
"STD-95305","084380953057"
"NTA-00620","083000006203"
"NTA-16445","083000164453"
"APX-70060","076855700600"
"LEX-19251","737870192510"
"HBP-00338","090700003388"
"NOW-07527","733739075277"
"FRO-00523","089836005236"
"CEN-27062","740985270622"
"THR-00653","693749006534"
"IRW-26319","710363263195"
"NBB-01660","371401016601"
"HOG-15331","603573153311"
"NCR-90125","727783901255"
"HOG-74757","603573747572"
"NBB-71201","371400712016"
"PES-00613","766298006130"
"MSC-60557","631656605570"
"HOG-27446","603573274467"
"HED-00217","814599002174"
"IRW-57837","710363578374"
"CGN-01115","898220011155"
"NRT-13168","074312131684"
"SOR-00230","076280002300"
"SOR-04818","076280048186"
"DRB-00458","753950004580"
"FBS-00022","049479000227"
"PAL-04890","010181048906"
"SOR-04205","076280042054"
"IRW-57294","710363572945"
"RBR-60022","000518600228"
"IRW-56841","710363568412"
"GOL-11886","658010118866"
"MGF-10324","051494103241"
"THR-00661","693749006619"
"IRW-58537","710363585372"
"CAL-66906","021245669067"
"GOE-00003","015839000039"
"JOV-01128","815421011289"
"SRO-00049","857562000494"
"HNS-06504","070650000002"
"HBP-00398","090700003982"
"NDM-04044","031604040444"
"BTN-51019","8809540510190"
"MWC-00433","858645004330"
"NOW-04320","733739043207"
"DEV-00023","895634000232"
"HED-00216","814599002167"
"ARG-50320","713947503205"
"IRW-58926","710363589264"
"MCL-01699","813006016995"
"IRW-58635","710363586355"
"NOW-04855","733739048554"
"HBP-03063","090700030636"
"LEX-19369","737870193692"
"SNS-00302","021078003021"
"HBP-03068","090700030681"
"REN-56020","631257560209"
"NDM-02743","031604027438"
"SOR-39905","076280399059"
"ORT-10013630","-10013630"
"GOL-11435","658010114356"
"GOL-11829","658010118293"
"NPA-77700","058449777007"
"LEX-18286","737870182863"
"MIZ-52119","8809587521197"
"THR-22002","693749220022"
"HAP-01225","819573012255"
"HAP-01421","819573014211"
"SOR-03155","076280031553"
"CAL-38038","021245380382"
"PES-01749","766298017495"
"GOL-11594","658010115940"
"NEO-23871","312547238717"
"RLT-10311","021888103119"
"MRM-23105","609492231055"
"REV-12114","087992121142"
"LEX-22073","737870220732"
"RAD-00108","085178001080"
"KHC-10040","696916100400"
"CGN-01114","898220011148"
"NTA-16462","083000164620"
"HRP-82571","076970825714"
"DRB-00464","753950004641"
"NEO-23809","312547238090"
"PES-01407","766298014074"
"ZNW-00734","856521007345"
"HOG-84931","603573849313"
"SOG-19515","089836195159"
"NOW-08102","733739081025"
"HOG-84912","603573849122"
"FRO-00863","089836008633"
"NBC-01067","728177010676"
"YUE-01603","810165016033"
"LON-02326","8936630023268"
"RBR-60013","000518600136"
"NWY-15659","033674156599"
"LEX-20036","737870200369"
"HCM-39760","050000397600"
"HOG-17002","603573170028"
"BFN-00763","020526007635"
"KMF-83131","028367831310"
"FLI-55435","016500554356"
"NTB-15059","047868150591"
"NCR-90069","727783900692"
"FNI-02002","685864020021"
"HIM-50122","605069501224"
"NOW-07739","733739077394"
"CLM-00243","667803002435"
"NTL-16108","047469161088"
"KIM-02164","812325021642"
"PES-01637","766298016375"
"PES-00267","766298002675"
"MRM-31046","609492310460"
"NBB-18349","371400183496"
"NOW-07900","733739079008"
"CLF-02680","015794026808"
"KEV-01228","816536012284"
"BAB-05563","679234055638"
"NCR-00239","727783002396"
"CMX-00794","083078007942"
"CMX-00716","083078007164"
"HNI-00042","898631000427"
"ECT-07425","079625074253"
"TWL-00285","027434002851"
"NAP-29941","097467299412"
"PFH-41101","713708411015"
"QUA-10300","046985103008"
"MRM-80020","609492800206"
"NAP-33647","097467336476"
"BLB-00997","743715009974"
"NTL-07144","047469071448"
"FRO-18923","089836189233"
"PAL-03280","010181032806"
"CGN-01125","898220011254"
"PAR-77742","601944777425"
"PAR-77763","601944777630"
"PLY-60476","631656604764"
"SOG-18516","089836185167"
"SOG-18510","089836185105"
"STD-95704","084380957048"
"CMX-11311","083078113117"
"NAP-48727","097467487277"
"MSC-70573","631656705737"
"NCR-00408","727783004086"
"ORI-50001","801541500017"
"CMX-11314","083078113148"
"LEX-19496","737870194965"
"JRW-29068","790011290681"
"NOR-12124","768990121241"
"NOW-04699","733739046994"
"PTF-10658","021078106586"
"MAV-17737","311845177377"
"ARG-56670","713947566705"
"NCR-90045","727783900456"
"GOL-12071","658010120715"
"NAP-48720","097467487208"
"NOW-02397","733739023971"
"NHB-49816","041954498161"
"HRT-00012","861555000125"
"NUR-00106","027917001067"
"NTW-00619","858081006196"
"HOG-88428","603573884284"
"DEV-00002","895634000027"
"MRM-31047","609492310477"
"SDN-01880","030768018801"
"HBP-00054","090700000547"
"ACO-02000","813424020000"
"MRM-31011","609492310118"
"NTA-00602","083000006029"
"XLR-00003","700596000032"
"MRM-31052","609492310521"
"NOW-05907","733739059079"
"CAR-18340","088395183409"
"NRT-59387","074312593871"
"PAL-05335","010181053351"
"NTL-16115","047469161156"
"NRT-29176","074312291760"
"PFH-42103","713708421038"
"NOW-00355","733739003553"
"OLY-00122","710013001221"
"JRW-12035","790011120353"
"WIF-00403","857188004036"
"CGN-01178","898220011780"
"MRM-54010","609492540102"
"QUA-00101","046985001014"
"GOL-12027","658010120272"
"RIC-31195","036602311954"
"HBP-00346","090700003463"
"IRW-56819","710363568191"
"SGS-00324","049347003244"
"FHH-00004","895749000042"
"NCR-00311","727783003119"
"NBC-01065","728177010652"
"SDN-54055","030768540555"
"SRE-01032","023249010326"
"THR-76002","693749760023"
"NTA-26221","083000262210"
"OBF-03120","030768031206"
"GOL-11943","658010119436"
"HPI-10353","083502103530"
"PES-01056","766298010564"
"DES-33437","718334334370"
"NTA-16023","083000160233"
"GAI-14641","751063146418"
"LAT-00041","857190000415"
"NBB-50601","371400506011"
"PES-00243","766298002439"
"NLI-00226","040647002265"
"CBD-00225","086449002256"
"KEV-01101","KEV-01101"
"AIB-10001","647865100010"
"MAV-11699","311845116994"
"HAP-01067","819573010671"
"LEX-19516","737870195160"
"GBR-04828","015000048280"
"UNN-03023","039442030238"
"DNH-10015","790223100150"
"PES-01357","766298013572"
"SOR-03355","076280033557"
"NFS-01252","068958012520"
"NTA-16030","083000160301"
"MRM-23106","609492231062"
"SGW-00041","019277000415"
"CET-92708","302993927082"
"ATK-07056","637480070560"
"HRP-11036","076970110360"
"HBP-00021","090700000219"
"NAV-00037","858847000376"
"DRB-00451","753950004511"
"IRW-58104","710363581046"
"CGN-01066","898220010660"
"CAR-01612","088395016127"
"NOW-01839","733739018397"
"NOW-02937","733739029379"
"NOW-04725","733739047250"
"PLO-00182","846675001825"
"NOW-01482","733739014825"
"BGL-80505","647125805051"
"SOL-01052","033984010529"
"NDM-01441","031604014414"
"ARG-50450","713947504509"
"NOW-00384","733739003843"
"ATN-02000","816401020000"
"TRA-00014","032917000149"
"PAR-77852","601944778521"
"ORI-50593","801541505937"
"LEX-18639","737870186397"
"RLT-11332","021888113323"
"CAR-01312","088395013126"
"YUV-00176","899105001766"
"LEX-20296","737870202967"
"PES-00382","766298003825"
"REN-53450","631257534507"
"IRW-58600","710363586003"
"NOW-00502","733739005021"
"LEX-23483","737870234838"
"YGT-20455","076950204553"
"BFU-51380","364031513800"
"APX-70102","076855701027"
"PTT-802872","8809239802872"
"OPN-02281","748927022810"
"BOC-46530","324208465301"
"GOL-11565","658010115650"
"SEA-01961","087703019614"
"ATN-02004","816401020048"
"PLO-00116","846675001160"
"HBP-00088","090700000882"
"MRM-21008","609492210081"
"IRW-57829","710363578299"
"MHN-04100","755929041008"
"INN-40124","051494401248"
"TRA-00013","032917000132"
"AMX-20265","665553202655"
"PIF-50719","797734507195"
"GOL-11568","658010115681"
"APX-70068","076855700686"
"kirklandB00P8ZAWK0","X002QBBUGP"
"PTF-10391","021078103912"
"SNG-56020","632651560208"
"NOW-02240","733739022400"
"LEX-21013","737870210139"
"CEN-27591","740985275917"
"MSC-60409","631656604092"
"NOR-01806","768990018060"
"SOR-55058","076280550580"
"GME-10410","791014104104"
"HUP-30780","302190307809"
"BioticsResearch7856","Ч002Ц26АВ1"
"NBC-00995","728177009953"
"NBC-01055","728177010553"
"MOR-00959","819237009591"
"NOW-03262","733739032621"
"NWY-11973","033674119730"
"LIL-01426","027917014265"
"NWY-11924","033674119242"
"GOL-11779","658010117791"
"HBP-00433","090700004330"
"LEX-20216","737870202165"
"GOL-11566","658010115667"
"NAP-36661","097467366619"
"YGT-20454","076950204546"
"GAI-14939","751063149396"
"LTD-30032","026395300327"
"THR-63302","693749633020"
"PLO-00180","846675001801"
"YGT-45046","076950450462"
"SOR-04802","076280048025"
"SPT-14510","022506145108"
"JRW-29074","790011290742"
"LAB-36102","710779361027"
"PFM-10010","019336100100"
"NOW-03376","733739033765"
"EDW-00035","011206000350"
"EDW-00042","039631000424"
"PES-00281","766298002811"
"PES-00615","766298006154"
"PES-00153","766298001531"
"PES-00378","766298003788"
"PES-01025","766298010250"
"PES-01356","766298013565"
"PES-00945","766298009452"
"PES-00098","766298000985"
"PES-00079","766298000794"
"PES-00681","766298006819"
"PES-00172","766298001722"
"PES-00099","766298000992"
"SOG-18528","089836185280"
"REE-00666","070670006664"
"REE-00642","070670006428"
"LBD-48262","052800482623"
"BAB-05803","679234058035"
"NOW-00340","733739003409"
"NOW-00456","733739004567"
"NOW-00670","733739006707"
"NOW-01835","733739018359"
"NOW-01684","733739016843"
"NOW-01612","733739016126"
"NTS-25558","710363255589"
"MGF-10318","051494103180"
"CAL-27691","021245276913"
"HBP-90067","090900000675"
"THO-19142","031315191428"
"GGR-00295","899696002951"
"ARG-52231","713947522312"
"LEX-19632","737870196327"
"HOG-25112","603573251123"
"HOG-35015","603573350154"
"HOG-15144","603573151447"
"HOG-52442","603573524425"
"SOR-04561","076280045611"
"GOL-11941","658010119412"
"CAR-01561","088395015618"
"HML-01304","812907013041"
"NOW-01661","733739016614"
"LEX-19216","737870192169"
"NOW-06285","733739062857"
"CAL-36975","021245369752"
"GOL-11383","658010113830"
"NBC-00900","728177009007"
"CGN-01126","898220011261"
"EMT-16843","763948168439"
"NTL-07229","047469072292"
"BYB-35125","094922351258"
"FRO-00398","089836003980"
"MGF-10322","051494103227"
"KMF-83455","028367834557"
"GAI-14927","751063149273"
"HBP-80036","090800000362"
"LOV-00134","716270001349"
"KEV-01205","816536012055"
"NOR-01878","768990018787"
"CGN-00954","898220009541"
"аmazonB00FMZGWZK","Ч001ЗРЛН6Т"
"RAL-21032","038435210329"
"WIF-00401","857188004012"
"NTS-25554","710363255541"
"PED-00203","3700225600203"
"HAP-00130","852697001309"
"PES-01758","766298017587"
"HEC-51921","765704519219"
"PAL-04391","010181043918"
"NTL-03001","047469030018"
"CAR-94140","088395941405"
"SOG-18530","089836185303"
"SOG-18518","089836185181"
"SOG-18513","089836185136"
"MAV-13751","311845137517"
"CAR-10530","088395105302"
"SNS-02399","021078023999"
"HAR-10001","640627100013"
"SNS-01905","021078019053"
"SNS-00628","021078006282"
"SOR-19285","076280192858"
"AYU-00063","704849000633"
"ALH-86840","760860868409"
"PFH-42101","713708421014"
"SRE-01019","023249010197"
"FRO-02326","089836023261"
"AUR-99101","051381991012"
"NTB-71217","047868712171"
"LEX-22036","737870220367"
"FRW-13241","724498132417"
"FPI-03031","633422030319"
"FPI-03161","633422031613"
"BBD-00304","852060003046"
"CAR-43510","088395435102"
"HBP-90019","090900000194"
"HOG-36469","603573364694"
"PES-00548","766298005485"
"PFH-42105","713708421052"
"NFS-01249","068958012490"
"HYB-05855","9506000058559"
"NTW-00635","NTW-00635"
"CGN-01173","898220011735"
"APX-70103","076855701034"
"FRO-18280","089836182807"
"BSN-06338","834266063383"
"FPI-03102","633422031026"
"AYU-00023","704849000237"
"NRT-00530","074312005305"
"HOG-88319","603573883195"
"NTA-16274","083000162749"
"IRW-58307","710363583071"
"INN-40011","051494400111"
"BAB-05551","679234055515"
"KHC-33010","696916330104"
"NAV-02075","811961020750"
"CGN-01059","898220010592"
"NTA-00664","083000006647"
"NRT-53098","074312530982"
"APX-70075","076855700754"
"APX-70029","076855700297"
"FPI-03182","633422031828"
"CAR-10330","088395103308"
"AOR-08089","624917080896"
"HOG-39545","603573395452"
"SOR-17404","076280174045"
"MRM-80008","609492800084"
"AME-01947","092961019474"
"MAH-10101","697658101014"
"CAR-49430","088395494307"
"CLF-05043","015794050438"
"IRW-59212","710363592127"
"LIL-01434","027917014340"
"HNI-00025","898631000250"
"HYX-60252","631656602524"
"ARG-50010","713947500105"
"MOR-00953","819237009539"
"SOR-57419","076280574197"
"PED-00265","3700225600265"
"APX-70058","076855700587"
"HED-00270","814599002709"
"NWY-18100","033674181003"
"EMR-00224","743650002245"
"BRY-81589","689076815895"
"SDN-03545","030768035457"
"NOR-02721","768990027215"
"HBP-00348","090700003487"
"NOR-31160","768990311604"
"TEE-43111","795239431113"
"NAP-48718","097467487185"
"ENZ-11010","670480110102"
"GOL-12215","658010122153"
"AMG-93100","829835931002"
"ORI-50000","801541500000"
"NCR-00317","727783003171"
"SOR-51812","076280518122"
"OBF-67930","030768679309"
"CLP-41354","648426413549"
"LEX-19203","737870192039"
"LEX-21203","737870212034"
"SOR-28246","076280282467"
"IRW-59193","710363591939"
"IRW-58309","710363583095"
"HRP-22109","076970221097"
"MRM-21104","609492211040"
"IRW-26354","710363263546"
"NSI-24760","726511247603"
"NBC-00200","728177002008"
"PTF-10666","021078106661"
"IRW-25317","710363253172"
"NOW-04970","733739049704"
"FLO-68192","061998681923"
"HBP-90030","090900000309"
"CGN-01101","898220011018"
"MRM-31016","609492310163"
"MRM-22002","609492220028"
"PES-00435","766298004358"
"NOR-03183","768990031830"
"PAR-77829","601944778293"
"PAR-77830","601944778309"
"THR-00634","693749006343"
"PAR-77864","601944778644"
"PAR-77818","601944778187"
"MRM-31048","609492310484"
"SOR-02140","076280021400"
"PRW-72273","644225722738"
"PAL-04359","010181043598"
"PES-00216","766298002163"
"MRM-54002","609492540027"
"PTF-10503","021078105039"
"PAR-77764","601944777647"
"HBP-80076","090800000768"
"NTD-86949","8594014869491"
"DRA-00190","679372001900"
"EID-00026","640923000260"
"CAL-67204","021245672043"
"NOW-00993","733739009937"
"HFC-00002","650786000024"
"CAL-81109","021245811091"
"EID-00035","640923000352"
"KNK-19578","689076195782"
"PTC-00017","642719000171"
"NOW-06681","733739066817"
"DRB-00416","753950004160"
"SOR-01631","076280016314"
"CAR-94120","088395941207"
"SNS-02757","021078027577"
"CAR-01804","088395018046"
"SOR-04359","076280043594"
"CAL-41369","021245413691"
"ACO-02038","813424020383"
"IRW-58225","710363582258"
"NBC-01039","728177010393"
"LEX-19936","737870199366"
"NOR-02152","768990021527"
"SOR-01125","076280011258"
"MHN-10403","755929104031"
"NTA-00761","083000007613"
"GOL-11870","658010118705"
"GOL-11254","658010112543"
"PHI-01010","813986010105"
"NCR-00370","727783003706"
"SDN-01014","030768010140"
"HBP-80024","090800000249"
"PTF-10444","021078104445"
"FLO-68072","061998680728"
"ATK-02553","637480025539"
"NAP-48726","097467487260"
"CAL-81309","021245813095"
"GOL-11585","658010115858"
"PES-00384","766298003849"
"ENZ-13051","670480130513"
"OST-20254","5903246220254"
"HOG-81449","603573814496"
"FBS-02509","049479025091"
"DNH-92695","790223926958"
"LIF-50065","053232500657"
"LTD-00032","026395000326"
"PES-00783","766298007830"
"PES-00304","766298003047"
"PES-01073","766298010731"
"PES-00091","766298000916"
"CGN-01175","898220011759"
"PES-00563","766298005638"
"TEE-40060","795239400607"
"PES-00270","766298002705"
"PES-00504","766298005041"
"PES-00560","766298005607"
"PES-00444","766298004440"
"PES-00093","766298000930"
"NOW-07100","733739071002"
"NAP-04762","097467047624"
"NRT-15417","074312154171"
"MAV-08117","311845081179"
"DRB-00412","753950004122"
"CGN-01100","898220011001"
"NTA-16350","083000163500"
"NTL-04510","047469045104"
"DEV-00037","895634000379"
"HOG-52500","603573525002"
"SOR-04451","076280044515"
"AYU-00043","704849000435"
"CAL-50018","021245500186"
"PTF-10108","021078101086"
"NRT-11932","074312119323"
"THB-10116","697029101162"
"SOR-00185","076280001853"
"SDN-50356","030768503567"
"HNI-00024","898631000243"
"ZAH-08059","848998080594"
"NTL-06323","047469063238"
"NOW-07718","733739077189"
"GAI-14602","751063146029"
"NTL-00863","047469008635"
"PAL-03510","010181035104"
"PAR-77788","601944777883"
"NWY-12111","033674121115"
"NCR-00645","727783006455"
"TEE-80010","795239800100"
"TEE-80060","795239800605"
"ENZ-11011","670480110119"
"BRY-32331","705105323312"
"PAL-03308","010181033087"
"ENZ-13040","670480130407"
"CDL-14000","608274140004"
"OPT-01501","350520015016"
"CAL-81209","021245812098"
"HOG-25109","603573251093"
"PES-01148","766298011486"
"PES-01597","766298015972"
"PES-02418","766298024189"
"PES-00680","766298006802"
"PES-01211","766298012117"
"CAL-89308","021245893080"
"DEV-00033","895634000331"
"SOL-71735","033984717350"
"DEV-00027","895634000270"
"TEE-80070","795239800704"
"TEE-43220","795239432202"
"NOR-06110","768990061103"
"GIO-18450","716237184504"
"FRO-02938","089836029386"
"HYB-11371","9506000113715"
"ENZ-10081","670480100813"
"GOL-12223","658010122238"
"AME-04022","092961040225"
"SDN-00541","030768005412"
"SKF-10064","8809153100641"
"HCM-39758","050000397587"
"FRO-02731","089836027313"
"BRY-56855","736211568557"
"BRY-81559","689076815598"
"BRY-46525","736211465252"
"ATK-02566","637480025669"
"ATK-07555","637480075558"
"NTC-31140","705692311402"
"RAD-00315","085178003152"
"SOR-37402","076280374025"
"MSC-60474","631656604740"
"SOR-04381","076280043815"
"FPI-03703","633422037035"
"NTS-00090","614322000909"
"PAL-04392","010181043925"
"PTF-10560","021078105602"
"NTL-00228","047469002282"
"NBC-01051","728177010515"
"NTA-16154","083000161544"
"SOR-68520","076280685206"
"NSW-91467","613405914676"
"SNS-02735","021078027355"
"NBB-71060","371400710609"
"PAR-77868","601944778682"
"HRP-41446","076970414468"
"NSW-61066","613405610660"
"HOG-41334","603573413347"
"NTA-26140","083000261404"
"HOG-15380","603573153809"
"PES-00175","766298001753"
"ENZ-14050","670480140505"
"FLO-68090","061998680902"
"NCR-90068","727783900685"
"NTL-05229","047469052294"
"CLF-04983","015794049838"
"NTA-16158","083000161582"
"MLC-00304","079526003048"
"NTA-16403","083000164033"
"BRM-00209","039978002099"
"AOR-08325","624917083255"
"NTL-16033","047469160333"
"HOK-60014","686352600145"
"SOR-37369","076280373691"
"LEX-22703","737870227038"
"UNN-05217","039442052179"
"MRM-72110","609492721105"
"ZNW-72019","810091720196"
"OPT-00103","350520001033"
"LFH-87854","645951878546"
"CAL-66706","021245667063"
"ORT-1319904","4260022695851"
"LFH-35891","083000265945"
"ENZ-20110","670480201107"
"NOW-02948","733739029485"
"HOG-52445","603573524456"
"HUP-30580","302190305805"
"SOR-44685","076280446852"
"CGN-01170","898220011704"
"INA-02071","841905020713"
"PAR-77869","601944778699"
"HAP-00149","852697001491"
"GBR-04829","015000048297"
"HRP-22132","076970221325"
"NCR-00364","727783003645"
"ORT-2696018","-00890293"
"SOR-04301","076280043013"
"CGN-01176","898220011766"
"DNH-90254","790223902549"
"LEM-01715","603902017154"
"LFH-58081","645951580814"
"NFS-01241","068958012414"
"PES-01317","766298013176"
"NDM-02791","031604027919"
"RIC-07917","036602079175"
"RIC-07290","036602072909"
"JRW-15069","790011150695"
"NBC-01030","728177010300"
"NOW-07320","733739073204"
"SOG-19517","089836195173"
"SDN-02793","030768027933"
"NRT-19491","074312194917"
"ZNW-00774","856521007741"
"LFH-78725","645951787251"
"NCR-90117","727783901170"
"CAL-40757","021245407577"
"CAR-17210","088395172106"
"CAL-38284","021245382843"
"FBS-00650","049479006502"
"NTA-00683","083000006838"
"SOR-04705","076280047059"
"SIN-00007","315013000078"
"CAR-17220","088395172205"
"HBP-00013","090700000134"
"SOR-08132","076280081329"
"NYC-00703","8016867007030"
"BAT-25297","308078252971"
"NOR-12135","768990121357"
"FRO-00396","089836003966"
"NTA-26105","083000261053"
"NLI-00616","040647006164"
"GBR-07444","015000074449"
"HBP-80033","090800000331"
"PES-00937","766298009377"
"LEX-22306","737870223061"
"NBC-01033","728177010331"
"PTF-10144","021078101444"
"LEX-20236","737870202363"
"AYU-00013","704849000138"
"NTS-50133","732391501339"
"SNS-02655","021078026556"
"LFH-51871","645951518718"
"THI-00209","890397002097"
"HBP-00098","090700000981"
"NDM-02612","031604026127"
"SFM-00420","711575004200"
"LEX-19233","737870192336"
"HYL-32281","354973322813"
"SOR-04861","076280048612"
"FLO-61578","061998615782"
"NCR-90098","727783900982"
"BFN-00523","020526005235"
"CAL-65185","021245651857"
"SOR-04271","076280042719"
"TEE-40130","795239401307"
"FLI-09713","016500097136"
"SNS-01425","021078014256"
"SOR-77193","076280771930"
"NSI-25560","726511255608"
"IPS-10262","019852102626"
"PES-00036","766298000367"
"NTA-00578","083000005787"
"DRB-00287","753950002876"
"KEV-01249","816536012499"
"NOR-01664","768990016646"
"GBR-07451","015000074517"
"HOG-35014","603573350147"
"ORT-695868","4260022695868"
"PES-00456","766298004563"
"PES-00007","766298000077"
"MCL-01029","813006010290"
"HEE-85280","787647852802"
"EPI-65600","772570656009"
"HBP-00359","090700003593"
"ORT-5382064","-05382064"
"ORT-1319850","-01319850"
"ALG-76910","713947769106"
"DRB-00407","753950004078"
"LEX-22083","737870220831"
"SOG-18038","089836180384"
"CAR-10500","088395105005"
"AL-7171","4606492010228"
"NCR-90195","727783901958"
"LEX-19226","737870192268"
"CGN-01204","898220012046"
"IME-39310","715783393101"
"SPM-00505","856069005056"
"IRW-59140","710363591403"
"PES-00211","766298002118"
"BLB-00412","743715004122"
"IRW-57827","710363578275"
"SNS-02656","021078026563"
"NTA-00527","083000005275"
"HRT-00011","861555000118"
"OJI-00232","845772002322"
"AMG-00053","829835000531"
"THR-00644","693749006442"
"ARG-71150","713947711501"
"PES-01430","766298014302"
"HYB-11679","9506000116792"
"ENZ-13041","670480130414"
"OPT-01502","350520015023"
"CDL-14500","608274145009"
"GOL-11570","658010115704"
"BAB-05602","679234056024"
"AL-7131","AL-7131"
"PES-00231","766298002316"
"NBC-00301","728177003012"
"INN-43003","051494430033"
"GAI-99626","751063996266"
"AMG-54373","829835543731"
"NUT-10388","692752103889"
"RAL-10032","038435100323"
"AL-2012","4820200140308"
"ORI-00016","ORI-00016"
"GAI-30540","751063305402"
"ORI-00011","851469000113"
"NCR-00302","727783003027"
"NCR-00307","727783003072"
"NCR-00310","727783003102"
"NCR-00316","727783003164"
"NCR-00322","727783003225"
"NCR-00327","727783003270"
"NCR-00330","727783003300"
"NCR-00337","727783003379"
"NCR-90057","727783900579"
"NCR-04509","NCR-04509"
"NCR-90151","727783901514"
"NCR-90046","727783900463"
"NCR-90074","727783900746"
"NCR-90097","727783900975"
"NTB-84406","047868844063"
"CGN-01102","898220011025"
"CAL-71060","021245710608"
"EMR-00337","743650003372"
"NAV-00064","858847000642"
"PEO-59610","028000596101"
"CAL-74810","021245748106"
"NEO-23722","312547237222"
"EMT-02869","763948028696"
"NBB-70801","371400708019"
"CYTO-B15100","0632930930975"
"CYTO-B17500100","B17500100"
"CYTO-B1750060","CYTO-B1750060"
"CYTO-B17100100","CYTOB17100100"
"SPT-10260","022506102606"
"OBN-60030","091401600302"
"ATR-02928","310539029282"
"ALG-71810","713947718104"
"YUV-00175","899105001759"
"SBL-00129","896116001297"
"IRW-26242","710363262426"
"CAL-98882","021245988823"
"HBP-80034","090800000348"
"NRT-13437","074312134371"
"CAL-40114","021245401148"
"LEX-19836","737870198369"
"APX-70071","076855700716"
"ENZ-20140","670480201404"
"HYB-05853","9506000058535"
"GOL-12280","658010122801"
"NTL-07369","047469073695"
"LEX-24673","737870246732"
"NAP-05180","097467051805"
"AUR-91222","051381912222"
"THR-00630","693749006305"
"PES-00282","766298002828"
"NRT-64821","074312648212"
"NAP-01048","097467010482"
"ENZ-13050","670480130506"
"NRT-52807","074312528071"
"ENZ-20210","670480202104"
"BLB-01516","743715015166"
"AL-3235","4606492004388"
"NOW-03374","733739033741"
"NOW-06916","733739069160"
"THR-40402","693749404026"
"THR-04809","693749048091"
"OPN-02482","748927024821"
"NTA-16138","083000161384"
"EUR-21006","367703210069"
"NNO-74711","741805747119"
"DRA-00151","679372001511"
"QLL-00339","812259003394"
"NAP-02481","097467024816"
"SOR-12625","076280126259"
"NAP-03350","097467033504"
"REN-15809","631257158093"
"DEV-00028","895634000287"
"SOL-00701","033984007017"
"SOG-18765","089836187659"
"SOR-08363","076280083637"
"SOR-12155","076280121551"
"ORT-319991","-01319991"
"NRT-58911","074312589119"
"SOR-01271","076280012712"
"DEV-00026","895634000263"
"MAH-20102","697658201028"
"AL-4002","4820200140193"
"WIF-00407","857188004074"
"NTL-07331","047469073312"
"CLF-02681","015794026815"
"MRM-80005","609492800053"
"FLO-68145","061998681459"
"CGN-01154","898220011544"
"NOR-01875","768990018756"
"NWY-63400","033674634004"
"NTL-04794","047469047948"
"EMR-00338","743650003389"
"PIO-64398","032811643985"
"HBP-80067","090800000676"
"NAV-00032","858847000321"
"DOU-04040","310539040409"
"LFH-40220","645951402208"
"HOG-39542","603573395421"
"AIB-10094","647865100942"
"NOW-01288","733739012883"
"PES-00168","766298001685"
"ENZ-13030","670480130308"
"SOR-11107","076280111071"
"NTB-80444","047868804449"
"GOL-12070","658010120708"
"ORT-5382070","-05382070"
"ORT-12502563","-12502563"
"CAL-74490","021245744900"
"LFH-28221","645951282213"
"OLV-10001","850687100018"
"PTF-10425","021078104254"
"GOL-12008","658010120081"
"ARG-50470","713947504707"
"JRW-29072","790011290728"
"CGN-01258_Дубль","898220012589"
"FHH-00217","896593002176"
"CET-92108","302993921080"
"MCL-01776","813006017763"
"SNS-02792","021078027928"
"KIM-02464","812325024643"
"VEM-00004","855748000047"
"NOW-04654","733739046543"
"NOW-00320","733739003201"
"NOR-04101","768990041013"
"PES-00230","766298002309"
"PES-00181","766298001814"
"YUE-01904","810165019041"
"NDM-02754","031604027544"
"SNS-00022","021078000228"
"NRT-01707","074312017070"
"NTL-07332","047469073329"
"FUL-00235","850166002352"
"MSC-60680","631656606805"
"CSR-03010","747889030109"
"NOR-02725","768990027253"
"PES-00420","766298004204"
"PES-01259","766298012599"
"ORT-695974","4260022695301"
"GOL-11289","658010112895"
"PES-00219","766298002194"
"PAR-77739","601944777395"
"BRY-00005","646858000054"
"PES-02344","766298023441"
"NAP-00981","097467009813"
"PES-00189","766298001890"
"PES-01504","766298015040"
"PES-01477","766298014777"
"PES-00061","766298000619"
"HBP-90029","090900000293"
"DOU-97923","310539979235"
"NTA-00588","083000005886"
"NWY-06870","033674068700"
"PES-00026","766298000268"
"IRW-26244","710363262440"
"KHC-11518","696916115183"
"NTA-16142","083000161421"
"ARG-50220","713947502208"
"HOG-36474","603573364748"
"OBN-88501","091401885013"
"ENZ-98141","670480981412"
"NHS-00095","335824000951"
"NOW-07652","733739076526"
"NOW-02904","733739029041"
"NOW-07738","733739077387"
"NOW-01293","733739012937"
"NOW-04243","733739042439"
"SFM-00516","711575005160"
"NTL-07146","047469071462"
"EDW-00541","043182005418"
"BRM-00218","039978002181"
"ZAH-08078","848998080785"
"REA-00295","859569002952"
"NWY-12112","033674121122"
"GOL-12279","658010122795"
"HIM-50049","HIM-50049"
"ORI-00054","851469000540"
"ORI-00017","851469000175"
"ZAH-08048","848998080488"
"BRY-55925","736211559258"
"NOW-03188","733739031884"
"PES-00174","766298001746"
"PES-00220","766298002200"
"DNH-10039","790223100396"
"YUV-00116","899105001162"
"SOR-04265","076280042658"
"SNS-01523","021078015239"
"THO-19995","031315199950"
"EPI-65610","772570656108"
"AL-7003","4820200140391"
"SDN-00601","030768006013"
"PES-01055","766298010557"
"PES-00761","766298007618"
"SPN-00215","033739002151"
"RAD-00533","085178005330"
"GOL-11761","658010117616"
"NAP-04843","097467048430"
"YUV-00188","899105001889"
"JRW-16059","790011160595"
"LFH-34282","645951342825"
"SYN-00425","852971004255"
"THO-19640","031315196409"
"NTD-86509","8594014865097"
"MCL-01778","813006017787"
"GXA-00602","857630006021"
"AL-2015","4820200140179"
"NAP-59113","097467591134"
"PES-00184","766298001845"
"IRW-58636","710363586362"
"NHS-00020","335824000203"
"SOR-04671","076280046717"
"CAL-57320","021245573203"
"THR-25502","693749255024"
"POP-70330","039278703306"
"NCR-00324","727783003249"
"LEX-18943","737870189435"
"CLF-05828","015794058281"
"NCR-90075","727783900753"
"NOR-54786","768990547867"
"NTA-26615","083000266157"
"ENZ-29110","670480291108"
"GOL-12222","658010122221"
"CLF-01188","015794011880"
"REA-01570","094922015709"
"PKH-02013","813026020132"
"ZNW-00725","856521007253"
"REJ-08745","035046087456"
"PES-01442","766298014425"
"NTB-41569","047868415690"
"AL-7001","4820200140278"
"LEX-19856","737870198567"
"EDN-00212","024182002126"
"GAI-14940","751063149402"
"NDM-02742","031604027421"
"HIM-00211","605069002110"
"NTA-16302","083000163029"
"NSP-00004","890668000043"
"NSP-00001","890668000012"
"SOR-59912","076280599121"
"PES-00529","766298005294"
"BSN-00152","834266001521"
"SMA-02056","817053020561"
"MRM-80004","609492800046"
"YBP-00104","046352001043"
"HYL-91471","354973914711"
"TGP-90502","734027905023"
"SDN-53491","030768534912"
"NTA-00684","083000006845"
"FPI-03812","633422038124"
"GOL-11840","658010118408"
"MGF-10284","051494102848"
"CAR-12000","088395120008"
"ENZ-20211","670480202111"
"AL-6002","4820200140360"
"THR-00484","693749004844"
"CGN-00934","898220009343"
"CAR-10300","088395103001"
"NAP-49254","097467492547"
"PBL-00351","855757003510"
"AL-6103","4820200140209"
"CAR-66210","088395662102"
"SOL-59203","033984592032"
"LEX-20329","737870203292"
"FPI-03811","633422038117"
"WAK-10343","023542103435"
"EID-00031","640923000314"
"MGF-10280","051494102800"
"CLP-04957","648426049571"
"NOR-12128","768990121289"
"MCL-01939","813006019392"
"DRB-00478","753950004788"
"ENZ-14020","670480140208"
"HEC-31921","765704319215"
"AQP-01946","072140019464"
"REN-15570","631257155702"
"LAT-00019","857190000194"
"INA-02021","841905020218"
"NWY-12114","033674121146"
"SOG-18602","089836186027"
"SOR-47705","076280477054"
"NAP-01068","097467010680"
"GAI-14503","751063145039"
"LON-02142","8936630021424"
"VBH-80024","074306800244"
"RAD-00186","085178001868"
"NOW-00991","733739009913"
"TLT-00008","023991000088"
"TRA-00163","032917001634"
"YOU-00337","853244003371"
"PES-00210","766298002101"
"VEM-00000","855748000009"
"SMA-02067","817053020677"
"CGN-00854","898220008544"
"THR-40302","693749403029"
"THR-00567","693749005674"
"THR-00568","693749005681"
"NOW-01758","733739017581"
"FBS-00074","049479000746"
"ENZ-14005","670480140055"
"ENZ-14010","670480140109"
"MRM-72230","609492722300"
"IRW-56835","710363568351"
"NAP-30601","097467306011"
"GOL-11781","658010117814"
"LFH-84392","645951843926"
"NOW-00762","733739007629"
"NOR-07125","768990071256"
"IRW-57552","710363575526"
"CAR-14120","088395141201"
"REA-97862","094922978622"
"DOU-97770","310539977705"
"DOU-04055","310539040553"
"DOU-04016","310539040164"
"DOU-03055","745287030554"
"USN-10657","6009544910657"
"DOU-03777","310539037775"
"DOU-03773","310539037737"
"USN-51117","6009544951117"
"DOU-01292","310539012925"
"DOU-01740","310539017401"
"DOU-01680","310539016800"
"DOU-01209","310539012093"
"DOU-00605","310539006054"
"PES-01019","766298010199"
"PES-00516","766298005164"
"PES-01476","766298014760"
"PES-01480","766298014807"
"PES-00817","766298008172"
"PES-00080","766298000800"
"PES-01096","766298010960"
"PES-00612","766298006123"
"DRB-00459","753950004597"
"SDN-15745","030768157456"
"NDM-01212","031604012120"
"FLO-68190","061998681909"
"SOR-01590","076280015904"
"SOR-90847","076280908473"
"PES-00201","766298002019"
"PES-01216","766298012162"
"SPS-90450","076635904501"
"SOR-04467","076280044676"
"RLT-21763","021888217632"
"HBP-00060","090700000608"
"HBP-90069","090900000699"
"NOR-30161","768990301612"
"SNS-02076","021078020769"
"NRT-01110","074312011108"
"NWY-41421","033674414217"
"PES-00069","766298000695"
"CBD-55475","086449554755"
"HIM-40701","605069407014"
"NAP-33602","097467336025"
"NOW-03049","733739030498"
"THR-00615","693749006152"
"PNB-00028","851087000281"
"OWH-00470","706195004709"
"CGN-01064","898220010646"
"VTP-00509","850232005096"
"SYM-04011","647303040113"
"WWB-00103","691195001035"
"HYL-31791","354973317918"
"THO-49296","031315492969"
"DRB-00477","753950004771"
"MRM-56002","609492560025"
"NTA-00418","083000004186"
"SMA-02065","817053020653"
"LEX-33206","737870332060"
"NCR-90092","727783900920"
"BLB-00435","743715004351"
"NTA-00682","083000006821"
"TPC-11302","311302113023"
"CEN-27848","740985278482"
"NFS-02256","068958022567"
"NOR-12137","768990121371"
"SPS-90870","076635908707"
"RST-94190","045635941908"
"SPN-00233","033739002335"
"THO-61769","031315617690"
"CGN-01179","898220011797"
"CGN-01266","898220012664"
"NCR-90128","727783901286"
"PES-00819","766298008196"
"PES-01115","766298011158"
"CAL-40696","021245406969"
"HBP-90061","090900000613"
"NOW-04693","733739046932"
"PES-01128","766298011288"
"SOG-19535","089836195357"
"MBE-00951","898220009510"
"DEV-00019","895634000195"
"NLI-00670","040647006706"
"HOG-38428","603573384289"
"MCL-01886","813006018869"
"HEC-60471","765704604717"
"MRM-55016","609492550163"
"PES-01316","766298013169"
"MTC-00005","633924000056"
"NFS-02818","068958028187"
"ORI-50598","801541505982"
"HYL-31601","354973316010"
"XLR-00001","700596000018"
"GAI-14594","751063145947"
"MCL-03236","810487032360"
"NAP-04760","097467047600"
"ALG-77090","713947770904"
"AL-3009","4820200140094"
"PTP-11800","074312118005"
"MitoQ5мг","9421031780982"
"ENZ-29170","670480291702"
"PTP-12886","025077128860"
"NAP-30735","097467307353"
"FRO-07006","089836070067"
"SOR-32989","076280329896"
"DNH-10066","790223100662"
"CMX-00952","083078009526"
"NTA-00672","083000006722"
"ENZ-12010","670480120101"
"SOR-04453","076280044539"
"CAL-45936","021245459361"
"SIN-00001","315013000016"
"SNS-00907","021078009078"
"PTP-11760","074312117602"
"PTP-51463","025077514632"
"MitoQHeart","X0026K9UE5"
"MGF-10352","051494103524"
"SOR-01510","076280015102"
"SOR-71983","076280719833"
"CAL-87768","021245877684"
"PES-01035","766298010359"
"Athletic","850008776359"
"HBP-80063","090800000638"
"AL-5005","AL-5005"
"EID-00001","640923000017"
"NAP-04377","097467043770"
"TMR-00113","878941001130"
"OBF-54127","030768541279"
"LTD-84016","026395840168"
"GAT-02146","816170021468"
"SOR-04169","076280041699"
"CAR-01520","088395015205"
"CAR-01716","088395017162"
"NOW-00426","733739004260"
"NOW-00466","733739004666"
"NOW-00483","733739004833"
"NOW-01235","733739012357"
"NOW-01265","733739012654"
"NOW-01410","733739014108"
"NOW-01480","733739014801"
"NOW-01520","733739015204"
"NOW-01550","733739015501"
"NOW-01750","733739017505"
"NOW-01755","733739017550"
"NOW-01790","733739017901"
"NOW-02025","733739020253"
"NOW-02130","733739021304"
"NOW-02212","733739022127"
"NOW-02311","733739023117"
"NOW-02966","733739029669"
"NOW-03012","733739030122"
"NOW-03040","733739030405"
"NOW-03042","733739030429"
"NOW-03058","733739030580"
"NOW-03258","733739032584"
"NOW-03500","733739035004"
"NOW-03555","733739035554"
"NOW-03890","733739038906"
"NOW-04683","733739046833"
"NOW-04738","733739047380"
"NOW-04747","733739047472"
"NOW-05106","733739051066"
"NOW-05156","733739051561"
"NWY-12088","033674120880"
"PTP-11403","074312114038"
"PTP-16390","074312163906"
"PTP-12806","025077128068"
"PTP-13440","025077134403"
"MIN-61001","5425018610013"
"SOR-04241","076280042412"
"CAL-50200","021245502005"
"LOV-00130","716270001301"
"AL-9104","4820200140070"
"PAR-77797","601944777975"
"AVO-16262","381371162628"
"SYN-00436","852971004361"
"YBP-00131","046352001319"
"LGJ-10205","049056102054"
"DRA-00516","679372005168"
"BSN-06330","834266063307"
"SYM-04022","647303040229"
"CAL-80206","021245802068"
"NOW-02543","733739025432"
"SOR-71705","076280717051"
"LEX-18849","737870188490"
"NFS-01546","068958015460"
"PES-00476","766298004761"
"ENZ-10065","670480100653"
"RST-00714","858562007148"
"NTA-16361","083000163616"
"3927298","-03927298"
"NFS-39153","5425010391538"
"ENZ-15010","670480150108"
"NOR-02155","768990021558"
"PTP-13430","025077134304"
"PTP-50779","025077507795"
"PTP-17903","074312179037"
"SOR-05210","076280052107"
"SSV-23436","684088234368"
"PTP-12060","074312120602"
"PTP-11370","074312113703"
"SOR-04363","076280043631"
"PES-00251","766298002514"
"SMA-00407","851356004071"
"PTP-15317","074312153174"
"PTP-15606","025077156061"
"PTP-55633","025077556335"
"NTA-00864","083000008641"
"PES-01260","766298012605"
"PES-11489","766298114897"
"SDN-53503","030768535032"
"MGF-10355","051494103555"
"PAR-77706","601944777067"
"MGF-10366","051494103661"
"LEX-23166","737870231660"
"PEN-00563","026664005632"
"OMM-00200","892392002003"
"DOU-02689","310539026892"
"AL-4201","4820200140247"
"FHH-00222","896593002220"
"PAR-77705","601944777050"
"LON-02180","8936630021806"
"LEM-10050","603902100504"
"CEN-22673","740985226735"
"PES-00180","766298001807"
"DRA-00186","679372001863"
"GOL-12031","658010120319"
"DOU-20051","745287200513"
"PTP-14261","074312142611"
"IRW-59205","710363592059"
"CLP-21500","648426215006"
"IRW-58051","710363580513"
"YTH-01901","671315019010"
"YTH-01921","671315019218"
"YTH-01929","671315019294"
"OLY-03049","710013030498"
"LEX-19183","737870191834"
"SBF-11835","020525118356"
"JRW-03057","790011030577"
"LEX-20963","737870209638"
"FRO-23184","089836231840"
"CGN-01053","898220010530"
"CSS-10405","728060104055"
"HIM-60016","605069600163"
"NWY-15794","033674157947"
"PTP-13421","074312134210"
"INN-40010","051494400104"
"CAL-51610","021245516101"
"HYL-31961","354973319615"
"EFI-12121","695927121213"
"AUR-88618","051381886189"
"CGN-01180","898220011803"
"HYB-05850","9506000058504"
"HRP-22121","076970221219"
"CLF-05806","015794058069"
"HRT-00014","861555000149"
"NTL-16176","047469161767"
"ALG-70461","713947704619"
"DOU-03482","310539034828"
"DOU-03015","745287030158"
"HYL-32572","354973325722"
"HOD-938361","5453003938361"
"BGA-46020","602359460209"
"BAB-05612","679234056123"
"NNS-00701","739223007014"
"MRM-21103","609492211033"
"CAL-84670","021245846703"
"SPS-90860","076635908608"
"YBP-00518","046352005188"
"NFS-04548","068958045481"
"NWY-12322","033674123225"
"ZAH-08084","848998080846"
"SSV-23431","684088234313"
"NTA-26234","083000262340"
"CGN-01169","898220011698"
"PTP-10190","074312101908"
"PTP-17621","025077176212"
"SOG-18517","089836185174"
"NBC-01066","728177010669"
"GOL-12278","658010122788"
"TOT-71140","689951711403"
"ZNT-02603","817516026031"
"MGF-10349","051494103494"
"PTP-57031","025077570317"
"MRM-23003","609492230034"
"VTP-00548","850232005485"
"SOR-46301","076280463019"
"PTP-10091","074312100918"
"PTP-10100","074312101007"
"PTP-55554","025077555543"
"PTP-52800","025077528004"
"PTP-53153","025077531530"
"PTP-50126","025077501267"
"PTP-39102","025077391028"
"PTP-36557","025077365579"
"PTP-19491","025077194919"
"PTP-21478","025077214785"
"PTP-30685","025077306855"
"PTP-19092","025077190928"
"PTP-17965","025077179657"
"PTP-17875","025077178759"
"PTP-17687","025077176878"
"PTP-14544","074312145445"
"PTP-04545","025077045457"
"PTP-05027","025077050277"
"PTP-15031","074312150319"
"PTP-10006","074312100062"
"PTP-00194","025077001941"
"PTP-10211","074312102110"
"PTP-10236","074312102363"
"PTP-10238","074312102387"
"PTP-10300","074312103001"
"PTP-10303","074312103032"
"PTP-10542","074312105425"
"PTP-10583","074312105838"
"PTP-10585","074312105852"
"PTP-10630","074312106309"
"PTP-10640","074312106408"
"DOU-00295","310539002957"
"PTP-11480","074312114809"
"PTP-17961","074312179617"
"PTP-13328","025077133284"
"PTP-15315","074312153150"
"PTP-77116","074312771163"
"PTP-13578","025077135783"
"PTP-13576","025077135769"
"PTP-13431","025077134311"
"PTP-11328","074312113284"
"PTP-12812","074312128127"
"PTP-11380","074312113802"
"PTP-11373","074312113734"
"PTP-10650","074312106507"
"PTP-15605","025077156054"
"PTP-17618","025077176182"
"PTP-11140","074312111402"
"PTP-10730","074312107306"
"PTP-11732","025077117321"
"PTP-11893","025077118939"
"PTP-12307","074312123078"
"PTP-13835","074312138355"
"PTP-10154","025077101542"
"PTP-16128","025077161287"
"PTP-17374","074312173745"
"PTP-13832","074312138324"
"PTP-16105","025077161058"
"PTP-11143","074312111433"
"PTP-14174","074312141744"
"PTP-14171","074312141713"
"PTP-14293","074312142932"
"PTP-11861","074312118616"
"PTP-16351","074312163517"
"PTP-11110","074312111105"
"PTP-14290","074312142901"
"PTP-12887","025077128877"
"PTP-02111","025077021116"
"PTP-11770","074312117701"
"PTP-12433","074312124334"
"PTP-12430","074312124303"
"PTP-11410","074312114106"
"PTP-11083","074312110832"
"PTP-17610","025077176106"
"PTP-14860","025077148608"
"PTP-14173","074312141737"
"PTP-16830","025077168309"
"PTP-11684","074312116841"
"PTP-16011","074312160110"
"PTP-01938","025077019380"
"PTP-13326","025077133260"
"PTP-00024","025077000241"
"PTP-12170","074312121708"
"PTP-11561","074312115615"
"PTP-11032","074312110320"
"PTP-13531","074312135316"
"PTP-13533","074312135330"
"PTP-11951","074312119514"
"PTP-11594","074312115943"
"PTP-03286","025077032860"
"PTP-13283","074312132834"
"PTP-15255","074312152559"
"PTP-17580","074312175800"
"PTP-12063","074312120633"
"PTP-15531","074312155314"
"PTP-15533","074312155338"
"AL-3024","4606492004524"
"PTP-31364","025077313648"
"AIB-18631","647865186311"
"SOR-08333","076280083330"
"PAR-77795","601944777951"
"CAR-66220","088395662201"
"SOL-54709","033984547094"
"AL-6003","4820200140346"
"AUR-90831","051381908317"
"CAL-14126","021245141266"
"CLF-07012","015794070122"
"TMR-00006","878941000065"
"HIM-42501","605069425018"
"NOW-08098","733739080981"
"DEV-00003","895634000034"
"HOG-17005","603573170059"
"YTH-01920","671315019201"
"NDM-01079","031604010799"
"NOW-03235","733739032355"
"LIF-40005","LIF-40005"
"PES-01616","766298016160"
"NBC-00501","728177005016"
"RDH-00305","355724003050"
"BPR-69790","324208697900"
"ORT-22694830","4260022694830"
"NTA-00854","083000008542"
"THO-19546","031315195464"
"NCR-00333","727783003331"
"THR-00650","693749006503"
"CAL-51581","021245515814"
"NWY-40141","033674401415"
"WAL-88066","072457880665"
"NTA-00670","083000006708"
"IME-38230","715783382303"
"EMT-08540","763948085408"
"FLO-61968","61998619681"
"NWY-15455","33674154557"
"NOW-01406","733739014061"
"MRM-23201","609492232014"
"NWY-16800","033674168004"
"NOW-06724","733739067241"
"NOW-00471","733739004710"
"CBD-31991","086449319910"
"NOW-01780","733739017802"
"NWY-15420","33674154205"
"NAP-29988","097467299887"
"NOW-03056","733739030566"
"ARG-50461","713947504615"
"NOW-05171","733739051714"
"RLT-10976","021888109760"
"DRB-00204","753950002043"
"SOL-01317","033984013179"
"NOW-04754","733739047540"
"NOW-05210","733739052100"
"DRB-00104","753950001046"
"NOW-00113","733739001139"
"CEN-27318","740985273180"
"NTL-04093","047469040932"
"FBS-02511","049479025114"
"DRB-00367","753950003675"
"SOL-36204","033984362048"
"CLF-05029","015794050292"
"NWY-16000","033674160008"
"PUR-00806","659670008061"
"THO-19036","031315190360"
"NOW-02135","733739021359"
"JRW-03004","790011030041"
"SOL-01937","033984019379"
"CDL-10100","608274101005"
"NAP-29968","097467299689"
"GUM-00067","835776000677"
"NOW-04603","733739046031"
"NAP-29978","097467299788"
"SOL-01935","033984019355"
"TWN-15400","070177154004"
"SOL-01941","033984019416"
"NWY-15450","033674154502"
"NEL-12931","016185129313"
"NOW-02620","733739026200"
"NOW-04681","733739046819"
"DRB-00270","753950002708"
"JRW-14086","790011140863"
"SOL-01016","033984010161"
"SNS-01664","021078016649"
"CLF-01653","015794016533"
"SOL-01541","033984015418"
"NWY-12200","033674122006"
"NOW-02313","733739023131"
"DRB-00146","753950001466"
"DRB-00077","753950000773"
"NOW-00069","733739000699"
"NOW-01675","733739016751"
"NOW-01292","733739012920"
"NFS-04570","068958045702"
"NOW-04770","733739047700"
"NOW-02040","733739020406"
"SOL-00314","033984003149"
"LEX-19043","737870190431"
"NOW-00469","733739004697"
"NOW-00475","733739004758"
"SOL-02058","033984020580"
"SOL-00316","033984003163"
"SOL-01033","033984010338"
"NEL-12958","016185129580"
"MLI-00952","898220009527"
"DRB-00143","753950001435"
"SOL-01561","033984015616"
"SOL-00872","033984008724"
"CLF-05045","015794050452"
"NOW-04712","733739047120"
"NOW-02105","733739021052"
"NOW-03257","733739032577"
"NOW-03796","733739037961"
"SOL-01035","033984010352"
"NWY-17800","033674178003"
"NWY-11250","033674112502"
"NOW-02540","733739025401"
"DRB-00125","753950001251"
"DRB-00263","753950002630"
"SNS-01954","21078019541"
"SOL-03720","033984037205"
"SOL-01735","033984017351"
"NOW-02210","733739022103"
"CEN-22263","740985222638"
"DRB-00091","753950000919"
"CEN-21377","740985213773"
"SOL-01450","033984014503"
"MRM-41005","609492410054"
"SOL-00850","033984008502"
"NOW-02260","733739022608"
"NOW-01841","733739018410"
"AMH-50104","076630501040"
"ORT-18052351","-18052351"
"NTL-16106","047469161064"
"SOL-02484","033984024847"
"NBC-01014","728177010140"
"SOL-03603","033984036031"
"SOL-00640","033984006409"
"SOL-02462","033984024625"
"SOL-03100","033984031005"
"NOW-00687","733739006875"
"NOW-00468","733739004680"
"THO-19935","031315199356"
"SOL-00102","033984001022"
"NRT-07580","074312075803"
"CEN-27532","740985275320"
"NOW-04757","733739047571"
"REN-15658","631257156587"
"NOW-01685","733739016850"
"NOW-00680","733739006806"
"NOW-04704","733739047045"
"NEL-12899","016185128996"
"OPN-02385","748927023855"
"NOW-03071","733739030719"
"SOL-00201-100","33984002005"
"OST-25075","5903246225075"
"SOL-03973","033984039735"
"NOW-04758","733739047588"
"YOU-00351","853244003517"
"NOW-03176","733739031761"
"JRW-15016","790011150169"
"ARG-51950","713947519503"
"NWY-15310","033674153109"
"JRW-01006","790011010067"
"NOW-04762","733739047625"
"NOW-00488","733739004888"
"SOL-52392","033984523920"
"AVA-36122","654749361221"
"AVA-35100","654749351000"
"NEL-01986","016185019867"
"NOW-03251","733739032515"
"DRB-00183","753950001831"
"RLT-10892","021888108923"
"JRW-15017","790011150176"
"SOL-52551","033984525511"
"NOW-02715","733739027153"
"OPN-02133","748927021332"
"SOL-01*211-50","33984012103"
"SOL-01500","033984015005"
"SNS-01627","021078016274"
"SOL-00028","033984000285"
"DDP-00006","851228000064"
"NOW-04777","733739047779"
"SOL-57600","033984576001"
"SOL-32874","033984328747"
"NOW-01655","733739016553"
"NOW-04707","733739047076"
"NOW-00702","733739007025"
"NOW-00330","733739003300"
"DRB-00307","753950003071"
"NOW-03878","733739038784"
"NUT-10338","692752103384"
"NOR-53787","768990537875"
"NOW-04732","733739047328"
"SOL-57607","033984576070"
"*SOL-00102-30","33984001008"
"DRB-00361","753950003613"
"NOW-01552","733739015525"
"NOW-02121","733739021212"
"NOW-01808","733739018083"
"ECL-31903","023363319039"
"SOL-01945","033984019454"
"NOW-00147","733739001474"
"CEN-21151","740985211519"
"DRB-00273","753950002739"
"NOW-04813","733739048134"
"CEN-21196","740985211960"
"LEX-15436","737870154365"
"SNS-00176","021078001768"
"GAI-37630","751063376303"
"NOW-04814","733739048141"
"NOW-00474","733739004741"
"JRW-20014","790011200147"
"NOW-00133","733739001337"
"SOL-02431","033984024311"
"SOL-04124","033984041240"
"SOL-02029","033984020290"
"DRB-00096","753950000964"
"CEN-21687","740985216873"
"DRB-00211","753950002111"
"MGF-10107","051494101070"
"BOI-04659","306962046590"
"CAR-01543","088395015434"
"BOI-00059","306969000595"
"THR-21902","693749219026"
"NOR-02732","768990027321"
"FLO-00146","895015001469"
"V033-25","X0017V5IRH"
"BRM-00391","39978003911"
"CLF-08190","015794081906"
"SOL-03111","033984031111"
"NOW-00850","733739008503"
"SNS-00888","021078008880"
"MGF-60142","051494601426"
"MGF-10283","051494102831"
"MGF-10273","051494102732"
"MGF-10321","051494103210"
"DRB-00286","753950002869"
"NOW-02972","733739029720"
"NOW-00107","733739001078"
"CEN-22881","740985228814"
"RLT-10223","021888102235"
"DES-33700","718334337005"
"NBC-01013","728177010133"
"NWY-15408","033674154083"
"NOW-04773","733739047731"
"NOW-00990","733739009906"
"NOW-00104","733739001047"
"GIO-18171","716237181718"
"HOG-41336","603573413361"
"NOW-04753","733739047533"
"SOL-00574","33984005747"
"JRW-20018","790011200185"
"CEN-22891","740985228913"
"NOW-02923","733739029232"
"NOW-03190","733739031907"
"NOW-02814","733739028143"
"JRW-18009","790011180098"
"NOW-00132","733739001320"
"SOL-01189","33984011892"
"NWY-14008","033674140086"
"NOW-00446","733739004468"
"BAL-78003","674756780037"
"JRW-20012","790011200123"
"NOW-03319","733739033192"
"NOW-00770","733739007704"
"NOW-03771","733739037718"
"NOW-00470","733739004703"
"NOW-03090","733739030900"
"NWY-14924","033674149249"
"ALB-00837","724742008376"
"NOW-01823","733739018236"
"NWY-06881","033674068816"
"NTL-00925","047469009250"
"NWY-45210","033674452103"
"NOW-01485","733739014856"
"SOL-01699","033984016996"
"NOW-07565","733739075659"
"MGF-10179","051494101797"
"DRB-00129","753950001299"
"NOW-06311","733739063113"
"NOW-06948","733739069481"
"SNS-02243","021078022435"
"SOL-00071","033984000711"
"NOW-00089","733739000897"
"SNS-01687","021078016878"
"SNS-00165","021078001652"
"SNS-00190","021078001904"
"MGF-10266","051494102664"
"SOL-01581","033984015814"
"NOW-01814","733739018144"
"SOL-01250","033984012509"
"RLT-10882","021888108824"
"NOW-05060","733739050601"
"NOW-04750","733739047502"
"NOW-01792","733739017925"
"CAR-01352","088395013522"
"FLO-00156","895015001568"
"SOL-02641","033984026414"
"LEX-16583","737870165835"
"SNS-00717","021078007173"
"WHS-44471","012511444716"
"EMT-03242","763948032426"
"ARG-51610","713947516106"
"Удален","7337390268041"
"LSE-00246","853760002469"
"THR-00635","693749006350"
"LIF-20602","053232206023"
"ZAR-00200","898115002008"
"NOR-53788","768990537882"
"LKN-01414","898220014149"
"AMG-00033","829835000333"
"AOR-08001","624917080018"
"ULB-10444","743650104444"
"GOL-11861","658010118613"
"SOR-01910","076280019100"
"LPO-00000","864548000003"
"DOU-70046","310539700464"
"PES-01475","766298014753"
"CBI-27625","722252276254"
"HYL-29562","354973295629"
"YBP-00686","046352006864"
"GOL-12188","658010121880"
"NAP-05970","097467059702"
"NOR-01604","768990016042"
"SYN-00421","852971004217"
"BPR-69760","324208697603"
"TRA-00224","032917002242"
"VTP-00559","850232005591"
"SOR-04272","076280042726"
"LEX-16280","737870162803"
"CAL-55223","021245552239"
"LKN-01426","898220014262"
"SOR-01300","076280013009"
"NLI-00230","040647002302"
"PTP-12570","074312125706"
"PTP-12843","074312128431"
"PTP-15404","074312154041"
"PTP-52802","025077528028"
"PTP-55496","025077554966"
"PTP-12100","074312121005"
"PES-00523","766298005232"
"MET-92794","755571927941"
"MCV-12362","034529123629"
"NLF-18131","686149181314"
"CBD-55375","086449553758"
"FBS-02505","049479025053"
"THR-00645","693749006459"
"ONT-01003","819444010038"
"NFS-01805","068958018058"
"LSE-00208","853760002087"
"ZNT-02210","817516022101"
"NEO-40740","312547407403"
"NBG-10217","812806102174"
"NWY-11581","033674115817"
"DOU-97860","310539978603"
"NAP-30734","097467307346"
"Pillbox_pink","8380000000098"
"CLF-05805","015794058052"
"AL-5103","4820200140438"
"ENZ-27012","670480270127"
"SDS-03462","847280034628"
"AHR-14008","665231140088"
"GOL-12333","658010123334"
"DRA-00542","679372005427"
"VBH-80008","074306800084"
"LIL-01587","027917015873"
"IRW-26241","710363262419"
"LFH-82728","645951827285"
"SWW-14820","850000148208"
"CAL-10024","021245100249"
"PUD-00617","851615006174"
"PUD-00619","851615006198"
"GOL-12277","658010122771"
"IRW-58315","710363583156"
"MGF-10357","051494103579"
"NAP-45961","097467459618"
"SOR-93714","076280937145"
"NOR-30128","768990301285"
"ALG-77290","713947772908"
"LEX-23096","737870230960"
"CAR-05541","088395055416"
"CAR-05571","088395055713"
"CAR-05511","088395055119"
"USN-75888","75888"
"CAR-01461","088395014611"
"CAR-14110","088395141102"
"CAR-00555","088395005558"
"RHS-00130","647125001309"
"LFH-96028","645951960289"
"CGN-01255","898220012558"
"HRP-11174","076970111749"
"ENZ-24111","670480241110"
"DOU-04056","310539040560"
"NWY-60243","033674602430"
"NOW-05961","733739059611"
"NOW-02951","733739029515"
"MAM-00006","838451000061"
"THR-00677","693749006770"
"CGN-01286","898220012862"
"TMR-00011","878941000119"
"NOR-01678","768990016783"
"PRT-13338","707359133389"
"CTL-40053","049100400532"
"OMM-00815","856210008158"
"TMR-00211","878941002113"
"WED-09511","4001638095112"
"HBP-80093","090800000935"
"FRO-18912","089836189127"
"FRO-00365","089836003652"
"LEX-21991","737870219910"
"LKN-01448","898220014484"
"MCL-03090","810487030908"
"NOW-08404","733739084040"
"MCL-01848","813006018487"
"DOU-85073","310539850732"
"NOR-12120","768990121203"
"NAP-33643","097467336438"
"EUC-11016","072140110161"
"AIB-10030","647865100300"
"CSS-10408","728060104086"
"SPC-24231","037014242317"
"AER-03020","013886030207"
"NWY-15788","033674157886"
"NRT-19939","074312199394"
"SOR-03500","076280035001"
"SWV-11236","087614112367"
"SWV-11644","087614116440"
"SWV-01526","087614015262"
"SWV-04068","087614040684"
"SWV-11244","087614112442"
"SWV-01872","087614018720"
"SWV-06010","087614060101"
"SWV-11009","087614110097"
"SWV-01514","087614015149"
"SWV-17020","087614170206"
"SWV-01950","087614019505"
"SWV-20020","087614200200"
"SWV-06044","087614060446"
"SWV-01498","087614014982"
"SWV-01502","087614015026"
"SWV-01961","087614019611"
"SWV-01966","087614019666"
"SWV-08029","087614080291"
"SWV-08031","087614080314"
"SWV-08003","087614080031"
"SWV-08011","087614080116"
"SWV-11309","087614113098"
"SWV-11377","087614113777"
"SWV-08006","087614080062"
"SWV-08013","087614080130"
"SWV-11081","087614110813"
"SWV-02478","087614024783"
"SWV-19030","087614190303"
"SWV-01910","087614019109"
"SWV-01235","087614012353"
"SWV-08032","087614080321"
"SWV-02783","087614027838"
"SWV-02122","087614021225"
"SWV-02326","087614023267"
"SWV-02790","087614027906"
"SWV-02790","SWA-02790"
"SWV-01057","087614010571"
"SWV-02537","087614025377"
"SWV-17015","087614170152"
"SWV-02518","087614025186"
"SWV-02906","087614029061"
"SWV-11411","087614114118"
"SWV-02764","087614027647"
"SWV-19051","087614190518"
"SWV-02365","087614023656"
"SWV-02035","087614020358"
"SWV-02262","087614022628"
"SWV-02261","087614022611"
"SWV-02560","087614025605"
"SWV-02377","087614023779"
"SWV-11368","087614113685"
"SWV-02561","087614025612"
"SWV-11371","087614113715"
"SWV-11251","087614112510"
"SWV-01106","087614011066"
"SWV-02979","087614029795"
"SWV-11437","087614114378"
"SWV-11054","087614110547"
"SWV-01424","087614014241"
"SWV-11210","087614112107"
"SWV-11439","087614114392"
"SWV-01994","087614019949"
"SWV-01055","087614010557"
"SWV-01957","087614019574"
"QNL-00116","898440001165"
"OLY-00107","710013001078"
"PTP-15225","074312152252"
"PTP-17131-4","074312171314"
"SFM-00421","711575004217"
"FBS-00016","049479000166"
"VNU-26811","693465268117"
"CGN-01155","898220011551"
"LKN-01418","898220014187"
"NWY-60500","033674605004"
"NOW-00379","733739003799"
"METU-015051","755571015051"
"CGN-01254","898220012541"
"IRW-26245","710363262457"
"FBS-02516","049479025169"
"NBC-00090","728177000905"
"NAP-03778","097467037786"
"GEN-10170","883196101702"
"OMM-00821","856210008219"
"ENZ-25113","670480251133"
"NWY-11950","033674119501"
"NOW-07698","733739076984"
"YOU-00713","850502007133"
"EID-00033","640923000338"
"AL-5008","4820200140025"
"LEX-23063","737870230632"
"SPN-00227","033739002274"
"MitoQEye","9421031781309"
"GOL-11148","658010111485"
"MCL-03201","810487032018"
"STD-95794","084380957949"
"PLY-70883","631656708837"
"PRT-13368","707359133686"
"PRT-10147","707359101470"
"PRT-14704","707359147041"
"SOR-04531","076280045314"
"ALL-00000","872232000000"
"CVE-53797","3606000537972"
"SPN-00158","SPN-00158"
"NWY-06640","033674066409"
"CAL-79453","021245794530"
"LEX-23353","737870233534"
"NOW-02952","733739029522"
"SGW-00035","019277000354"
"KGD-99979","614458999795"
"CVE-53766","3606000537668"
"CSR-00022","867499000221"
"ALL-12208","ALL-12208"
"IRW-59461","710363594619"
"B00403DOR4","Ч000ГГОЯО3"
"PUR-02003","659670020032"
"PES-02051","766298020518"
"GEN-10470","883196104703"
"GEN-13730","883196137305"
"CAL-57200","021245572008"
"BioticsResearch1104","780053000102"
"PES-00195","766298001951"
"NTA-26222","083000262227"
"RLT-78081","021888780815"
"ALG-72800","713947728004"
"IRW-58578","710363585785"
"FRO-18429","089836184290"
"GOL-12455","658010124553"
"SPS-90730","076635907304"
"NAP-49567","097467495678"
"BioticsResearch2700","Ч001ЕГІЕ1Ч"
"YBP-00115","046352001159"
"PED-02009","3700225602009"
"SWV-02146","087614021461"
"SWV-02388","087614023885"
"PTP-12682","074312126826"
"ZAN-66743","041954667437"
"NOR-02785","768990027857"
"SOR-04441","076280044416"
"GOL-12445","658010124454"
"SCC-01111","029918011113"
"PES-00620","766298006208"
"BRM-01583","039978015839"
"CTL-40059","049100400594"
"CTL-40043","049100400433"
"NCR-00631","727783006318"
"SOR-82650","076280826500"
"PES-00076","766298000763"
"NRT-79346","074312793462"
"MET-94072","755571940728"
"NOW-01663","733739016638"
"NFS-04554","068958045542"
"GEN-11111","883196111114"
"NWY-15904","033674159040"
"ZAH-08183","848998081836"
"SBL-00160","896116001600"
"ZHO-00614","859805006140"
"HYL-29064","354973290648"
"AOR-08211","624917082111"
"DRB-00518","753950005181"
"NOR-04092","768990040924"
"MTC-00015","633924000155"
"FBS-02503","049479025039"
"AL-3201","4820200140469"
"BPR-69762","324208697627"
"SOR-04585","076280045857"
"DRA-00172","679372001726"
"MET-01105","755571011053"
"NRT-80152","074312801525"
"NWY-11537","033674115374"
"NWY-15902","033674159026"
"FPI-03852","633422038520"
"PLY-60726","631656607260"
"DRT-91121","019373911219"
"NOW-01441","733739014412"
"GEN-10912","883196109128"
"BioticsResearch1734","780053002564"
"PRT-13308","707359133082"
"NTL-07530","047469075309"
"IRW-57889","710363578893"
"CEN-28011","740985280119"
"B01AR20ZKA","020525104823"
"VTP-00539","850232005393"
"AL-3200","4606492012529"
"PTF-10735","021078107354"
"WAK-61049","023542610490"
"ENZ-98115","670480981153"
"CGN-01378","898220013784"
"GOL-12030","658010120302"
"SOR-84581","076280845815"
"OWH-00462","706195004624"
"PED-02191","3700225602191"
"NOW-01960","733739019608"
"HBP-03226","090700032265"
"NTL-07251","091603072518"
"NTL-07252","091603072525"
"NTL-00929","091603009293"
"NTL-07279","047469072797"
"NTL-00928","047469009281"
"NTL-00997","047469009977"
"NTL-03013","047469030131"
"NTL-05891","047469058913"
"GOL-12177","658010121774"
"PED-00210","3700225600210"
"SYM-04008","647303040083"
"ENZ-20142","670480201428"
"RAD-00067","085178000670"
"LSH-10200","044677102001"
"BioticsResearch1316","780053000454"
"PES-01126","766298011264"
"PES-00458","766298004587"
"CLF-03017","015794030171"
"NTL-07529","047469075293"
"PES-02232","766298022321"
"SWV-11649","087614116495"
"SWV-07091","087614070919"
"SWV-04066","087614040660"
"SWV-04067","087614040677"
"SWV-17014","087614170145"
"SWV-08015","087614080154"
"SWV-08016","087614080161"
"SWV-21041","087614210414"
"SWV-02864","087614028644"
"SWV-21075","087614210759"
"SWV-02275","087614022758"
"SWV-02119","087614021195"
"SWV-02655","087614026558"
"SWV-02214","087614021140"
"SWV-02034","087614020341"
"SWV-02611","087614026114"
"SWV-11075","087614110752"
"SWV-17059","087614170596"
"SWV-01977","087614019772"
"SWV-11253","087614112534"
"SWV-01909","087614019093"
"SWV-02217","087614022178"
"SWV-01101","087614011011"
"EDW-00540","043182005401"
"SOR-17398","076280173987"
"NOW-01648","733739016485"
"DRS-45028","Ч000ЫЗФИЬЗ"
"NRT-79340","074312793400"
"ZAR-00558","858438005582"
"GEN-14760","883196147601"
"DOU-01949","310539019498"
"DOU-97759","310539977590"
"SOR-90356","076280903560"
"SGW-00071","019277000712"
"LEX-23221","737870232216"
"NOW-07751","733739077516"
"GOL-12289","658010122894"
"NFS-01757","068958017570"
"BioticsResearch3031","780053001161"
"METU-227763","5400433227763"
"FDG-00036","369266000361"
"KLL-00622","828054006225"
"PEN-00357","PEN-00357"
"UPG-00108","855520001088"
"DOP-52629","4009932526295"
"DOP-52731","4009932527315"
"DOP-52846","4009932528466"
"DOP-52916","4009932529166"
"DOP-52843","4009932528435"
"DOP-52545","4009932525458"
"DOP-52719","4009932527193"
"DOP-52763","4009932527636"
"DOP-52584","4009932525847"
"DOP-52626","4009932526264"
"DOP-52624","4009932526240"
"DOP-52628","4009932526288"
"DOP-52762","4009932527629"
"DOP-52547","4009932525472"
"DOP-52386","4009932523867"
"DOP-52893","4009932528930"
"DOP-52470","4009932524703"
"DOP-52725","4009932527254"
"DOP-52978","4009932529784"
"DOP-52464","4009932524642"
"DOP-52902","4009932529029"
"DOP-52913","4009932529135"
"DOP-52709","4009932527094"
"DOP-52473","4009932524734"
"DOP-52712","4009932527124"
"DOP-52899","4009932528992"
"DOP-52742","4009932527421"
"DOP-52685","4009932526851"
"DOP-52466","4009932524666"
"DOP-52908","4009932529081"
"DOP-52948","4009932529487"
"DOP-52904","4009932529043"
"AMX-20211","665553202112"
"BioticsResearch1209","780053000256"
"ZAR-00786","857647007868"
"HYL-31581","354973315815"
"LEX-23976","737870239765"
"EMT-04006","763948040063"
"CEN-22460","740985224601"
"PES-01109","766298011097"
"THR-00671","693749006718"
"SOR-04941","076280049411"
"SOR-03020","076280030204"
"MOR-00980","819237009805"
"METU-066775","5400433066775"
"NWY-12822","033674128220"
"MGI-00103","852434001036"
"VFU-01890","027917018904"
"WSP-02003","814422020030"
"NOW-02451","733739024510"
"LEX-23443","737870234432"
"SOR-36666","076280366662"
"AMG-00112","829835001125"
"KLL-06001","709616060018"
"SOR-04940","076280049404"
"GOL-12075","658010120753"
"CAL-38286","021245382867"
"GOL-11802","658010118026"
"HIM-50047","605069500470"
"NTA-00600","083000006005"
"ZHO-00690","859805006904"
"NAP-43904","097467439047"
"GOL-12456","658010124560"
"NOW-04588","733739045881"
"PES-00086","766298000862"
"PED-02337","3700225602337"
"PED-02283","3700225602283"
"SYN-00400","852971004002"
"SYN-00404","852971004040"
"NFS-02054","068958020549"
"NBC-01091","728177010911"
"ZAR-00239","898115002398"
"KLL-77506","790916775061"
"LEX-22093","737870220930"
"FPI-30696","633422306964"
"NOR-30188","768990301889"
"CAL-60221","021245602217"
"KLL-01220","Ч001ЙЯФ3ТТ"
"LEX-57714","737870577140"
"LEX-21333","737870213338"
"JRW-14085","790011140856"
"BioticsResearch1210","780053000249"
"YOU-00758","850502007584"
"MCL-01044","813006010443"
"LEX-23036","737870230366"
"AMG-00350","829835003501"
"DOU-20052","745287200520"
"NOW-03384","733739033840"
"NRT-58188","074312581885"
"LEX-22316","737870223160"
"PRT-10529","707359105294"
"LKN-01594","898220015948"
"WHE-02048","817885020487"
"FPI-03882","633422038827"
"FPI-82272","633422822723"
"BRM-03391","039978033918"
"METU-066751","5400433066751"
"NWY-14923","033674149232"
"FPI-30015","633422300153"
"UNN-00040","039442000408"
"NOR-01709","768990017094"
"FRO-19525","089836195258"
"SOG-18603","089836186034"
"KLL-01248","709616012482"
"NLF-18009","686149180096"
"B016TYPXBG","8280540050061"
"BioticsResearch1851","X001PI9D87"
"LFH-36013","645951360133"
"REA-00014","835552000143"
"DRB-00510","753950005105"
"DOU-97758","310539977583"
"SPN-00196","033739001963"
"SOR-88745","076280887457"
"THR-00666","693749006664"
"VFU-00027","027917000275"
"MSF-00389","856737003896"
"NTL-04409","047469044091"
"MBM-00690","838287006909"
"PED-00241","3700225600241"
"PES-00250","766298002507"
"PES-01668","766298016689"
"NOW-01711","733739017116"
"HIP-80010","652865800105"
"ZHO-79748","669191797481"
"METU-314432","5400433314432"
"AL-7121","AL-7121"
"PES-01476-d-1","PE-01476-d-1"
"SOR-03080","076280030808"
"OJI-05044","845772050446"
"BioticsResearch1454","780053009259"
"CAL-27193","021245271932"
"SOR-10727","076280107272"
"AL-7111","4606492013540"
"NWY-13700","033674137000"
"KLL-22112","709616221129"
"NNO-71740","741805717402"
"ZNT-02600","817516026000"
"LKN-01592","898220015924"
"LKN-01551","898220015511"
"CAL-39828","021245398288"
"NOW-03910-d-1","03910"
"sale-RLT-10976","10976"
"sale-NTL-16106","16106"
"NAP-03772-d-1","03772"
"sale-NTL-00465","00465"
"FHH-00075-d-1","FHH-00075-d-1"
"NTL-04040-d-1","04040"
"sale-NEL-12896","12896"
"ZAR-00732","857647007325"
"MET-01338","755571013385"
"CAR-55940","088395559402"
"GAI-15113","751063151139"
"ZHO-62489","669191624893"
"ARG-57530","713947575301"
"DVI-23611","026664236111"
"MCL-01770","813006017701"
"sale-NOW-03024","03024"
"SOR-22770","076280227703"
"BioticsResearch3028","Ч001ЦШЛ4Ш3"
"BioticsResearch3028","ч002окудно"
"MCL-01994","813006019941"
"PES-00063","766298000633"
"DOU-03938","310539039380"
"PES-02221","766298022215"
"PES-02519","766298025193"
"PES-02201","766298022017"
"GOL-12187","658010121873"
"NAP-01047","097467010475"
"MET-94107","755571941077"
"NOW-01674","733739016744"
"BioticsResearch1701","X001SOH9VL"
"DOU-02066","310539020661"
"WAK-10241","023542102414"
"NOW-00204","733739002044"
"LEX-19533","737870195337"
"HYB-11683","9506000116839"
"BioticsResearch3012","ч001цоввки"
"DOU-03232","310539032329"
"PED-00227","3700225600227"
"NOW-02241","733739022417"
"TRN-00855","856029008554"
"MET-01381","755571013811"
"ZHO-91828","669191918282"
"LEX-23343","737870233435"
"JUB-00461","813926004614"
"CGN-01364","898220013647"
"AL-3013","4820200140162"
"AL-8718","4606492012253"
"AL-6760","4606492015216"
"GOL-12190","658010121903"
"VAX-00693","704002006939"
"CAL-26495","021245264958"
"B01KMP67CW","755571943842"
"GEN-14820","883196148202"
"WIF-00402","857188004029"
"SPS-90690","076635906901"
"PFH-70105","713708701055"
"HPI-55002","083502550020"
"MCL-03145","810487031455"
"IRW-59465","710363594657"
"CAL-58296","021245582960"
"DEV-00034","895634000348"
"METU-215227","5400433215227"
"ZHO-00627","859805006270"
"PED-00258","3700225600258"
"DRA-00549","679372005496"
"AL-2215","4820200140186"
"METU-077559","5400433077559"
"B078XL7CKY","X001O8CRY5"
"CAL-44476","021245444763"
"CAL-84556","021245845560"
"LEX-21746","737870217466"
"CVE-53761","3606000537613"
"SOR-61074","076280610741"
"THB-04622","697029046227"
"METU-238219","5400433238219"
"CAR-04230","088395042300"
"CAR-05920","088395059209"
"CAR-03000","088395030000"
"CAR-49030","088395490309"
"CAR-16900","088395169007"
"CAR-00341","088395003417"
"CAR-42000","088395420009"
"CAR-13610","088395136108"
"CAR-01431","088395014314"
"CAR-55810","088395558108"
"CAR-10600","088395106002"
"CAR-04422","088395044229"
"CAR-10410","088395104107"
"CAR-02760","088395027604"
"CAR-60050","088395600500"
"CAR-08716","088395087165"
"CAR-00320","088395003202"
"CAR-09420","088395094200"
"CAR-09418","088395094187"
"CAR-09422","088395094224"
"CAR-60020","088395600203"
"CAR-09416","088395094163"
"CAR-10610","088395106101"
"CAR-14500","088395145001"
"CAR-15340","088395153402"
"CAR-24910","088395249105"
"CAR-01521","088395015212"
"CAR-05771","088395057717"
"CAR-04430","088395044304"
"CAR-06821","088395068218"
"PES-01189","766298011899"
"PES-00268","766298002682"
"SFM-00789","711575007898"
"HDR-49863","798711498635"
"PED-02184","3700225602184"
"METU-066744","5400433066744"
"IRW-59457","710363594572"
"ZHO-00634","859805006348"
"BioticsResearch7900","780053003271"
"GAT-02281","816170022816"
"BAR-80079","705875800792"
"METU-223611","5400433223611"
"METU-214688","5400433214688"
"MET-91020","755571910202"
"PRT-13344","707359133440"
"THR-00665","693749006657"
"NFB-39187","5425010391873"
"BioticsResearch1182","780053005022"
"ZHO-00616","859805006164"
"ZNW-00770","856521007703"
"BPF-02073","X002JXEMU1"
"PPS-00001","181081000018"
"МАА-00001","B081864XZD"
"PTP-50880","025077508808"
"PTP-53580","025077535804"
"PES-01819","766298018195"
"B005TK69CY","И005ЕЛ69СН"
"MAV-17875","311845178756"
"MCL-01800","813006018005"
"ACF-23478","850004234785"
"HYB-11370","9506000113708"
"FPI-47771","633422477718"
"MOR-00999","819237009997"
"LEX-22441","737870224419"
"LEX-17370","737870173700"
"AYU-00027","704849000275"
"VTW-08422","788332084225"
"XLR-00000","700596000001"
"ARG-56720","713947567207"
"sale-CAL-81109","81109"
"SOL-52551-1","SOL-52551-1"
"SNS-02150","021078021506"
"SRE-01097","023249010975"
"DOU-01302","310539013021"
"OLB-50011","715486500110"
"NOW-01962","733739019622"
"LKN-01595","898220015955"
"VFU-27173","027917271736"
"NOR-01675","768990016752"
"NOW-02199","733739021991"
"PES-00062","766298000626"
"MET-01380","755571013804"
"KLL-00910","828054009103"
"NOW-05908-d-1","NOW-05908-d-1"
"SOL-01735-d-1","SOL-01735-d-1"
"SOR-19370","076280193701"
"NRT-52805","074312528057"
"CLF-05816","015794058168"
"AL-4007","4820200140049"
"QUA-00110","046985001106"
"FRO-00810","089836008107"
"AL-5111","4820200140285"
"MAH-20301","697658203015"
"maska","8380000000012"
"SOR-35281","076280352818"
"MLV-54302","759160543024"
"MTG-02301","755571023018"
"ENZ-98120","670480981207"
"BioticsResearch1012","780053000492"
"GOL-12028","16000185729"
"HEE-10002","787647100026"
"JRW-12036","790011120360"
"METU-066676","5400433066676"
"USN-42344","6009544942344"
"SOR-03200","076280032000"
"GEN-13430","883196134304"
"ZAN-00011","041954000111"
"test-COVID-19","8380000000142"
"METU-167021","5400433167021"
"METU-256350","5400433256350"
"NBG-10610","812806106103"
"ALG-77530","713947775305"
"LEX-23106","737870231066"
"ENZ-98142","670480981429"
"anticept-m","8380000000128"
"MIK-26501","8380000000036"
"ZNT-02607","817516026079"
"PAL-04547","010181045479"
"MET-01101","755571011015"
"PES-00253","766298002538"
"LEX-23111","737870231110"
"NWY-12961","033674129616"
"SOR-04380","076280043808"
"ORT-22694427","426002269442_"
"NTA-00388","083000003882"
"GOL-12334","658010123341"
"PED-02269","3700225602269"
"medicom","8718007900644"
"METU-080764","5400433080764"
"CGN-01597","898220015979"
"THR-00683","693749006831"
"maska-50","8380000000029"
"SWW-14803","850000148031"
"SWW-14828","850000148284"
"SWW-14830","850000148307"
"METU-066782","5400433066782"
"VAN-00001","4820106591303"
"NEA-00123","810648001235"
"PNA-00076","PNA-00076"
"MET-01318","755571013187"
"MET-93446","MET-93446"
"MET-01760","755571017604"
"MET-93330","755571933300_"
"METU-181065","5400433181065"
"MET-92677","755571926777"
"MET-04136","755571915153"
"MET-95429","755571954299"
"PES-00454","766298004549"
"NOW-01665","733739016652"
"NOW-02391","733739023919"
"ECF-13068","696859130687"
"GEN-14710","883196147106"
"NOW-07445","733739074454"
"NTW-07030","858081006356"
"PES-01789","766298017891"
"NWY-41010","033674410103"
"NTL-04291-d-1","04291"
"NPU-22057","X001WQRZM3"
"PES-00154","766298001548"
"GAR-74037","4820079740371"
"GAR-74036","4820079740364"
"GAR-74033","4820079740333"
"GAR-74031","4820079740319"
"GAR-74038","4820079740388"
"GAR-74027","4820079740272"
"GAR-74028","4820079740289"
"GAR-74035","4820079740357"
"GAR-74029","4820079740296"
"GAR-74039","4820079740395"
"NPU-22081","Ч001Щ6ПТГИ"
"ALG-77360","713947773608"
"SLD-47000","810012470001"
"MET-94510","755571945105"
"SDN-58615","030768586157"
"CAR-18820","088395188206"
"DOP-52149","4009932521498"
"DOP-00679","4009932006797"
"SWV-04076","087614040769"
"SWV-04078","087614040783"
"SWV-02520","087614025209"
"SWV-02530","087614025308"
"SWV-02963","087614029634"
"SWV-11030","087614110301"
"SWV-11039","087614110394"
"SWV-11113","087614111131"
"SWV-17095","087614170954"
"SWV-02896","087614028965"
"SWV-11438","087614114385"
"SWV-11648","087614116488"
"SWV-01542","087614015422"
"SWV-02305","087614023052"
"OPF-000039","5602836000039"
"OPF-000046","5602836000046"
"OPF-131393","4820114131393"
"OPF-131409","4820114131409"
"OPF-10960","7038319110960"
"OPF-183730","4820011183730"
"OPF-00193","4260398500193"
"OPF-31386","4820114131386"
"SUW-51539","718122515394"
"PES-02003","766298020037"
"NAP-02212","097467022126"
"NAP-02221","097467022218"
"NAP-02310","097467023109"
"NLI-00178","2999000250707"
"NWY-40330","033674403303"
"SNS-00443","021078004431"
"NAP-02220","097467022201"
"ECF-23431","696859131493"
"MMO-00001","MMO-00001"
"NTA-26920","083000269202"
"LFH-83084","645951830841"
"METU-214671","5400433214671"
"YUE-01526","810165015227"
"NOW-00676","733739006769"
"ZNT-02002","817516020022"
"HET-00018","Ч001ЩНЗ5К5"
"NOW-02715-d-1","NOW-02715-d-1"
"SOL-00280-d-1","00280"
"MTG-91626","755571916266"
"PRT-12933","707359129337"
"SOR-55962","076280559620"
"JGK-46026","4796019460268"
"JGK-46027","4796019460275"
"MCL-03143","810487031431"
"BIO-530012","4820236530012"
"BIO-530029","4820236530029"
"BIO-530036","4820236530036"
"OKF-03200","722510032004"
"SOR-03470","076280034707"
"FOE-00104","071661001040"
"CGN-01241","898220012411"
"KLL-01224","709616012246"
"GOL-12454","658010124546"
"МАА-00005","868393000188"
"CAR-05312","088395053122"
"PRW-72279","644225722790"
"CGN-01174","898220011742"
"ORG-940762","4820200940762"
"ORG-940595","4820200940595"
"ORG-940571","4820200940571"
"ORG-940731","4820200940731"
"ORG-940540","4820200940540"
"ORG-940823","4820200940823"
"ORG-940823_дубль","ORG-940823"
"ORG-940830","4820200940830"
"ORG-940816","4820200940816"
"ORG-940274","4820200940274"
"ORG-940281","4820200940281"
"ORG-940724","4820200940724"
"ORG-941219","4820200941219"
"ORG-940915","4820200940915"
"ORG-940052","4820200940052"
"ORG-941226","4820200941226"
"ORG-940670","4820200940670"
"HFD-45338","021908453385"
"DOU-00098","310539000984"
"GFO-00001","B079Z1R94L"
"CAL-84006","021245840060"
"CAL-84012","021245840121"
"SOR-00802","076280008029"
"SOR-00820","076280008203"
"SOR-01630","076280016307"
"SOR-03600","076280036008"
"SOR-03782","076280037821"
"SOR-03797","076280037975"
"SOR-04358","076280043587"
"SOR-04560","076280045604"
"SOR-04583","076280045833"
"SOR-04584","076280045840"
"SOR-04600","076280046007"
"SOR-04620","076280046205"
"SOR-04676","076280046762"
"SOR-04796","076280047967"
"SOR-04800","076280048001"
"SOR-04992","076280049923"
"SOR-08140","076280081404"
"SOR-08300","076280083002"
"SOR-08301","076280083019"
"SOR-36664","076280366648"
"SOR-46103","076280461039"
"SOR-47102","076280471021"
"SOR-61009","076280610093"
"SOR-79645","076280796452"
"THO-19009","031315190094"
"THO-19054","031315190544"
"THO-19072","031315190728"
"THO-19321","031315193217"
"THO-19364","031315193644"
"THO-19490","031315194900"
"THO-19750","031315197505"
"THO-24169","031315241697"
"PES-01274","766298012742"
"MET-93901","755571939012"
"ZAN-00008","041954000081"
"PAR-77816","601944778163"
"NUN-76006","810028760066"
"ECF-23433","ECF-23433"
"MCL-03235","810487032353"
"CAL-37497","021245374978"
"CAL-94939","021245949398"
"OPF-003458","4602242003458"
"OPF-310032","4820009310032"
"OPF-310025","4820009310025"
"OPF-310018","4820009310018"
"OPF-310117","4820009310117"
"OPF-310124","4820009310124"
"OPF-699119","4016369699119"
"OPF-540250","4820035540250"
"OPF-211519","4820058211519"
"OPF-210154","4820058210154"
"OPF-100084","4820054100084"
"OPF-550295","4820136550295"
"OPF-919169","4823015919169"
"OPF-436538","4820142436538"
"OPF-170136","4700030170136"
"OPF-170129","4700030170129"
"OPF-741698","4820025741698"
"OPF-432172","4820142432172"
"OPF-001850","4602242001850"
"OPF-285007","8906032285007"
"OPF-675335","4820072675335"
"OPF-673133","4820072673133"
"OPF-674185","4820072674185"
"OPF-540342_дубль","4820035540342"
"OPF-744941","4820025744941"
"OPF-470386","4820183470386"
"OPF-550318","4820136550318"
"OPF-420415","4820165420415"
"OPF-922206","4823015922206"
"OPF-915185","4823015915185"
"OPF-915192","4823015915192"
"OPF-023977","5901960023977"
"OPF-015542","Ф535710684"
"OPF-013456","5901888013456"
"OPF-434923","4820142434923"
"OPF-915130","4823015915130"
"OPF-915147","4823015915147"
"OPF-918711","4823015918711"
"OPF-910685","4823015910685"
"OPF-926938","4823015926938"
"OPF-800234","4820094800234"
"OPF-919800","4823015919800"
"COD-00032","X001YA4OXP"
"NWY-12915","033674129159"
"PES-02234","766298022345"
"JOF-00001","372917000030"
"BIO-530142","4820236530142"
"BIO-530159","4820236530159"
"BIO-530166","4820236530166"
"BIO-530173","4820236530173"
"KIM-00252","Ч001ИЫУ2АЗ"
"METU-224212","5400433224212"
"DOU-03804","310539038048"
"SOR-10672","076280106725"
"NUN-76013","810028760134"
"CAR-03001","088395030017"
"MET-03070","755571030702"
"METU-345313","5400433345313"
"AMG-93700","829835937004"
"HRP-77406","076970774067"
"TGB-31541","039278315417"
"WMA-826101","99100826101"
"WMA-1110101","WMA-00002"
"WMA-090101","99101090101"
"WMA-70101","99101070101"
"WMA-052101","99101052101"
"WMA-048101","99101048101"
"WMA-065101","99100023101"
"WMA-07101","99100107101"
"WMA-08101","99100108101"
"WMA-11101","99100111101"
"WMA-68101","99100168101"
"WMA-324101","99100114101"
"WMA-523101","WMA-523101"
"WMA-871101","99100871101"
"WMA-32101","99101132101"
"WMA-234101","99101234101"
"WMA-37101","99100737101"
"WMA-074101","99101074101"
"WMA-00003","WMA-00003"
"PES-00020","766298000206"
"NPA-77020","058449770206"
"AER-03019","013886030191"
"MCL-01680","813006016803"
"MCL-01822","813006018227"
"SOL-02400","033984024007"
"VTN-02040","Ч000МЫКНО7"
"ITH-16105","Ч000ЙИМШ0З"
"OMP-01550","Ч002ШДМИ17"
"ITH-16032","Ч000ЙУ3ПЬ5"
"OMP-01551","Ч002ВКТЛОК"
"OMP-01552","Ч002У1М6КА"
"OMP-01554","Ч001Ф6ФЯА9"
"CGN-01282","898220012824"
"B00BCRZ7A8","X002K7Y7R9"
"NCR-90043","727783900432"
"NRT-07901","074312079016"
"JRW-03030","790011030300"
"BPF-02112","815709021122"
"BPF-02082","X002RBFCB3"
"MET-93872","755571938725"
"HIM-50094","605069500944"
"NTL-07372","047469073725"
"DNH-10058","790223100587"
"CMV-00555","9400501005558"
"BioticsResearch1421","780053005046"
"SOR-41349","076280413496"
"FLO-61422","061998614228"
"BGY-08194","074300081946"
"NNO-91955","741805919554"
"NOW-00038","733739000385"
"MET-94712","755571947123"
"PPS-00068","Ч000КУЙОФЗ"
"NTA-00648","083000006487"
"NTA-16565","083000165658"
"WMA-31101","99101131101"
"NCR-05005","727783050052"
"ECF-23416","Ч001Й378ВЧ"
"NOW-03303","733739033031"
"GFO-00002","868095000332"
"SOL-00416","033984004160"
"MET-93050","755571930507"
"CEN-27418","740985274187"
"NAD-03002","079911030024"
"ADV-69493","305730169493"
"EXD-00275","300678104339"
"PES-01261","766298012612"
"LSE-00207","853760002070"
"PIF-50731","797734507317"
"DLM-330215","4820152330215"
"DLM-330222","4820152330222"
"DLM-330154","4820152330154"
"DLM-330161","4820152330161"
"DLM-330192","4820152330192"
"DLM-330550","4820152330550"
"DLM-330109","4820152330109"
"DLM-331007","4820152331007"
"DLM-331038","4820152331038"
"DLM-330352","4820152330352"
"NOR-03180","768990031809"
"LKN-01751","898220017515"
"PTR-02199","883196133604"
"KLL-00168","Ч001МВ7ІЗД"
"PUR-01008","659670010088"
"OPF-420190","4820060420190"
"OPF-422163","4820060422163"
"OXI-00001","022020043056"
"ALG-76650","713947766501"
"BAR-80076","705875800761"
"GAI-39632","751063396325"
"KLL-43003","X001QK5ZDL"
"HNU-00026","Ч002ПЯФЗЛВ"
"BPF-00161","Ч002ОЧ6В9Е"
"BPF-00174","815709022471"
"KIM-02045","812325020454"
"MKN-00195","8380000000050"
"NTW-07023","858081006639"
"OMM-00823","856210008233"
"NST-04125","702669936354"
"MET-94688","755571946881"
"MET-93420","755571934208"
"DRY-291026","7350061291026"
"DRY-291057","7350061291057"
"DRY-291217","7350061291217"
"DRY-291163","7350061291163"
"DRY-291156","7350061291156"
"NAU-62808","628110628084"
"THR-01132","693749011323"
"THR-01131","693749011316"
"BPX-78014","Ч00156СЯСА"
"NST-04021","NST-04021"
"B00NPEYC5M","812527016415"
"DOU-07001","745287070017"
"OPF-190096","4820166190096"
"OPF-190249","4820166190249"
"OPF-190218","4820166190218"
"OPF-190379","4820166190379"
"OPF-190270","4820166190270"
"OPF-190034","4820166190034"
"OPF-190430","4820166190430"
"OPF-190263","4820166190263"
"OPF-190522","4820166190522"
"OPF-190348","4820166190348"
"OPF-190089","4820166190089"
"OPF-190508","4820166190508"
"OPF-190355","4820166190355"
"OPF-190287","4820166190287"
"OPF-190362","4820166190362"
"NRT-44191","074312441912"
"DVI-00212","026664006172"
"CAL-79061","021245790617"
"NST-04027","702669933797"
"PNA-00103","PNA-00103"
"HAP-01330","819573013306"
"HAP-01222","819573012224"
"PED-02498","3700225602498"
"DOU-97745","X000ywjlEv"
"LEX-16300","737870163008"
"NTL-07668","047469076689"
"ZOI-01745","898220017454"
"MET-01335","755571013354"
"OPF-420053","4820060420053"
"PED-02238","3700225602238"
"PES-01722","766298017228"
"BPF-00165","Ч002ОЧУТЙЕ"
"KLL-65161","828054021488"
"AVO-15077","381371150779"
"AVO-03601","381370036012"
"LS-0009","Ч000У0ОНТИ"
"ORG-941127","4820200941127"
"OPF-420756","4820060420756"
"ITH-16071","Ч000ЙСВ34В"
"ARG-57450","713947574502"
"OPF-050012","4820031050012"
"OPF-050029","4820031050029"
"OPF-050036","4820031050036"
"OPF-050432","4820031050432"
"OPF-050494","4820031050494"
"OPF-050500","4820031050500"
"OPF-050531","4820031050531"
"OPF-050586","4820031050586"
"OPF-050630","4820031050630"
"OPF-050654","4820031050654"
"OPF-050685","4820031050685"
"OPF-050692","4820031050692"
"OPF-050722","4820031050722"
"OPF-050784","4820031050784"
"OPF-050937","4820031050937"
"OPF-050951","4820031050951"
"OPF-051200","4820031051200"
"OPF-052337","4820031052337"
"OPF-052351","4820031052351"
"OPF-0813","4820081300000"
"OPF-0837","48200837"
"OPF-0882","48200882"
"OPF-3418","48203418"
"DRA-00326","679372003263"
"VNU-51114","X000YWUCGR"
"BioticsResearch1017","X001UNCOIN"
"OPF-110786","7038319110786"
"LEX-23003","737870230038"
"BioticsResearch7805","X001SV7WXJ"
"AVG-41181","364031411816"
"OPF-533116","4820065533116"
"OPF-921629","4823015921629"
"OPF-920677","4823015920677"
"OPF-530412","4820065530412"
"OPF-530184","4820065530184"
"OPF-530191","4820065530191"
"OPF-530375","4820065530375"
"OPF-532997","4820065532997"
"OPF-533024","4820065533024"
"OPF-533147","4820065533147"
"OPF-533178","4820065533178"
"OPF-530207","4820065530207"
"OPF-420046","4820060420046"
"OPF-470065","4820183470065"
"OPF-531983","4820065531983"
"OPF-530528","4820065530528"
"OPF-921643","4823015921643"
"OPF-470041","4820183470041"
"OPF-470034","4820183470034"
"OPF-533529","4820065532935"
"OPF-420749","4820060420749"
"RNM-89003","Ч002И56УША"
"OLB-50510","715486505108"
"NAP-30711","097467307117"
"KLL-01610","828054016101"
"METU-297452","5400433297452"
"LSE-00206","853760002063"
"OPF-237537","806809237537"
"OPF-525841","5060068525841"
"OPF-101271","8901248101271"
"OPF-101288","8901248101288"
"OPF-928529","4823015928529"
"OPF-202477","4823052202477"
"OPF-202576","4823052202576"
"OPF-201968","4823052201968"
"OPF-900563","4823015900563"
"DOU-01253","310539012536"
"OPF-922084","4823015922084"
"OPF-919831","4823015919831"
"OPF-930102","4823015930102"
"OPF-919855","4823015919855"
"OPF-470492","4820183470492"
"OPF-922695","4823015922695"
"OPF-901027","4823015901027"
"OPF-900570","4823015900570"
"OPF-919817","4823015919817"
"OPF-470539","4820183470539"
"BPF-00277","Ч001НГР55Е"
"OPF-922077","4823015922077"
"OPF-470591","4820183470591"
"OPF-922213","4823015922213"
"OPF-925269","4823015925269"
"OPF-470546","4820183470546"
"OPF-202682","4823052202682"
"OPF-470485","4820183470485"
"NRT-03925","074312039256"
"OPF-110939","7038319110939"
"EXE-03992","300672039927"
"SNS-02601","021078026013"
"CMV-00361","9400501003615"
"DOU-97794","310539977941"
"VTW-03681","788332036811"
"BIO-530081","4820236530081"
"BioticsResearch3007","ч001ця80нм"
"OPF-531853","4820065531853"
"OPF-110908","7038319110908"
"SOL-00535","033984005358"
"OPF-190447","4820166190447"
"LOT-030552","8809389030552"
"LOT-031566","8809389031566"
"LOT-030699","8809389030699"
"LOT-012098","8809450012098"
"LOT-010179","8809450010179"
"LOT-010551","8809450010551"
"LOT-011008","8809450011008"
"LOT-541621","8809112541621"
"LOT-802491","8809535802491"
"LOT-712478","8809642712478"
"LOT-712287","8809642712287"
"LOT-802088","8809535802088"
"LOT-712621","8809642712621"
"LOT-712263","8809642712263"
"LOT-804914","8809535804914"
"LOT-804907","8809535804907"
"LOT-712287_дубль","8809535805737"
"LOT-369427","8809071369427"
"LOT-750673","8809418750673"
"LOT-062379","8809280062379"
"LOT-497079","8809474497079"
"LOT-541245","8809505541245"
"LOT-543485","8809505543485"
"LOT-540750","8809505540750"
"LOT-543997","8809505543997"
"LOT-547629","8809505547629"
"LOT-547681","8809505547681"
"LOT-547650","8809505547650"
"LOT-547612","8809505547612"
"LOT-053273","8809643053273"
"LOT-069090","8809643069090"
"LOT-390244","8809647390244"
"LOT-333661","LOT-333661"
"LOT-003863","LOT-003863"
"NPU-22100","Ч001Щ7Р8Т1"
"GEN-13780","883196137800"
"DOU-03816","310539038161"
"NCR-00409","727783004093"
"WHE-02005","817885020050"
"GEN-02265","Ч00132ЫЛ89"
"KIM-02083","812325020836"
"SQP-00061","894321000616"
"HRP-44656","076970446568"
"OPF-531990","4820065531990"
"DOU-04062","310539040621"
"MOR-00984","819237009843"
"OPF-110946","7038319110946"
"CGN-01590","898220015900"
"DRB-00526","753950005266"
"IRW-59449","710363594497"
"MCL-03198","810487031981"
"GOL-12710","658010127103"
"LEX-21193","737870211938"
"DOU-80249","310539802496"
"CGN-01218","898220012183"
"PFH-59301","713708593018"
"NWY-14925","033674149256"
"NST-04167","702669931861"
"ENZ-10012","670480100127"
"BPF-00276","Ч001НГЕЦЙЕ"
"COD-00003","Ч001Ц4КЬШР"
"VTN-02028","Ч000МЫКШ4Т"
"AL-7161","4606492013496"
"B07F7VCLRW","856356008029"
"BPF-00163","Ч0026КЦГ2Р"
"JRW-03071","790011030713"
"NOW-01799","733739017994"
"REQ-58047","040232580475"
"PNA-00019","Ч002УЫ15ТЧ"
"MTG-80020","755571800206"
"LFH-55642","645951556420"
"VNU-51065","Ч000НЦГИЦК"
"MKD-00807","850312008078"
"SNS-01702","021078017028"
"ORI-51486","801541514861"
"DFH-40060","879452003262"
"BRE-054345","8017331054345"
"BRE-054093","8017331054093"
"BRE-071076","8017331071076"
"BRE-069202","8017331069202"
"BRE-035634","8017331035634"
"BRE-064078","8017331064078"
"BRE-054215","8017331054215"
"BRE-055380","8017331055380"
"BRE-048429","8017331048429"
"BRE-054192","8017331054192"
"BRE-064092","8017331064092"
"BRE-052624","8017331052624"
"BRE-048443","8017331048443"
"BRE-025925","8017331025925"
"BRE-060735","8017331060735"
"BRE-038260","8017331038260"
"BRE-047941","8017331047941"
"BRE-060131","8017331060131"
"BRE-060155","8017331060155"
"BRE-060117","8017331060117"
"BRE-058367","8017331058367"
"BRE-058381","8017331058381"
"BRE-058244","8017331058244"
"DOU-20029","745287200292"
"DOU-01369","310539013694"
"DRS-45000","ч000ч1едця"
"PED-02207","3700225602207"
"NOW-01261","733739012616"
"KLL-31008","KLL-31008"
"NPU-22140","X001O6DYM1"
"WMA-044101","99101044101"
"DRS-45021","Ч000Ы94В6М"
"LKN-01555","898220015559"
"NTD-17754","8594073177544"
"HNU-00005","И01ЬЫ461МС"
"KLL-01100","828054011007"
"B002W1478G","B002W1478G"
"PLX-00002","8380000000272"
"PLX-00001","8380000000289"
"SOR-19270","076280192704"
"DOU-00094","310539000946"
"VLC-17362","780845173625"
"OPF-050623","4820031050623"
"PTT-802889","8809239802889"
"PTT-802896","8809239802896"
"PTT-850603","8809508850603"
"PTT-802445","8809239802445"
"PTT-800458","8809239800458"
"PTT-800441","8809239800441"
"PTT-600568","8809422600568"
"PTT-802995","8809239802995"
"PTT-803008","8809239803008"
"PTT-850597","8809508850597"
"PTT-850009","8809508850009"
"PTT-041545","8809187041545"
"PTT-850085","8809508850085"
"PTT-850207","8809508850207"
"PTT-850375","8809508850375"
"PTT-850412","8809508850412"
"PTT-850559","8809508850559"
"DIV-000013","ВШМ-000013"
"DIV-000014","ВШМ-000014"
"DIV-000015","DIV-000015"
"DIV-000017","ВШМ-000017"
"DIV-000016","DIV-000016"
"DIV-000018","ВШМ-000018"
"DIV-000019","DIV-000019"
"DIV-000020","DIV-000020"
"DIV-000021","DIV-000021"
"DIV-000022","DIV-000022"
"DIV-000023","DIV-000023"
"DIV-000024","DIV-000024"
"DIV-000025","DIV-000025"
"DIV-000028","DIV-000028"
"DIV-000029","DIV-000029"
"DIV-000032","DIV-000032"
"DIV-000034","DIV-000034"
"DIV-000035","DIV-000035"
"DFH-40008","Ч0026ФПЩАЧ"
"DFH-40067","DFH-40067"
"DRA-00112","679372001122"
"DFH-40197","879452000841"
"BioticsResearch5250","LPNPM16224203"
"QNL-00124","898440001240"
"ITH-16075","Ч000ЙИМРЫТ"
"HAS-10261","639764102615"
"GAR-740401","4820079740401"
"GOL-12032","658010120326"
"ITH-16091","Ч000ЙИМШПЕ"
"PES-00263","766298002637"
"HYL-30931","354973309319"
"KLL-00500","828054005006"
"VLC-22090","780845220909"
"OPF-570001","3760083570001"
"OPF-570018","3760083570018"
"OPF-606326","5903060606326"
"OPF-003226","3662042003226"
"OPF-003097","3662042003097"
"OPF-507870","4250369507870"
"MET-01396","755571013965"
"MET-01500","755571015006"
"METU-279076","5400433279076"
"VLC-87120","780845871200"
"METU-067628","5400433067628"
"OPF-421364","4820060421364"
"NAU-62812","628110628121"
"WMA-047101","99101047101"
"WMA-050101","99101050101"
"ITH-16093","Ч000ЙСВЗЩМ"
"CGN-01111","898220011117"
"OPF-920660","4823015920660"
"OPF-840034","4820214840034"
"LEX-24076","737870240761"
"PES-02239","766298022390"
"PES-01125","766298011257"
"MRM-55008","609492550088"
"NPU-22097","X001V62NW1"
"OPF-000340","000340"
"OPF-470607","4820183470607"
"NTL-00466","047469004668"
"NAU-62829","628110628299"
"NAU-62830","628110628305"
"WWB-00108","691195001080"
"BioticsResearch8003","X001TNTWGV"
"OPF-971853","8594003971853"
"XTL-02155","9421901419530"
"DST-00301","074300003016"
"HES-972178","7640131972178"
"HES-972185","7640131972185"
"HES-972161","7640131972161"
"HES-971805","HES-971805"
"HES-971836","HES-971836"
"HES-024928","8017331024928"
"HES-024904","8017331024904"
"HES-052389","8017331052389"
"HES-058947","8017331058947"
"HES-031209","8017331031209"
"HES-039366","8017331039366"
"HES-500019","5060224500019"
"HES-500026","5060224500026"
"HES-500033","5060224500033"
"HES-972017","7640131972017"
"HES-056158","8017331056158"
"HES-057346","8017331057346"
"HES-056110","8017331056110"
"HES-056134","8017331056134"
"HES-040836","8017331040836"
"HES-060544","8017331060544"
"HES-058411","8017331058411"
"HES-040645","8017331040645"
"HES-048917","8017331048917"
"HES-049075","8017331049075"
"HES-054277","8017331054277"
"HES-060568","8017331060568"
"HES-032602","8017331032602"
"HES-049013","8017331049013"
"HES-049051","8017331049051"
"HES-056929","8017331056929"
"HES-056523","8017331056523"
"HES-056547","8017331056547"
"HES-056509","8017331056509"
"HES-044131","8017331044131"
"HES-040935","8017331040935"
"HES-040898","8017331040898"
"HES-040850","8017331040850"
"HES-051931","8017331051931"
"HES-051917","8017331051917"
"HES-056325","8017331056325"
"HES-064887","8017331064887"
"HES-064900","8017331064900"
"HES-064863","8017331064863"
"HES-064450","8017331064450"
"ACA-02016","816421020165"
"LEX-22043","737870220435"
"SOR-19110","076280191103"
"SYN-00486","852971004866"
"YOZ-930164","5060518930164"
"QUE-00117","888849001170"
"QUE-00139","888849001392"
"ULT-00608","099071006080"
"QUE-00138","888849001385"
"QUE-00494","888849004942"
"MOD-56454","764595564544"
"MOD-56448","764595564483"
"MOD-56449","764595564490"
"BSN-00422","834266004225"
"BSN-00421","834266004218"
"BSN-00338","834266003389"
"NOW-03378","733739033789"
"VLC-51560","780845515609"
"DVI-00268","702669931863"
"DOU-03056","745287030561"
"PES-02393-дубль","766298023939"
"PES-01267","766298012674"
"GOL-12717","658010127172"
"MBM-00709","838287007098"
"ITH-16113","Ч000ЙИМШ0Я"
"SOR-43546","076280435467"
"MTG-01748","755571017482"
"OPF-285427","8906032285427"
"KOR-510251","8809540510251"
"KOR-990303","8809566990303"
"KOR-990310","8809566990310"
"KOR-990051","8809566990051"
"KOR-510183","8809540510183"
"KOR-510152","0200103976"
"KOR-510145","8809540510145"
"KOR-990044","8809566990044"
"KOR-990358","8809566990358"
"KOR-990457","8809566990457"
"KOR-990440","8809566990440"
"KOR-990464","8809566990464"
"KOR-990563","8809566990563"
"KOR-990556","8809566990556"
"KOR-990075","8809566990075"
"KOR-990631","8809566990631"
"KOR-510169","8809540510169"
"KEV-01238","816536012383"
"METU-229705","5400433229705"
"PNA-00061","Ч00242В5Р3"
"LKN-01694","898220016945"
"ZAH-08192","848998081928"
"OPF-420039","4820060420039"
"OPF-112188","4820182112188"
"ECL-38982","023363389827"
"DRA-00105","DRA-00105"
"PTR-02204","PTR-02204"
"PNA-00065","816511026596"
"BIO-530128","4820236530128"
"NUN-76009","810028760097"
"GFO-00005","868095000318"
"OPF-284512","8906032284512"
"CAF-33479","032843334790"
"MWC-00402","858645004026"
"MWC-00423","858645004231"
"FRO-00999","089836009999"
"MWC-00400","858645004002"
"BFN-03133","020526031333"
"SWW-60027","9311770600279"
"NTB-33300","047868333000"
"PFM-000001","PFM-000001"
"PFM-000001","PFM-0000011"
"PFM-000001","заь-000001"
"PFM-000002","PFM-000002"
"PFM-000003","PFM-000003"
"PFM-000004","PFM-000004"
"PFM-000005","PFM-000005"
"PFM-000006","PFM-000006"
"PFM-000007","PFM-000007"
"PFM-000009","PFM-000009"
"PFM-000008","PFM-000008"
"PFM-000010","PFM-000010"
"PFM-000011","PFM-000011"
"PFM-000012","PFM-000012"
"PFM-000013","PFM-000013"
"PFM-000014","PFM-000014"
"PFM-000015","16000018262"
"PFM-000016","PFM-000016"
"PFM-000017","PFM-000017"
"PFM-000018","PFM-000018"
"PFM-000019","11000109489"
"OPF-650232","4820165650232"
"PRW-72210","644225722103"
"FHH-00249","896593002497"
"WMA-105101","99101105101"
"DFH-40199","879452001794"
"WMA-062101","99100010101"
"WMA-051101","99101051101"
"WMA-069101","99100013101"
"WMA-229101","99100116101"
"WMA-109101","99100109101"
"WMA-104101","99100105101"
"WMA-110101","99100110101"
"WMA-147101","99100147101"
"WMA-16101","99100916101"
"EGU-000001","681131074162"
"DOU-97749","310539977491"
"PTT-850443","8809508850443"
"PTT-850016","8809508850016"
"PTT-850535","8809508850535"
"KLF-802605","8809239802605"
"KLF-802544","8809239802544"
"KLF-802568","8809239802568"
"KLF-802551","8809239802551"
"KLF-803367","8809239803367"
"BioticsResearch7705","7705"
"BioticsResearch1736","780053001871"
"ENZ-98132","670480981320"
"OTB-127054","4987241127054"
"OTB-145607","OTB-145607"
"OTB-148608","4987241148608"
"OTB-516673","8809540516673"
"OTB-516703","8809540516703"
"OTB-517151","8809540517151"
"OTB-251474","8809534251474"
"OTB-148615","4987241148615"
"OTB-143696","4987241143696"
"OTB-148226","4987241148226"
"OTB-515355","8809540515355"
"OTB-515362","8809540515362"
"OTB-517182","8809540517182"
"OTB-138999","4987241138999"
"OTB-157600","4987241157600"
"OTB-157587","4987241157587"
"OTB-516109","8809540516109"
"OTB-150335","4987241150335"
"OTB-150373","4820197960591"
"OTB-516093","8809540516093"
"OTB-517212","8809540517212"
"OTB-517229","8809540517229"
"OTB-517250","8809540517250"
"ALG-70531","713947705319"
"JRW-03055","790011030553"
"SOR-01416","076280014167"
"PED-02030","3700225602030"
"METU-214695","5400433214695"
"PNA-00135","819070014172"
"LEX-23652","737870236528"
"LKN-01571","898220015719"
"SOR-01367","076280013672"
"OMM-00414","857727004145"
"METU-229262","5400433229262"
"METU-066713","5400433066713"
"KLL-00184","828054001848"
"B000FH11M4","Ч000ГЕИ31Р"
"ONT-01012","819444010120"
"ONT-01455","819444014555"
"DOU-00903","310539009031"
"PNA-00123","816511024806"
"METU-223857","5400433223857"
"SFD-90612","803813906121"
"OPF-237520","806809237520"
"OPF-237575","806809237575"
"OPF-711066","5997207711066"
"OPF-711424","5997207711424"
"OPF-710786","5997207710786"
"OPF-711059","5997207711059"
"OPF-713046","5997207713046"
"OPF-496713","5907500496713"
"OPF-161959","4820005161959"
"OPF-162345","4820005162345"
"OPF-162352","4820005162352"
"OPF-236540","4027269236540"
"OPF-231798","4027269231798"
"OPF-231781","4027269231781"
"OPF-710816","5997207710816"
"OPF-840027","4820214840027"
"OPF-496966","5907500496966"
"OPF-496355","5907500496355"
"OPF-496140","5907500496140"
"OPF-711431","5997207711431"
"OPF-292645","4607041292645"
"OPF-292638","4607041292638"
"OPF-292621","4607041292621"
"OPF-507849","4250369507849"
"OPF-130693","4820114130693"
"OPF-130907","4820114130907"
"OPF-131058","4820114131058"
"OPF-555657","784228555657"
"OPF-555633","784228555633"
"OPF-555640","784228555640"
"OPF-858559","8594004858559"
"OPF-857675","8594004857675"
"APN-00001","фзт-00001"
"APN-00002","APN-00002"
"APN-00004","APN-00004"
"APN-00005","APN-00005"
"APN-00007","ФЗТ-00007"
"APN-00010","APN-00010"
"APN-00019","APN-00019"
"MAV-17919","311845179197"
"APN-00025","APN-00025"
"APN-00023","APN-00023"
"APN-00026","APN-00026"
"APN-00021","APN-00021"
"APN-00022","ФЗТ-00022"
"APN-00024","APN-00024"
"OPF-705111","4251520705111"
"ENS-00278","0614749058397"
"B07L8NV4R3","Ч002РЧАЯОЗ"
"MKN-00095","8380000000043"
"KLL-01231","709616012314"
"KLL-01151","817234011517"
"DOU-02226","X0016V5N0F"
"NPU-22105","Ч001цй419в"
"PBF-750427","4820090750427"
"PBF-750403","4820090750403"
"OPF-420404","4820060420404"
"GOL-12459","658010124591"
"UHP-00033","853218000337"
"UHP-00013","853218000139"
"OPF-530429","4820065530429"
"BRY-67788","752830677883"
"OPF-050579","4820031050579"
"OPF-790237","4820187790237"
"GOL-11858","658010118583"
"OPF-790299","4820187790299"
"NWY-13500","033674135006"
"NOR-06105","768990061059"
"NPU-22058","Ч001Щ97УЩ7"
"CGN-01127","898220011278"
"ORG-940786","4820200940786"
"OPF-112300","4820182112300"
"WMA-053101","99101053101"
"DOU-02194","Ч000ЫОЦКГ5"
"NAP-03087","097467030879"
"METU-931214","755571931214"
"NPU-22066","Ч001цЗ6е3а"
"PNA-00133","816511029696"
"OPF-284949","8906032284949"
"ODV-00002","Ч0020Й94ЕМ"
"EHB-00704","855411007045"
"GEN-02238","Ч00132ЫЛ8О"
"ITH-16054","814888019388"
"BIO-530043","4820236530043"
"BIO-530050","4820236530050"
"BIO-530067","4820236530067"
"OBN-52688","764934526882"
"HBP-00038","090700000387"
"sale-PTP-13326","13326"
"sale-CEN-22263","22263"
"sale-PTP-10238","10238"
"sale-PTP-13700","13700"
"sale-PTP-13894","13894"
"CLF-05045-d-1","CLF-05045-d-1"
"sale-SOL-01121","01121"
"sale-SOL-01453","01453"
"sale-CAR-01524","01524"
"sale-NOW-03878","03878"
"HOLL-700109","4823109700109"
"OPTB-403830","8809393403830"
"OPTB-403816","8809393403816"
"OPF-691158","4820037691158"
"PES-00941","766298009414"
"PES-11499","766298114996"
"NPU-22064","X001KWKWTR"
"GNC-208812","Ч002ЛГЧТТЗ"
"PES-01051","X000RJJ6ZP"
"PES-01051","766298010519"
"VNU-51082","X000YWUC35"
"ITH-16038","871791002234"
"YBP-00216","046352002163"
"DOU-97771","310539977712"
"GNC-215412","048107158996"
"GNC-204611","Ч0028НЙФ7Е"
"OPF-682800","4026600682800"
"FES-15110","782932151103"
"SYN-00431","852971004316"
"VEG-00614","838766006147"
"MET-95333","755571953339"
"GEN-12342","883196123421"
"ITH-16101","Ч000ЙСКУЫО"
"WMA-823101","99100823101"
"WMA-654101","99100654101"
"WMA-819101","99100819101"
"WMA-828101","828101"
"WMA-736101","99100736101"
"NWY-62900","033674629000"
"CGN-01330","898220013302"
"THR-00668","693749006688"
"PES-01295","766298012957"
"BIO-530074","4820236530074"
"BTL-00244","895454002447"
"NAU-62843","628110628435"
"OMM-00409","857727004091"
"ZOI-01613","898220016136"
"MOR-00956","819237009560"
"NPU-22094","Ч001ЦШ7ЯТА"
"SOR-00120","076280001204"
"BPX-78021","Ч001НМВШ6Т"
"NPU-22134","Ч001ЛЛГЫЬ5"
"DRA-00686","679372006868"
"CAL-64295","021245642954"
"NOW-00513","854273005138"
"GAT-64888","859613648884"
"JAS-00029","078522000297"
"HOLL-700338","4823109700338"
"PNA-00024","816511021829"
"HOLL-700093","4823109700093"
"HOLL-700116","4823109700116"
"HOLL-700123","4823109700123"
"HOLL-700130","4823109700130"
"HOLL-700246","4823109700246"
"HOLL-700253","4823109700253"
"HOLL-700260","4823109700260"
"HOLL-700277","4823109700277"
"HOLL-700284","4823109700284"
"HOLL-700291","4823109700291"
"HOLL-700307","4823109700307"
"HOLL-700314","4823109700314"
"HOLL-700321","4823109700321"
"HOLL-700147","4823109700147"
"HOLL-700154","4823109700154"
"HOLL-700178","4823109700178"
"HOLL-700185","4823109700185"
"HOLL-700192","4823109700192"
"HOLL-700208","4823109700208"
"HOLL-700215","4823109700215"
"HOLL-700222","4823109700222"
"HOLL-700239","4823109700239"
"HOLL-700048","4823109700048"
"HOLL-700024","4823109700024"
"HOLL-700031","4823109700031"
"HOLL-700017","4823109700017"
"HOLL-700055","4823109700055"
"HOLL-700079","4823109700079"
"HOLL-700086","4823109700086"
"HOLL-700062","4823109700062"
"HOLL-700352","4823109700352"
"HOLL-700345","4823109700345"
"HOLL-700376","4823109700376"
"HOLL-700369","4823109700369"
"HOLL-700383","4823109700383"
"HOLL-700390","4823109700390"
"HOLL-410104","4820200410104"
"HOLL-410067","4820200410067"
"HOLL-410074","4820200410074"
"HOLL-410081","4820200410081"
"HOLL-410098","4820200410098"
"HOLL-410043","4820200410043"
"HOLL-410050","4820200410050"
"HOLL-410036","4820200410036"
"HOLL-410012","4820200410012"
"HOLL-410029","4820200410029"
"PES-00228","766298002286"
"BioticsResearch1178","X001SL5LMD"
"PES-02136","766298021362"
"MTG-02250","755571022509"
"DOU-97813","X002HLPL7X"
"DOU-97813","310539978139"
"METU-233238","5400433233238"
"OPF-580329","4820146580329"
"OPF-580121","4820146580121"
"OPF-580237","4820146580237"
"OPF-219346_дубль","3551597219346"
"OPF-402755","3551597402755"
"OPF-915795","5054563915795"
"OPF-682626","4026600682626"
"OPF-682541","4026600682541"
"OPF-004664","4893776004664"
"OPF-102608","5011091102608"
"OPF-580350","4820146580350"
"OPF-580244","4820146580244"
"OPF-580299","4820146580299"
"OPF-580381","4820146580381"
"OPF-260360","4820168260360"
"OPF-260179","4820168260179"
"OPF-260926","4820168260926"
"OPF-260865","4820168260865"
"OPF-580398","4820146580398"
"OPF-580367","4820146580367"
"ENZ-26301","670480263013"
"DRB-00527","753950005273"
"NOW-04613","733739046130"
"NOW-00700","733739007001"
"NOW-00685","733739006851"
"NOW-01270","733739012708"
"NOW-01230","733739012302"
"NOW-02630","733739026309"
"NOW-03208","733739032089"
"NOW-03153","733739031532"
"NOW-00880","733739008800"
"NOW-01770","733739017703"
"NOW-01544","733739015440"
"NOW-07715","733739077158"
"NOW-04716","733739047168"
"NOW-01297","733739012975"
"NOW-01290","733739012906"
"NOW-00480","733739004802"
"NOW-08300","NOW-08300"
"NOW-04012","733739040121"
"NOW-02380","733739023803"
"NOW-03287","733739032874"
"NOW-04740","733739047403"
"NPU-22142","X001KWCR8V"
"ECF-23411","696859130892"
"ZOI-01612","898220016129"
"DOU-97881","310539978818"
"DOU-97800","310539978009"
"NHI-40054","732894400542"
"HBP-00418","090700004187"
"DFH-40144","879452004542"
"SDS-03185","847280031856"
"GRP-01015","705105298900"
"KLL-00116","828054001169"
"DOU-01240","310539012406"
"DOP-52837","4009932528374"
"DOP-52250","4009932522501"
"DOP-52702","4009932527025"
"NPU-22120","NPU-22120"
"MGF-10346","051494103463"
"SOR-84652","076280846522"
"FDS-34151","026664341518"
"KLL-65127","KLL-65127"
"DOU-00067","310539000670"
"PNA-00082","816511021393"
"PES-01760","766298017600"
"BPX-78006","X0014E0AS9"
"KLL-01189","16000190842"
"BioticsResearch1709","Ч001ЫЦШЯСЯ"
"BIO-530111","4820236530111"
"BIO-530104","4820236530104"
"BIO-530098","4820236530098"
"DRS-45027","Ч000Р1Р61Е"
"TSU-000107","TSU-000107"
"TSU-600321","139174600321"
"TSU-002460","2000000002460"
"TSU-000291","2000000002910"
"TSU-002941","TSU-002941"
"TSU-363030","603589363030"
"TSU-418143","521335418143"
"TSU-421676","485039421676"
"TSU-480584","292945480584"
"TSU-582987","TSU-582987"
"TSU-002965","2000000002965"
"TSU-002958","2000000002958"
"TSU-771017","585925771017"
"TSU-294213","295731294213"
"TSU-442280","2000000442280"
"TMR-00316","878941003165"
"ITH-16111","Ч000ЙЧРАГЯ"
"EUR-19006","367703190064"
"TSU-002989","2000000002989"
"TSU-003030","2000000003030"
"TSU-824917","357096824917"
"TSU-245654","800614245654"
"TSU-250836","787591250836"
"TSU-366205","933083366205"
"TSU-836802","740796836802"
"KLL-00143","828054001435"
"ZAH-08181","848998081812"
"DOU-02240","310539022405"
"NOR-50097","768990500978"
"TMR-00577","878941005770"
"RNM-89004","Ч001Г23СС1"
"TMR-00569","878941005695"
"TMR-00044","878941000447"
"TMR-00043","878941000430"
"TMR-00105","878941001055"
"PES-02203","766298022031"
"TMR-00497","878941004971"
"TMR-00311","878941003110"
"TMR-00014","878941000140"
"TMR-00449","878941004490"
"TMR-00058","878941000584"
"TMR-00568","878941005688"
"TMR-00353","878941003530"
"TMR-00007","878941000072"
"TMR-00008","878941000089"
"METU-218747","5400433218747"
"METU-915139","755571915139"
"MET-02639","755571026392"
"MET-91123","755571911230"
"MET-92735","755571927354"
"MET-94865","755571948656"
"GOL-12296","658010122962"
"PES-02169","Ч001ПЩДМШЯ"
"VTN-02032","Ч000Ч574ОТ"
"DRB-00517","753950005174"
"OPF-421098","4820060421098"
"OPF-922169","4823015922169"
"OPF-237513","806809237513"
"OPF-440145","4820198440145"
"OPF-440084","4820198440084"
"OPF-440107","4820198440107"
"OPF-440114","4820198440114"
"OPF-440091","4820198440091"
"OPF-440077","4820198440077"
"OPF-405639","4820085405639"
"OPF-680149","4820170680149"
"OPF-405653","4820085405653"
"OPF-405677","4820085405677"
"OPF-405691","4820085405691"
"OPF-405714","4820085405714"
"OPF-405738","4820085405738"
"OPF-405752","4820085405752"
"OPF-405776","4820085405776"
"OPF-405790","4820085405790"
"OPF-680842","4820170680842"
"OPF-007043","4602242007043"
"OPF-440060","4820198440060"
"OPF-405899","4820085405899"
"OPF-405998","4820085405998"
"OPF-405851","4820085405851"
"OPF-405936","4820085405936"
"OPF-405837","4820085405837"
"OPF-405974","4820085405974"
"OPF-930119","4823015930119"
"OPF-680163","4820170680163"
"OPF-680132","4820170680132"
"OPF-680088","4820170680088"
"OPF-680187","4820170680187"
"OPF-440138","4820198440138"
"OPF-405813","4820085405813"
"OPF-680897","4820170680897"
"OPF-405950","4820085405950"
"OPF-690403","4820037690403"
"KLL-65126","X001SI0MEX"
"CTL-40037","049100400372"
"257223","Ч002Ш2НЕФ1"
"DOU-03636","310539036365"
"PES-00742","766298007427"
"FES-15119","782932151196"
"KLL-00126","828054001268"
"BPX-78005","Ч00140ВАКИ"
"OOA-01274","ЩЩФ-01274"
"NST-04015","810014670058"
"GAN-00116","815066001164"
"PES-00553","766298005539"
"NPU-22130","Ч001Щ7НЩЙЗ"
"VNU-51141","X000YWUC17"
"SOL-00800","033984008007"
"DOU-00518","310539005187"
"ODV-00008","X0029RWHLX"
"NTA-00406","083000004063"
"NTA-00601","083000006012"
"MET-91021","755571910219"
"NUG-02208","Ч002Ш9ЫЗЗЕ"
"SWV-01504","087614015040"
"SWV-01324","087614013244"
"SWV-01009","087614010090"
"SWV-01877","087614018775"
"SWV-11161","087614111612"
"SWV-01810","087614018102"
"SWV-01180","087614011806"
"SWV-11229","087614112299"
"SWV-11065","087614110653"
"SWV-11670","087614116709"
"SWV-01922","087614019222"
"SWV-11428","087614114286"
"SWV-11716","087614117164"
"SWV-11336","087614113364"
"SWV-01423","087614014234"
"SWV-11335","087614113357"
"SWV-01035","087614010359"
"SWV-11589","087614115894"
"SWV-11578","087614115788"
"SWV-01535","087614015354"
"SWV-01892","087614018928"
"SWV-11767","087614117676"
"SWV-11434","087614114347"
"SWV-06048","087614060484"
"SWV-01978","087614019789"
"SWV-01983","087614019833"
"SWV-01883","087614018836"
"SWV-14112","087614141121"
"SWV-14158","087614141589"
"SWV-01874","087614018744"
"SWV-18011","087614180113"
"SWV-11713","087614117133"
"SWV-01826","087614018263"
"SWV-11096","087614110967"
"SWV-11502","087614115023"
"SWV-01855","087614018553"
"SWV-01902","087614019024"
"SWV-01196","087614011967"
"SWV-11732","087614117324"
"SWV-11390","087614113906"
"SWV-01653","087614016535"
"SWV-01250","087614012506"
"SWV-11756","087614117560"
"SWV-11342","087614113425"
"SWV-11444","087614114446"
"SWV-11095","087614110950"
"SWV-11004","087614110042"
"SWV-14099","087614140995"
"SWV-01808","087614018089"
"SWV-01940","087614019406"
"SWV-21037","087614210377"
"SWV-21003","087614210032"
"SWV-02190","087614021904"
"SWV-02913","087614029139"
"SWV-02672","087614026725"
"SWV-02671","087614026718"
"SWV-02395","087614023953"
"SWV-21063","087614210636"
"SWV-21040","087614210407"
"SWV-21036","087614210360"
"SWV-02986","087614029863"
"SWV-02758","087614027586"
"SWV-21064","087614210643"
"SWV-21051","087614210513"
"SWV-21049","087614210490"
"SWV-02823","087614028231"
"SWV-02067","087614020679"
"SWV-02086","087614020860"
"SWV-01001","087614010014"
"SWV-21032","087614210322"
"SWV-11510","087614115108"
"SWV-01140","087614011400"
"SWV-01030","087614010304"
"SWV-11130","087614111308"
"SWV-01203","087614012032"
"SWV-01282","087614012827"
"SWV-01415","087614014159"
"SWV-01533","087614015330"
"SWV-01268","087614012681"
"SWV-11332","087614113326"
"SWV-11034","087614110349"
"YOU-00711","850502007119"
"LOT-805737","LOT-805737"
"PNA-00116","Ч001К1И68К"
"NOF-980182","4680046980182"
"NOF-980328","4680046980328"
"NOF-053989","4631143053989"
"NOW-01303","733739013033"
"WMA-049101","99101049101"
"HNU-00004","и07тя1дыте"
"NUN-76016","810028760165"
"NPU-22073","Ч001ЛФСА1Р"
"MST-162758","4260641162758"
"HRP-84232","076970842322"
"DOU-20050","745287200506"
"DLM-330703","4820152330703"
"DLM-331892","4820152331892"
"NPU-22047","ч001щ6шнки"
"LEX-19749","737870197492"
"CGN-01357","898220013579"
"OPF-420121","4820060420121"
"JRW-30012","790011300120"
"ECF-23434","Ч000КРЙ3ЬД"
"SOR-69755","076280697551"
"FRO-00598","089836005984"
"OPN-02919","748927029192"
"OPN-02721","748927027211"
"DVI-00178","Ч0032ЕРС7И"
"INF-501023","8022328501023"
"NST-04176","702669933247"
"ENZ-10082","670480100820"
"OPF-680064","4820170680064"
"SIE-01489","898220014897"
"OPF-011547","4820187011547"
"ENZ-10099","670480100998"
"LEX-16250","737870162506"
"GOL-12708","658010127080"
"OPF-110351","4820182110351"
"PES-00009","Ч000КОО83З"
"HEW-00234","898488002346"
"MGF-10364","051494103647"
"LEX-22526","737870225263"
"NOF-980014","4680046980014"
"NOF-980151","4680046980151"
"NOF-980168","4680046980168"
"NOF-054009","4631143054009"
"NOF-053996","4631143053996"
"NOF-591532","4650062591532"
"MTG-92959","755571929594"
"PES-00438","766298004389"
"PES-00855","766298008554"
"PES-02214","766298022147"
"LEX-23683","737870236832"
"NRT-00494","074312004940"
"NPU-22070","Ч001ОЕОФОО"
"BioticsResearch3043","Ч001ЦНРЫЦК"
"SPS-90740","076635907403"
"MAN-00231","895015002312"
"PLY-60382","631656603828"
"OPT-01201","350520012015"
"DRB-00508","753950005082"
"HDR-02133","810039262481"
"HOG-15149","603573151492"
"HOG-15225","603573152253"
"HOG-15228","603573152284"
"HOG-27451","603573274511"
"HOG-27453","603573274535"
"HOG-35026","603573350260"
"HOG-35047","603573350475"
"HOG-36465","603573364656"
"HOG-36472","603573364724"
"HOG-35020","603573350208"
"OGT-01240","627733012409"
"ZOI-01603","898220016037"
"DOU-97990","310539979907"
"OST-24979","5903246224979"
"NST-04129","702669935180"
"NPU-22022","Ч002И17ВУТ"
"PES-00222","766298002224"
"OPF-285854","8906032285854"
"NTB-17101","047868171015"
"METU-309643","5400433309643"
"PML-60303","647125603039"
"KLL-01227","709616012277"
"APN-962018","2280837962018"
"APN-00072_дубль","ФЗТ-00027"
"KLL-00131","828054001312"
"KLL-01202","817234012026"
"KLL-00157","828054001572"
"DFH-40136","Ч000ЧИЛЦ7Т"
"KLL-65210","Ч001МИАШТР"
"KLL-08402","709616084021"
"KLL-01226-2","817234012262"
"KLL-00732","828054007321"
"KLL-00720","828054007208"
"HBP-00066","090700000660"
"MET-92953","755571929532"
"PED-02214","3700225602214"
"CAN-74110","011821741102"
"NCR-90175","727783901750"
"MET-02300","755571023001"
"MAV-05421","311845054210"
"NCR-00413","727783004130"
"FDS-34201","026664342010"
"PNA-00137","Ч000ТОРТГЕ"
"NST-04110","702669935111"
"DVI-23951","026664239518"
"KLL-77606","X00332AUX5"
"PNA-00147","X0024C6NZT"
"OPF-680156","4820170680156"
"UHP-00031","853218000313"
"PTF-10454","021078104544"
"PTP-11434","074312114342"
"PTP-15108","025077151080"
"PTP-15112","025077151127"
"PTP-12881","025077128815"
"PTP-14904","074312149047"
"PTP-12111","074312121111"
"PTP-12385","074312123856"
"PTP-31042","025077310425"
"PTP-51441","025077514410"
"PTP-10693","074312106934"
"PTP-14070","074312140709"
"BPF-02091","Ч001ВЯДЫШ5"
"HOG-15231","603573152314"
"HOG-15233","603573152338"
"HOG-15235","603573152352"
"HOG-39550","603573395506"
"sale-PTP-15594","15594"
"PES-00242","766298002422"
"MET-94948","755571949486"
"DBE-12244","810110790063"
"DBE-97737","810110790247"
"KLL-31000","709616310007"
"HEE-10010","787647100101"
"MST-160594","4260641160594"
"MST-162161","4260641162161"
"MST-160648","4260641160648"
"MST-160624","4260641160624"
"MST-160426","4260641160426"
"MST-160433","4260641160433"
"MST-142864","4270000142864"
"MST-244711","4270000244711"
"MST-160754","4260641160754"
"MST-161041","4260641161041"
"MST-160976","4260641160976"
"LSE-00262","853760002629"
"OPF-285014","8906032285014"
"OPF-004875","4602242004875"
"METU-071229","5400433071229"
"MCL-03091","810487030915"
"MET-04125","755571012593"
"BPF-02115","815709023713"
"NOF-000003","4627082940473"
"NOF-000007","4627082941777"
"BioticsResearch1266","Ч001ДЯУ0МЕ"
"NST-04042","702669932318"
"ITH-16112","Ч001ДИ33Н3"
"QHE-56578","079896565788"
"GOL-11863","658010118637"
"OPF-560067","4260428560067"
"FRO-00587","089836005878"
"OPF-002635","4602242002635"
"OPF-003816","4602242003816"
"DOU-00577","310539005774"
"OPF-704800","4251520704800"
"NHS-00100","635824001003"
"GAI-34257","751063342575"
"DOU-03883","310539038833"
"GSK-13970","4026600838405"
"GNC-236821","Ч002ПО6Е3М"
"METU-071205","5400433071205"
"RNM-89006","B07S18mRkc"
"NAP-30729","097467307292"
"CGN-01347","898220013470"
"MIZ-52060","8809587520602"
"LEX-20206","737870202066"
"ACA-02004","816421020042"
"MCV-12372","034529123728"
"OPF-704817","4251520704817"
"DFH-40166","879452000971"
"NST-04177","702669934084"
"SWW-14819","850000148192"
"DOU-01829","310539018293"
"PES-01551","766298015514"
"MET-91259","755571912596"
"MET-93955","755571939555"
"MET-93421","755571934215"
"ORT-1319962","-01319962"
"BOS-70113","306960701132"
"YUE-01908","810165019089"
"OPF-804024","4823012804024"
"OPF-801764","4823012801764"
"OPF-131584","4820114131584"
"BIO-530203","4820236530203"
"BIO-530210","4820236530210"
"AL-5212","4820200140315"
"ORT-22694892","4260022694892"
"NTW-07043","858081006172"
"SGW-00048","019277000484"
"BioticsResearch3018","X001WZ9RFR"
"BioticsResearch3018","ч001ця9как"
"BIOS-000002","BIO-000002"
"BIOS-000003","BIO-000003"
"BioticsResearch3009","Ч001ЦНРВ77"
"SMA-02079","817053020790"
"SNGG-390023","4820232390023"
"SNGG-390030","4820232390030"
"SNGG-390061","4820232390061"
"SNGG-390054","4820232390054"
"SNGG-390146","4820232390146"
"MET-04112","MET-04112"
"NOF-980175","4680046980175"
"GNC-738812","Ч002РП0С9Я"
"BIO-530180","4820236530180"
"BIO-530197","4820236530197"
"LKN-01591","898220015917"
"NOF-092778","4680016092778"
"OPF-117046","8607000117046"
"VFU-01468","027917014685"
"BOS-07613","306960076131"
"KLL-01063","817234010633"
"KLL-012279","817234012279"
"KLL-00310","828054003101"
"KLL-01099","817234010992"
"KLL-00215","828054002159"
"VNU-51078","Ч000НЦГИМ3"
"NPU-22036","Ч001НМЧРЯЯ"
"NAP-30747","097467307476"
"OPF-690397","4820037690397"
"DNH-10034","790223100341"
"MST-160860","4260641160860"
"ORI-51247","801541512478"
"OPF-690687","4820037690687"
"NOF-980618","4680046980618"
"DOU-02247","745287021033"
"SPS-90810","076635908103"
"ITH-16070","Ч000ЙИМРЕР"
"ONT-01020","ч002суыцир"
"OPF-180254","4820169180254"
"DVI-00258","026664219619"
"GNC-452341","Ч002Т2ПК1Я"
"GNC-452341","Ч002РП0ОЬЗ"
"BIOS-000004","BIO-000004"
"BIOS-000005","BIO-000005"
"OPF-0776","48200776"
"CGN-01298","898220012985"
"PES-00364","766298003641"
"PES-02267","766298022673"
"PES-01569","766298015699"
"PES-01615","766298016153"
"GEN-02308","Ч002РДЗ9Ч9"
"NST-04028","702669933353"
"REA-97861","094922978615"
"NST-04180","702669933124"
"LIF-40009","053232400094"
"OPF-052856","4820031052856"
"DOU-200587-180X","Ч002Ш7ИШЫК"
"STYX-005016","9004432005016"
"STYX-005023","9004432005023"
"STYX-005795","STYX-005795"
"STYX-005481","9004432005481"
"STYX-005054","9004432005054"
"STYX-005160","9004432005160"
"STYX-005351","9004432005351"
"STYX-005306","9004432005306"
"STYX-005627","9004432005627"
"STYX-005474","9004432005474"
"STYX-005078","9004432005078"
"STYX-155902","9004432155902"
"STYX-005535","9004432005535"
"STYX-005382","9004432005382"
"STYX-005177","9004432005177"
"STYX-005184","9004432005184"
"STYX-005740","9004432005740"
"STYX-005771","9004432005771"
"STYX-005092","9004432005092"
"STYX-005344","9004432005344"
"STYX-005191","9004432005191"
"STYX-005115","9004432005115"
"STYX-005207","9004432005207"
"STYX-005405","9004432005405"
"STYX-005146","9004432005146"
"STYX-005283","9004432005283"
"STYX-005559","9004432005559"
"STYX-005122","9004432005122"
"STYX-005320","9004432005320"
"STYX-005030","9004432005030"
"STYX-005634","9004432005634"
"STYX-161200","9004432161200"
"STYX-007775","9004432007775"
"STYX-007706","9004432007706"
"STYX-007737","STYX-007737"
"STYX-010355","9004432010355"
"STYX-830335","9004432830335"
"STYX-111328","9004432111328"
"STYX-145491","9004432145491"
"STYX-144043","9004432144043"
"STYX-144647","9004432144647"
"STYX-004002","9004432004002"
"STYX-144548","9004432144548"
"STYX-145040","9004432145040"
"STYX-144746","9004432144746"
"STYX-004026","9004432004026"
"STYX-004019","9004432004019"
"STYX-144920","9004432144920"
"STYX-144838","9004432144838"
"STYX-145231","9004432145231"
"STYX-145330","9004432145330"
"STYX-830373","9004432830373"
"STYX-201777","9004432201777"
"STYX-201418","9004432201418"
"STYX-201678","9004432201678"
"STYX-001605","9004432001605"
"STYX-140212","9004432140212"
"STYX-140410","9004432140410"
"MET-91244","755571912442"
"MTG-02357","755571023575"
"MET-91847","755571918475"
"GNC-201655","048107248901"
"BIOL-560506","4820008560506"
"OPF-210703","4820058210703"
"NTA-26922","083000269226"
"OMM-00897","856210008974"
"OPF-790343","4820187790343"
"CCM-00003","313992000034"
"TRN-00081","И07ЛОК4МИ8"
"FLG-12019","FLG-12019"
"NAU-62807","628110628077"
"PNA-00032","Ч001ННЫШ1З"
"SOR-19314","076280193145"
"WHC-191633","5425034191633"
"AUN-64802","628504648025"
"EVN-59972","5908261599729"
"NWY-12850","033674128503"
"ECF-23420","Ч001ЧЩУА4З"
"DOU-03939","310539039397"
"KLL-01015","817234010152"
"MET-04082","755571948694"
"HEE-10063","787647100637"
"HEE-10004","787647100040"
"ZOI-01616","898220016167"
"ALKR-003923","4823080003923"
"ALKR-004241","4823080004241"
"ALKR-004258","4823080004258"
"ALKR-003305","4823080003305"
"ALKR-003909","4823080003909"
"ALKR-004227","4823080004227"
"ALKR-003800","4823080003800"
"ALKR-003794","4823080003794"
"ALKR-003299","4823080003299"
"ALKR-003824","4823080003824"
"ALKR-004838","4823080004838"
"ALKR-002452","4823080002452"
"ALKR-005071","4823080005071"
"ALKR-004999","4823080004999"
"ALKR-004951","4823080004951"
"ALKR-004982","4823080004982"
"ALKR-004975","4823080004975"
"ALKR-623327","4820074623327"
"ALKR-000373","4823080000373"
"ALKR-004937","4823080004937"
"ALKR-004647","4823080004647"
"ALKR-004357","4823080004357"
"ALKR-002032","4823080002032"
"ALKR-002476","4823080002476"
"ALKR-001158","4823080001158"
"ALKR-004340","4823080004340"
"ALKR-004333","4823080004333"
"ALKR-001714","4823080001714"
"ALKR-000052","4823080000052"
"ALKR-000069","4823080000069"
"ALKR-624614","4820074624614"
"ALKR-000113","4823080000113"
"ALKR-624218","4820074624218"
"ALKR-624119","4820074624119"
"ALKR-624102","4820074624102"
"ALKR-624041","4820074624041"
"ALKR-001806","4823080001806"
"ALKR-000076","4823080000076"
"ALKR-620432","4820074620432"
"ALKR-620456","4820074620456"
"ALKR-620234","4820074620234"
"ALKR-620227","4820074620227"
"ALKR-624928","4820074624928"
"ALKR-624935","4820074624935"
"ALKR-623747","4820074623747"
"ALKR-624263","4820074624263"
"ALKR-624225","4820074624225"
"ALKR-000496","4823080000496"
"ALKR-000519","4823080000519"
"ALKR-624836","4820074624836"
"ALKR-624249","4820074624249"
"ALKR-004708","4823080004708"
"ALKR-000847","4823080000847"
"ALKR-000861","4823080000861"
"ALKR-000786","4823080000786"
"ALKR-000793","4823080000793"
"ALKR-000946","4823080000946"
"ALKR-000670","4823080000670"
"ALKR-002469","4823080002469"
"ALKR-002438","4823080002438"
"ALKR-000236","4823080000236"
"ALKR-000229","4823080000229"
"ALKR-003374","4823080003374"
"ALKR-002124","4823080002124"
"ALKR-002100","4823080002100"
"ALKR-002209","4823080002209"
"ALKR-002391","4823080002391"
"ALKR-002377","4823080002377"
"ALKR-002360","ALKR-002360"
"ALKR-002346","4823080002346"
"ALKR-002308","4823080002308"
"ALKR-003176","4823080003176"
"ALKR-003169","4823080003169"
"ALKR-003183","4823080003183"
"ALKR-003152","4823080003152"
"ALKR-003411","4823080003411"
"ALKR-003541","4823080003541"
"ALKR-003121","4823080003121"
"ALKR-003107","4823080003107"
"ALKR-003572","4823080003572"
"ALKR-003404","4823080003404"
"ALKR-003398","4823080003398"
"ALKR-001691","4823080001691"
"ALKR-001752","4823080001752"
"ALKR-001769","4823080001769"
"THR-00708","693749007081"
"MET-01345","755571013453"
"KLL-01245","709616012451"
"CAL-58605","021245586050"
"OPF-110169","806808110169"
"ATN-02182","816401021823"
"NAP-43867","097467438675"
"VNU-51006","Ч001У5ОВОЯ"
"BIOP-530005","8380000000173"
"BIOP-530006","8380000000180"
"BIOP-530004","BIO-530004"
"GNC-202549","GNC-202549"
"AZO-76010","787651760100"
"GNC-708511","048107181178"
"HEE-10015","787647100156"
"TRE-40004","2999000274951"
"SOR-01555","076280015553"
"FES-11089","782932110896"
"VITF-810105","4820191810105"
"NWY-12089","033674120897"
"OPF-560074","4260428560074"
"MCL-01163","813006011631"
"BioticsResearch5104","ч001мзмо31"
"ACO-02192","813424021922"
"OPF-110152","806808110152"
"NST-04036","702669932608"
"WAK-20041","023542200417"
"KIM-00258","X000RFKSI3"
"ORT-1319643","-01319643"
"ORT-694588","4260022694588"
"WMA-252101","99100252101"
"MGF-10356","051494103562"
"MGF-10353","051494103531"
"GNC-201522","048107158552"
"testCOVID-19","8380000000135"
"ECOK-031332","7330933031332"
"ECOK-177696","7330933177696"
"SCI-02165","812135021658"
"MCL-03172","810487031721"
"SDN-03720","030768037208"
"GREW-897548","6900008897548"
"UHP-00061","853218000610"
"KLL-65033","828054001275"
"ZAH-08105","848998081058"
"WAK-10743","023542107433"
"BIOL-000072","BIOL-000072"
"METU-221303","5400433221303"
"METU-044223","5400433044223"
"BIOL-000010","BIOL-000010"
"KLL-08510","709616085103"
"LEX-19610","737870196105"
"VNU-51134","X002MHZIM5"
"OLV-10005","850687100056"
"EVN-17047","5904347170479"
"GREW-010155","707341010155"
"GGR-00268","899696002685"
"WMA-045101","99101045101"
"BPX-78001","Ч0014Я002О"
"LKN-01420","898220014200"
"KLL-01802","828054018020"
"OPN-02232","748927022322"
"OPF-406339","4820085406339"
"SWW-14832","850000148321"
"NOW-01420","733739014207"
"NOW-01807","733739018076"
"NOW-02930","733739029300"
"NOW-03163","733739031631"
"NOW-03192","733739031921"
"NOW-03199","733739031990"
"NOW-03297","733739032973"
"NOW-04625","733739046253"
"NOW-04938","733739049384"
"NOW-04728","733739047281"
"OPF-747010","4820025747010"
"OPF-748925","4820025748925"
"OPF-748994","4820025748994"
"OPF-960993","4820206960993"
"OPF-740400","4820025740400"
"OPF-740776","4820025740776"
"OPF-052321","4820061052321"
"OPF-747980","4820025747980"
"OPF-749519","4820025749519"
"OPF-747362","4820025747362"
"OPF-747379","4820025747379"
"OPF-749878","4820025749878"
"OPF-749892","4820025749892"
"OPF-749915","4820025749915"
"OPF-749908","4820025749908"
"OPF-960252","4820206960252"
"OPF-747430","4820025747430"
"OPF-741476","4820025741476"
"OPF-740844","4820025740844"
"OPF-740868","4820025740868"
"OPF-741483","4820025741483"
"OPF-231403","4823002231403"
"OPF-747461","4820025747461"
"OPF-747485","4820025747485"
"OPF-052604","4820061052604"
"OPF-748178","4820025748178"
"OPF-740479","4820025740479"
"OPF-747935","4820025747935"
"OPF-747942","4820025747942"
"OPF-742428","4820025742428"
"OPF-747881","4820025747881"
"OPF-747904","4820025747904"
"OPF-747560","4820025747560"
"OPF-747577","4820025747577"
"OPF-232592","4823002232592"
"OPF-747454","4820025747454"
"OPF-747478","4820025747478"
"OPF-746853","4820025746853"
"OPF-746280","4820025746280"
"OPF-746297","4820025746297"
"OPF-748222","4820025748222"
"OPF-746914","4820025746914"
"OPF-746877","4820025746877"
"OPF-746860","4820025746860"
"OPF-222784","4823002222784"
"OPF-961273","4820206961273"
"OPF-740998","4820025740998"
"OPF-741001","4820025741001"
"OPF-054974","4820061054974"
"OPF-748376","4820025748376"
"OPF-053113","4820061053113"
"OPF-740165","4820025740165"
"OPF-961075","4820206961075"
"OPF-744989","4820025744989"
"OPF-747287","4820025747287"
"OPF-741612","4820025741612"
"OPF-740387","4820025740387"
"OPF-748352","4820025748352"
"OPF-748369","4820025748369"
"OPF-960054","4820206960054"
"OPF-747003","4820025747003"
"OPF-215762","4823002215762"
"OPF-220063","4823002220063"
"OPF-960566","4820206960566"
"OPF-960559","4820206960559"
"OPF-747959","4820025747959"
"OPF-748932","4820025748932"
"OPF-749113","4820025749113"
"OPF-749151","4820025749151"
"OPF-749137","4820025749137"
"OPF-960764","4820206960764"
"OPF-900040","4820087900040"
"OPF-900026","4820087900026"
"OPF-900019","4820087900019"
"OPF-746402","4820025746402"
"OPF-430550","4820142430550"
"OPF-742527","4820025742527"
"OPF-900118","4820087900118"
"OPF-740189","4820025740189"
"OPF-740233","4820025740233"
"OPF-900170","4820087900170"
"OPF-900132","4820087900132"
"OPF-900163","4820087900163"
"OPF-748413","4820025748413"
"OPF-747300","4820025747300"
"OPF-747898","4820025747898"
"OPF-747553","4820025747553"
"OPF-748031","4820025748031"
"OPF-747324","4820025747324"
"OPF-748055","4820025748055"
"OPF-747331","4820025747331"
"OPF-050235","4820061050235"
"OPF-747591","4820025747591"
"OPF-747584","4820025747584"
"OPF-740721","4820025740721"
"OPF-053366","4820061053366"
"OPF-053373","4820061053373"
"OPF-747034","4820025747034"
"OPF-747027","4820025747027"
"OPF-747447","4820025747447"
"OPF-748024","4820025748024"
"OPF-740950","4820025740950"
"OPF-740967","4820025740967"
"OPF-960696","4820206960696"
"OPF-744163","4820025744163"
"OPF-744170","4820025744170"
"OPF-740752","4820025740752"
"OPF-741551","4820025741551"
"OPF-741759","4820025741759"
"OPF-741827","4820025741827"
"OPF-741636","4820025741636"
"OPF-742237","4820025742237"
"OPF-742244","4820025742244"
"OPF-741643","4820025741643"
"OPF-741766","4820025741766"
"OPF-741650","4820025741650"
"OPF-741568","4820025741568"
"OPF-741667","4820025741667"
"OPF-741544","4820025741544"
"OPF-741674","4820025741674"
"OPF-741582","4820025741582"
"OPF-741889","4820025741889"
"OPF-741575","4820025741575"
"OPF-059503","4820031059503"
"OPF-3456","48203456"
"OPF-741780","4820025741780"
"OPF-741537","4820025741537"
"OPF-742008","4820025742008"
"OPF-741513","4820025741513"
"OPF-747355","4820025747355"
"OPF-215748","4823002215748"
"OPF-749885","4820025749885"
"DRS-45010","X000ZPOXQX"
"MET-93186","755571931863"
"ALC-16634","300658063014"
"SOR-01615","076280016154"
"NCR-90263","727783902634"
"LKN-01557","898220015573"
"GEN-02216","X00139HSKD"
"OPF-112140","4820182112140"
"OLY-91034","710013910349"
"HET-00003","Ч0025Й22В1"
"VIN-00159","Ч0020У7Г4Е"
"DOU-00112","310539001127"
"HLB-155767","HLB-155767"
"DLC-15042","024286150426"
"DME-06315","030985063158"
"NCR-00235","727783002358"
"PTR-02190","X000XA4D47"
"CAL-10265","021245102656"
"OPF-112584","4820182112584"
"NPA-45003","058449450030"
"NPA-45004","058449450047"
"NPA-77153","058449771531"
"LEX-24031","737870240310"
"PNA-00180","ч002088км5"
"DOU-7939-60X","310539018422"
"OBF-55388","030768553883"
"SOR-19276","076280192766"
"WMA-061101","99101061101"
"NRT-80367","074312803673"
"BIOL-560919","4820008560919"
"APN-00012","ФЗТ-00012"
"APN-00015","ФЗТ-00015"
"APN-00018","ФЗТ-00018"
"APN-957014","2280837957014"
"NOW-04310","733739043108"
"NOW-01614","733739016140"
"GREW-444210","6903883444210"
"FOH-000001","000001"
"REA-00670","853427006700"
"TWL-01033","027434010337"
"MSF-00387","856737003872"
"MET-94583","755571945839"
"DFH-40113","879452000964"
"MOR-00978","819237009782"
"DFH-40048","879452002753"
"SOL-05518","033984005518"
"RDH-00310","355724003104"
"PES-00568","766298005683"
"GFO-00006","860001519709"
"BioticsResearch1022","X00296KSW9"
"GNC-424631","048107173739"
"DFH-40085","879452000476"
"TMR-00356","878941003561"
"TMR-00357","878941003578"
"TMR-00307","878941003073"
"TMR-00016","878941000164"
"TMR-00512","878941005121"
"TMR-00511","878941005114"
"TMR-00469","878941004698"
"TMR-00189","878941001895"
"TMR-00098","878941000980"
"DOU-03916","310539039168"
"NOW-04669","733739046697"
"WWB-00380","691195003800"
"SOL-00534","033984005341"
"FLG-12006","FLG-12006"
"GREW-261941","GREW-261941"
"MRM-72265","609492722652"
"OPF-967025","5907637967025"
"DRB-00566","753950005662"
"PIX-82122","885190821228"
"CGN-01269","898220012695"
"NFS-03548","068958035482"
"GEN-00113","868054000380"
"MAX-741584","3474630741584"
"MAX-839186","3474636839186"
"MAX-679775","3474636679775"
"MAX-741829","3474630741829"
"MAX-740327","3474630740327"
"MAX-428998","884486428998"
"MAX-454419","3474636454419"
"MAX-399090","884486399090"
"MAX-399182","884486399182"
"MAX-203090","884486203090"
"MAX-741713","3474630741713"
"MAX-741355","3474630741355"
"MAX-740853","3474630740853"
"MAX-740891","3474630740891"
"MAX-740297","3474630740297"
"MAX-225504","884486225504"
"PES-01344","766298013442"
"VITF-333393","4820013333393"
"VITF-333485","4820013333485"
"VITF-334833","4820013334833"
"VITF-334826","4820013334826"
"VITF-810099","4820191810099"
"VITF-334857","4820013334857"
"VITF-334840","4820013334840"
"VITF-334796","4820013334796"
"RED-00113","855735001132"
"CAL-74880","021245748809"
"MCL-03343","810487033435"
"CBD-55275","086449552751"
"NBB-52301","371400523018"
"HAR-01060","640627010602"
"ORI-00079","851469000793"
"ZAR-00541","858438005414"
"BIOL-561022","BIOL-561022"
"OPF-008098","8934711008098"
"GREW-900023","4820202900023"
"ATN-00611","858109006115"
"OPF-007138","8934711007138"
"ITH-16042","X000QDIJFP"
"ITH-16104","Ч000ЙИМРГИ"
"DOU-01350","310539013502"
"ACO-02138","813424021380"
"GFO-00003","860001519778"
"PNA-00118","X001N2RR65"
"NTW-07026","858081006752"
"KLL-02140","X001XKM8ZR"
"KLL-01110","828054011106"
"KLL-01146","828054011465"
"KLL-00151","828054001510"
"KIM-00260","Ч00184Р9ЛК"
"NST-04117","702669936415"
"OPF-237506","806809237506"
"DFH-40099","879452001237"
"OPF-007152","8934711007152"
"KLL-13506","709616135068"
"VNU-51000","693465311110"
"MCL-01804","813006018043"
"INF-007807","8022328111895"
"INF-002796","8022328121801"
"INF-002604","8022328112014"
"DOU-02160","X000SJWS3L"
"GEN-10371","883196103713"
"NWY-12333","033674123331"
"DLC-15048","024286150488"
"GREW-423756","6907289423756"
"OPF-201067","4823052201067"
"OST-15104","5903933915104"
"NOW-03554","733739035547"
"LEX-20043","737870200437"
"CFM-09851","035046098513"
"CGN-01236","898220012367"
"MGF-10221","051494102213"
"MET-91355","755571913555"
"GEN-00114","850098008088"
"GNC-209711","X002L3L5Q3"
"BIOL-560766","4820008560766"
"YBP-00182","046352001821"
"sale-NOW-00089","00089"
"sale-CLF-02491","02491"
"sale-PTP-14596","14596"
"sale-NOW-00062","00062"
"NOR-53787-d-1","53787"
"sale-HOG-88424","88424"
"sale-DOU-97795","97795"
"sale-SOL-01160","01160"
"NOW-00140-d-1","00140"
"SOR-38584-d-1","SOR-38584-d-1"
"sale-DRB-00178","00178"
"sale-NOW-01755","01755"
"JRW-14086-d-1","14086"
"sale-RLT-21763","21763"
"PTP-14290-d-1","14290"
"sale-RLT-12181","12181"
"OPF-440121","4820198440121"
"KLL-65053","Ч001ГУ2ЫЧТ"
"KLL-01612","828054016125"
"NST-04043","702669932295"
"DOU-03149","310539031490"
"KLL-29306","709616293065"
"MET-02250_дубль","7555710225091"
"OPF-284932","8906032284932"
"DOU-02225","Ч001ІІМ64Ч"
"PES-01681","766298016818"
"OPF-010060","8934711010060"
"BIOL-000021","BIOL-000021"
"JRW-04008","790011040088"
"sale-SWA-01196","01196"
"NTA-00521","083000005213"
"NTL-00513","047469005139"
"OPN-06204","748927062045"
"OPN-06203","748927062038"
"IST-95458","616913954585"
"NOW-07124","733739071248"
"DOU-57648P-60X","Ч002ЛЕМЛО5"
"BIO-530302","4820236530302"
"BIO-530333","4820236530333"
"BIO-530326","4820236530326"
"BIO-530319","4820236530319"
"BIO-530227","4820236530227"
"BIO-530234","4820236530234"
"BIO-530272","4820236530272"
"BIO-530241","4820236530241"
"BIO-530258","4820236530258"
"BIO-530265","4820236530265"
"BIO-530296","4820236530296"
"BIO-530289","4820236530289"
"GLDU-110456","3282770110456"
"GLDU-206166","3282770206166"
"PES-01129","766298011295"
"DOU-20031","745287200315"
"BIO-530340","4820236530340"
"BIO-530357","4820236530357"
"MCL-03283","810487032834"
"ALG-77280","713947772809"
"OCC-03715","751228037155"
"MWC-00407","858645004071"
"PLF-00132","890985001327"
"DOU-30033","745287300336"
"SUW-02779","814784027791"
"LOVN-781241","4820096781241"
"LOVN-781258","4820096781258"
"LOVN-781333","LOVN-781333"
"LOVN-012279","2534454012279"
"LOVN-781272","4820096781272"
"LOVN-781296","4820096781296"
"LOVN-781289","4820096781289"
"LOVN-980031","2550081980031"
"LOVN-006899","2536060006899"
"LOVN-343894","LOVN-343894"
"LOVN-870078","LOVN-870078"
"LOVN-878446","2600433878446"
"LOVN-879260","LOVN-879260"
"PES-01762","X0019YS423"
"LOVN-080031","2553861980031"
"LOVN-070078","2600463870078"
"LOVN-000214","LOVN-000214"
"LOVN-806052","4606453849072"
"OPF-004791","4823080004791"
"NTW-07034","858081006042"
"PED-02320","3700225602320"
"PTP-11220","074312112201"
"PTP-11250","074312112508"
"PTP-01946","025077019465"
"PTP-13140","074312131400"
"PTP-03244","025077032440"
"PTP-16013","074312160134"
"PTP-00057","025077000579"
"PTP-51433","025077514335"
"OLP-07504","5901330075049"
"PTP-53621","025077536214"
"ALG-75070","713947750708"
"OPF-470478","4820183470478"
"LSE-00212","853760002124"
"NBC-00461","728177004613"
"PES-00280","X000RJJ8X5"
"PES-16252","766298016252"
"SPN-00200","033739002007"
"PAR-77721","601944777210"
"PES-00566","766298005669"
"BOI-05409","306969054093"
"BIOL-080339","482023002339"
"ENZ-10001","670480100011"
"GOL-11122","658010111225"
"GOL-12209","658010122092"
"GOL-11831","658010118316"
"ITH-16090","X000QCD2Z3"
"ARG-50210","713947502109"
"LOVN-879072","LOVN-879072"
"BPF-00012","Ч001А0ПЬУТ"
"PES-01068","X002HO5UD5"
"PNA-00001","Ч002УЫИАРО"
"THR-01175","693749011750"
"NAP-49692","097467496927"
"INP-25851","766897258510"
"LEM-01445","603902014450"
"SWW-14842","850000148420"
"BioticsResearch3011","Ч001ЦЕУЫ8О"
"BIOL-560414","4820008560414"
"NLF-18316","686149183165"
"PES-02180","766298021805"
"GNC-099124","Ч002Ш2НГК3"
"MET-93831","755571938312"
"NOR-14120","768990141201"
"HYL-31542","354973315426"
"OPF-406353","4820085406353"
"INN-40163","051494401637"
"CAR-05340","088395053405"
"CAR-05341","088395053412"
"KLL-00440","828054004405"
"DVI-00188","026664219626"
"COD-00030","X001Y1WDTV"
"PLF-40004","840052400041"
"GAI-15047","751063150477"
"APN-00030","ФЗТ-00030"
"APN-00031","APN-00031"
"APN-00032","APN-00032"
"SPL-00764","852457007640"
"HOM-11105","013562111053"
"OPF-175014","5903137175014"
"LSE-00224","853760002247"
"NBA-50338","748323850338"
"BIOL-560452","4820142430352"
"MGF-10354","051494103548"
"VTB-01439","898220014392"
"OPF-576531","8699591576531"
"OPF-759863","3401581759863"
"GNC-179733","X00224FJSL"
"ZOI-01601","898220016013"
"HRP-08015","076970080151"
"LIF-29031","053232290312"
"OPF-002444","4602242002444"
"SPS-90000","076635900008"
"DRB-00504","753950005044"
"MTG-93411","755571934116"
"PES-02144","766298021447"
"DFH-40088","879452005235"
"BIOL-561091","4820008561091"
"OPF-691103","4820037691103"
"PES-14685","766298014685"
"NOW-03520","733739035202"
"BIOL-000015","BIOL-000015"
"DOU-76001","310539760017"
"DOU-97735","310539977354"
"DOU-00935","310539009352"
"DOU-02847","310539028476"
"DOU-02126","745287021262"
"THO-19162","031315191626"
"NFS-01390","068958013909"
"BIOL-560614","4820008560612"
"RAD-00068","085178000687"
"BRY-67778","752830677784"
"HDR-02102","810039261880"
"OPN-02971","748927029710"
"OPF-421265","4820060421265"
"BIOL-560582","4820008560582"
"PNA-00165","X0025294R7"
"OPF-284253","8906032284253"
"GNC-571101","Ч002ЩР7В3Я"
"MGF-10397","051494103975"
"FRO-18401","089836184016"
"PES-00054","766298000541"
"AUN-64804","628504648049"
"OPF-003588","4602242003588"
"BIOL-560315","4820008560315"
"BIOL-560880","BIOL-560880"
"BIOL-561121","4820008561121"
"BIOL-560858","4820008560858"
"BIOL-000153","BIOL-000153"
"BIOL-561039","4820008561039"
"BIOL-000024","BIOL000024"
"BIOL-560438","4820008560438"
"INF-506462","8022328506462"
"KLL-00600","828054006003"
"NPU-22059","Ч001ЧАКМЙТ"
"PUR-19002","659670190025"
"DOU-97816","310539978160"
"OST-10246","5902232610246"
"SOR-69303","076280693034"
"HBP-80042","090800000423"
"PES-00186","766298001869"
"COD-00019","Ч001ЙУЦМУТ"
"SWW-14807","850000148079"
"BIOL-000164","BIOL-000164"
"DOU-97846","310539978467"
"DOU-04063","310539040638"
"DOU-03479","310539034798"
"BIOL-560353","4820008560353"
"FON-01134","830743011342"
"WSP-02158","814422021587"
"METU-930637","755571930637"
"OPF-120796","4820050120796"
"THR-00692","693749006923"
"NPU-22110","X000R0IC4F"
"THR-01174","693749011743"
"KLL-00119","828054001190"
"KLL-43209","709616432099"
"KLL-80406","709616804063"
"DOU-00421","310539004210"
"МАА-00003","868393000126"
"NOW-07485","733739074850"
"PTP-00057-d-1","PTP-00057-d-1"
"OPF-431588","4820142431588"
"OPF-112980","4820182112980"
"NFS-01250","068958012506"
"GNC-208611","Ч002Д52З1З"
"PES-00554","766298005546"
"DFH-40076","879452001398"
"NPU-22007","Ч001АВРЦЙР"
"PNA-00124","PNA-00124"
"PES-00816","766298008165"
"SOR-13125","076280131253"
"VIN-00150","Ч000ГУ3ИШЗ"
"NAP-30745","097467307452"
"NWY-13311","033674133118"
"OPF-674932","4820072674932"
"МАА-00002","868393000157"
"SBF-00117","815066001171"
"OPF-004349","4602242004349"
"BIO-530364","4820236530364"
"YOZ-930478","5060518930478"
"PES-01238","766298012384"
"MET-91036","755571910363"
"ZNT-02610","817516026109"
"DOU-01770","310539017708"
"VIC-000090","855597005972"
"MCL-01892","813006018920"
"BIOL-560704","4820008560704"
"BIOL-560964","4820008560964"
"CLF-06449","015794064497"
"BIOL-560872","4820008560872"
"METU-049259","5400433049259"
"LIF-96024","053232960246"
"OPF-003694","4602242003694"
"NST-04049","700425812195"
"MRE-40184","X002KL7VQ9"
"STD-95754","084380957543"
"STD-95914","084380959141"
"SOR-42608","076280426083"
"ARG-50350","713947503502"
"OBN-60010","091401600104"
"OPF-436200","4820142436200"
"THR-01149","693749011491"
"THR-01150","693749011507"
"NTW-07011","858081006097"
"BioticsResearch5204","780053000010"
"KLL-01620","X001SAUZ9N"
"NOR-01531","768990015311"
"NOR-01807","768990018077"
"NOR-01747","768990017476"
"NOR-01791","768990017919"
"NOR-02153","768990021534"
"VNU-51050","693465105115"
"MAN-00237","895015002374"
"HEC-31902","765704319024"
"ONT-01022","819444015071"
"PES-01110","766298011103"
"PES-00190","766298001906"
"sale-NOW-01683","01683"
"sale-CAR-01352","01352"
"sale-NOW-01780","01780"
"sale-NOW-02171","02171"
"sale-NOW-00468","00468"
"sale-SOL-01043","01043"
"sale-SWA-01526","01526"
"sale-SWA-01324","01324"
"sale-SWA-01957","01957"
"sale-SWA-01966","01966"
"sale-SWA-01504","01504"
"OPF-002705","852076002705"
"DOU-97785 дубль","310539016411"
"PTP-12715","025077127153"
"PTP-31596","025077315963"
"PTP-17970","025077179701"
"PTP-18520","025077185207"
"PTP-17191","074312171918"
"PTP-10282","025077102822"
"PTP-18057","025077180578"
"PTP-19965","025077199655"
"POW-51148","4820231511481"
"PTP-11831","074312118319"
"PTP-12951","074312129513"
"PTP-10260","074312102608"
"PTP-10293","074312102936"
"PTP-11661","074312116612"
"PTP-11670","074312116704"
"PTP-13940","074312139406"
"PTP-10332","074312103322"
"PTP-10334","074312103346"
"PTP-10540","074312105401"
"PTP-10600","074312106002"
"PTP-17190","074312171901"
"PTP-14073","074312140730"
"PTP-13880","074312138805"
"PTP-13204","074312132049"
"PTP-12580","074312125805"
"PTP-11261","074312112614"
"PTP-11253","074312112539"
"PTP-11223","074312112232"
"PTP-34783","025077347834"
"PTP-11822","025077118229"
"PTP-53538","025077535385"
"OPF-120789","4820050120789"
"VIN-00149","X002TAAJ4R"
"NTL-07071","047469070717"
"NTL-00884","047469008840"
"NTL-00882","047469008826"
"NTL-05102","047469051020"
"NTL-07170","047469071707"
"NTL-07168","047469071684"
"NTL-07171","047469071714"
"NTL-07762","047469077624"
"NTL-07760","047469077600"
"WHS-60000","012511600006"
"GOL-12522","658010125222"
"OBN-52693","764934526936"
"MET-93747","755571937476"
"SGS-00308","049347003084"
"SGS-00300","049347003008"
"SPS-90475","076635904754"
"HYL-10681","354973106819"
"RDH-00172","355724001728"
"PES-01478","766298014784"
"BIOL-560599-1","BIOL-560599-1"
"PBL-00360","855757003602"
"WMA-060101","99101060101"
"OPF-300177","4640013300177"
"MET-94402","755571944023"
"PES-00459","766298004594"
"PES-01778","766298017785"
"CVE-53731","3606000537316"
"LKN-01713","898220017133"
"GBU-00896","041167066560"
"DOU-97756","310539977569"
"CVE-53769","3606000537699"
"CVE-53774","3606000537743"
"SRE-01264","023249012641"
"DOU-83018-250X","X003FI1CRZ"
"NAU-62803","628110628039"
"DRB-00506","753950005068"
"ZOI-01611","898220016112"
"BIO-530371","4820236530371"
"OST-09462","5903933909462"
"BIO-530388","4820236530388"
"NTL-06331","047469063313"
"AOR-08269","624917082692"
"ORT-3927298","03927298"
"DRB-00516","753950005167"
"GNC-185922","X002JBY0AF"
"MCL-01814","813006018142"
"OST-02968","5903933902968"
"BIO-530395","4820236530395"
"РЕ-00181","Ч000КОО73И"
"OPF-550356","4820136550356"
"FLO-67898","061998678985"
"CAL-61832","021245618324"
"MTG-03110","755571031105"
"INF-104453","8022328104453"
"SRE-01134","023249011347"
"CAR-10120","088395101205"
"OPF-550448","4820136550448"
"NAU-62806","628110628060"
"BOS-07631","306960076315"
"HYL-75162","354973751620"
"KLL-00163","Ч001МФМ18Е"
"BioticsResearch1262","780053001659"
"AMX-20087","665553200873"
"OPF-550462","4820136550462"
"OPF-006900","8903849006900"
"OPF-436545","4820142436545"
"AL-8141","4606492010013"
"ORT-22697244","4260022697244"
"GNC-201722","048107173937"
"OPF-007480","8935206007480"
"OPF-131317","4820114131317"
"PKH-02051","813026020514"
"NPU-22049","Ч001Н0ВЩЕ5"
"BioticsResearch3013","BioticsResear"
"OPF-319746","4820008319746"
"MET-01499","755571014993"
"OPF-285861","8906032285861"
"NOR-01873","768990018732"
"OPF-790039","4820187790039"
"ENZ-29172","670480291726"
"NTL-07692","047469076924"
"OPF-120802","4820050120802"
"OPF-431946","4820142431946"
"DFH-40116","879452000629"
"DRB-00529","753950005297"
"GPS-99680","751063996808"
"NPU-22078","Ч001ЦЬОПЕ7"
"DRB-00498","753950004986"
"DRB-00546","753950005464"
"MSCR-231433","4820200231433"
"LEX-21763","737870217633"
"BIO-530401","4820236530401"
"BIOS-000008 дубль","4820236530426"
"BIO-530425","4820236530425"
"BIO-530418","4820236530418"
"BIO-530449","4820236530449"
"BIO-530432","4820236530432"
"FLO-64914","061998649145"
"MRM-71013","609492710130"
"KLL-01096","817234010961"
"PED-02221","3700225602221"
"NRT-00690","074312006906"
"PAP-62627","687735626271"
"SRE-01138","023249011385"
"GEN-02174","X002NRLUZN"
"MET-02451","755571024510"
"NRT-00809","074312008092"
"DANI-0001640","DANI-0001640"
"OPF-001273","855557001273"
"BIOL-560308","4820008560308"
"PED-02252","3700225602252"
"DRA-00527","679372005274"
"BLTV-711277","5060066711277"
"BLTV-711284","5060066711284"
"BLTV-100646","96100646"
"SOR-49416","076280494167"
"INF-105023","8022328105023"
"CGN-01257","898220012572"
"NPU-22065","Ч001ЦЩЬА4Т"
"KLL-01234","828054012349"
"MET-04217","755571930514"
"BIOL-561015-1","BIOL-561015-1"
"GEN-02281","X00132SKAR"
"ZAH-08146","848998081461"
"OPF-120529","4820050120529"
"OPF-02277","38022777"
"DBE-37788","Ч001ИН4ЗЦ9"
"LSH-10020","044677100205"
"OPF-550530","4820136550530"
"OPF-432189","4820142432189"
"KLL-65117","709616310229"
"MGI-00108","852434001081"
"SWW-14858","850000148581"
"DOU-200063-100X","Ч000ЫОЦЦ4И"
"OPF-671115","4820072671115"
"OPF-671566","4820072671566"
"OPF-671122","4820072671122"
"OPF-671627","4820072671627"
"OPF-675632","4820072675632"
"OPF-675649","4820072675649"
"YTH-01899","671315018990"
"IRW-59201","710363592011"
"BIOL-560454","4820008560452"
"DRB-00570","753950005709"
"LKN-01556","898220015566"
"ADC-00800","819265008009"
"MIZ-52114","8809587521142"
"GREW-586798","6924376586798"
"HHH-18259","Ч001ЩЯ16ВД"
"DOU-02174","X001VA1FR1"
"OPF-690755","4820037690755"
"OPF-160055","4820148160055"
"COD-00018","X001SA4J1N"
"KLL-01097","817234010978"
"PED-02504","3700225602504"
"SOR-87496","076280874969"
"GAN-18167","020525181671"
"OPF-240020","5391534240020"
"CLUB-245373","6245373"
"CLUB-469274","806891469274"
"CLUB-469281","806891469281"
"CLUB-469298","806891469298"
"PTP-30262","025077302628"
"GPS-99678","751063996785"
"LEX-80156","737870801566"
"NHS-00238","635824002383"
"MET-01311","755571013118"
"NOW-02924","733739029249"
"JRW-18023","790011180234"
"DOU-01031","310539010310"
"SRE-09006","023249090069"
"OPF-011523","4820187011523"
"OPF-670200","4820072670200"
"SRE-01210","023249012108"
"SRE-01230","023249012306"
"LKN-01596","898220015962"
"DOU-202232-90X","Ч002АЗЧН39"
"ONT-01018","819444010182"
"MET-04165","755571929563"
"NWY-13496","033674134962"
"OPF-112157","4820182112157"
"SOR-01320","076280013207"
"NPU-22144","X001TEUGOR"
"DFH-40151","879452005150"
"POP-70123","039278701234"
"DOU-20070","745287200704"
"PMN-25244","740985252444"
"MCL-03069","810487030694"
"OPF-750351","8680131750351"
"EXT-600477","8594181600477"
"EXT-600453","8594181600453"
"EXT-603263","8594181603263"
"EXT-600460","8594181600460"
"EXT-600484","8594181600484"
"EXT-603249","8594181603249"
"EXT-603232","8594181603232"
"EXT-603218","8594181603218"
"EXT-607858","8594181607858"
"EXT-607872","8594181607872"
"EXT-607865","8594181607865"
"EXT-609364","8594181609364"
"EXT-609388","8594181609388"
"EXT-603065","8594181603065"
"EXT-603041","8594181603041"
"EXT-603089","8594181603089"
"EXT-603058","8594181603058"
"EXT-604451","8594181604451"
"EXT-600064","8594181600064"
"EXT-606400","8594181606400"
"GNC-147614","Ч002УЧОФ3А"
"BIOL-560278","4820008560278"
"OPF-310736","4820008310736"
"INF-101476","8022328101476"
"INF-106990","8022328106990"
"NOW-00220","733739002204"
"NOW-00610","733739006103"
"NOW-01228","733739012289"
"NOW-01727","733739017277"
"NOW-02690","733739026903"
"NTD-17040","8594073170408"
"USN-51469","6009544951469"
"MHS-51061","091037510617"
"ORG-940625","4820200940625"
"SRE-01085","023249010852"
"WHC-000102","X000P3KKHV"
"OPF-001843","4602242001843"
"VFU-02133","027917021331"
"YBP-00452","046352004525"
"OPF-908021","6921936908021"
"PED-02719","3700225602719"
"PED-02313","3700225602313"
"NPU-22028","x002j0rwfl"
"OST-17689","5902232617689"
"BIO-530456","4820236530456"
"DRB-00520","753950005204"
"DRB-00543","753950005433"
"OPF-671160","4820072671160"
"OPF-002027","8934711002027"
"USN-75864","75864"
"DANI-000033","DANI-000033"
"OPF-030031","4820113030031"
"OPF-030055","4820113030055"
"OPF-030062","4820113030062"
"OPF-840058","4820214840058"
"PED-02641","3700225602641"
"DANI-000115","DANI-000115"
"OPF-007169","8934711007169"
"BioticsResearch1750","X001VVGZDT"
"OPF-523127","4001638523127"
"MAX-50007","800326500075"
"OPF-430420","4820142430420"
"YGT-41527","076950415270"
"HBP-00094","090700000943"
"KLL-01246","709616012468"
"SRE-01233","023249012337"
"PES-B00WHWI31M","766298122267"
"NBB-55204","371400552049"
"BIOL-560537","4820008560537"
"DANI-000119","DANI-000119"
"OPF-432530","4820142432530"
"FRO-00347","089836003478"
"OPF-790435","4820187790435"
"BIOL-560841","4820008560841"
"ITH-16114","Ч000ЙИМОДЧ"
"DOU-98029","Ч00397Р929"
"ACO-02154","813424021540"
"PES-02133","766298021331"
"SOL-00553","033984005532"
"OPF-690014","4820037690014"
"OPF-011080","4820187011080"
"OPF-902535","4820022902535"
"OPF-673324","4820072673324"
"GRP-01020","X003D5ROK9"
"OPF-673768","4820072673768"
"NPU-22038","Ч002ИНЦЗГК"
"OPF-112034","4820182112034"
"PES-00356","766298003566"
"VNU-51036","Ч000НЦГВ39"
"OPF-011554","4820187011554"
"BIO-530630","4820236530630"
"OPF-550455","4820136550455"
"CEN-28006","740985280065"
"LKN-01572","898220015726"
"CLF-03020","015794030201"
"SNS-00878","021078008781"
"KIM-00391","Ч002ЩАПВЩ7"
"KIM-00418","Ч002ЗШП4ЯМ"
"FHH-00227","896593002275"
"SOL-72058","033984720589"
"JRW-56604","790011566045"
"GREW-897549","6900236897549"
"OPF-550349","4820136550349"
"PES-02326","766298023267"
"APN-00009","WMA56101"
"APN-00011","APN-00011"
"APN-00072","APN-00072"
"APN-00035","APN-00035"
"DANI-000105","DANI-000105"
"DANI-000104","DANI-000104"
"DANI-000110","DANI-000110"
"PED-02481","3700225602481"
"APIP-960163","4820197960163"
"APIP-960194","4820197960194"
"APN-00062","APN-00062"
"INF-055086","4019886055086"
"ORT-564197","-00564197"
"NOW-07687","733739076878"
"PTP-30421","025077304219"
"PTP-31017","025077310173"
"PTP-33195","025077331956"
"PTP-00019","025077000197"
"PTP-50495","025077504954"
"INF-107898","8022328107898"
"PTP-51254","025077512546"
"PTP-51256","766443512561"
"PTP-55534","766443555346"
"PTP-55723","025077557233"
"PTP-73226","025077732265"
"PTP-55667","025077556670"
"PTP-55356","025077553563"
"PTP-53993","025077539932"
"PTP-53334","025077533343"
"PTP-50918","025077509188"
"PTP-50502","025077505029"
"PTP-50371","025077503711"
"PTP-44251","025077442515"
"PTP-32861","025077328611"
"PTP-32860","025077328604"
"PTP-31640","025077316403"
"PTP-30457","025077304578"
"PTP-29545","025077295456"
"PTP-29257","025077292578"
"PTP-27980","025077279807"
"PTP-61407","025077614073"
"PTP-58791","025077587919"
"PTP-56824","025077568246"
"PTP-55632","025077556328"
"PTP-66087","025077660872"
"PTP-29686","025077296866"
"PTP-34744","025077347445"
"PTP-35714","025077357147"
"PTP-54948","025077549481"
"PTP-55857","025077558575"
"PTP-56735","025077567355"
"PTP-60502","025077605026"
"PTP-70926","025077709267"
"PTP-41383","025077413836"
"PTP-59387","025077593873"
"PTP-59963","025077599639"
"PTP-11473","074312114731"
"PTP-11832","074312118326"
"PTP-12180","074312121807"
"PTP-12970","074312129704"
"PTP-13360","074312133602"
"PTP-13861","074312138614"
"PTP-15510","074312155109"
"PTP-15145","074312151453"
"PTP-15131","074312151316"
"PTP-14775","074312147753"
"PTP-14082","074312140822"
"PTP-13840","074312138409"
"PTP-13812","074312138126"
"PTP-13592","074312135927"
"PTP-14190","074312141904"
"PTP-14230","074312142307"
"PTP-14280","074312142802"
"PTP-14360","074312143601"
"PTP-14363","074312143632"
"PTP-14955","074312149559"
"PTP-15595","074312155956"
"PTP-00021","025077000210"
"PTP-11150","074312111501"
"PTP-00063","025077000630"
"PTP-12850","074312128509"
"PTP-13131","074312131318"
"PTP-15070","074312150708"
"PTP-10550","074312105500"
"PTP-11200","074312112003"
"PTP-12610","074312126109"
"PTP-12871","074312128714"
"PTP-12941","074312129414"
"PTP-13132","074312131325"
"PTP-13491","074312134913"
"PTP-05147","025077051472"
"PTP-15493","074312154935"
"PTP-05615","025077056156"
"PTP-10810","074312108105"
"PTP-01241","025077012411"
"PTP-13461","074312134616"
"PTP-14122","074312141225"
"PTP-10070","074312100703"
"PTP-10922","074312109225"
"PTP-11160","074312111600"
"PTP-13511","074312135118"
"PTP-13501","074312135019"
"PTP-13320-8","025077133208"
"PTP-13260","074312132605"
"PTP-13221","074312132216"
"PTP-13050","074312130502"
"PTP-27378","025077273782"
"PTP-12094","025077120949"
"PTP-13306","025077133062"
"PTP-00012","025077000128"
"PTP-15061","025077150618"
"PTP-18480","025077184804"
"PTP-18641","025077186419"
"PTP-16210","074312162107"
"PTP-16274","074312162749"
"PTP-11932","766443119326"
"PTP-15691","025077156917"
"PTP-16052","074312160523"
"PTP-19877","025077198771"
"PTP-18714","025077187140"
"PTP-18168","025077181681"
"PTP-15930","025077159307"
"PTP-15746","025077157464"
"PTP-13566","025077135660"
"PTP-12968","025077129683"
"PTP-10352","025077103522"
"PTP-13322","025077133222"
"PTP-12786","025077127863"
"PTP-18660","025077186600"
"PTP-19342","025077193424"
"PTP-17055","074312170553"
"PTP-17142","074312171420"
"PTP-15920","074312159206"
"PTP-16420","074312164200"
"PTP-16895","074312168956"
"PTP-17620","074312176203"
"PTP-17642","074312176425"
"PTP-17321","074312173219"
"PTP-00023","025077000234"
"PTP-17713","074312177132"
"PTP-10000","025077100002"
"PTP-10001","025077100019"
"PTP-10102","025077101023"
"PES-11494","766298114941"
"WMA-066101","99101066101"
"OPF-540278","4820055540278"
"OPF-465608","5907529465608"
"OPF-749373","4820025749373"
"TEO-00748","857668007489"
"SPC-24226","037014242263"
"CGN-01842","898220018420"
"BIOL-000044","BIOL-000044"
"OPF-420411","4820060420411"
"OPF-120123","4820050120123"
"OPF-550493","4820136550493"
"PES-01052","766298010526"
"KLL-00205","828054002050"
"ECF-23412","696859130861"
"OPF-010043","4820008310613"
"MET-04207","755571031051"
"PES-00111","766298001111"
"GEN-02272","883196138906"
"GOL-12515","658010125154"
"NWY-60166","033674601662"
"OPF-550301","4820136550301"
"HET-00004","Ч001К6ЬЬ6К"
"NTW-00611","858081006110"
"GREW-620301","6909273047290"
"HOD-939337","5453003939337"
"GPS-14431","751063144315"
"ZOI-01607","898220016075"
"OPF-330826","4260019330826"
"OPF-004477","4601834004477"
"NAU-62850","628110628503"
"CGN-01787","898220017874"
"ULM-01272","898220012725"
"CAL-83910","021245839101"
"BPX-78022","849440001990"
"TMR-00468","878941004681"
"OPF-890035","4820225890035"
"LKN-01633","898220016334"
"SDN-01136","030768011369"
"INV-98475","794504984750"
"INF-106228","8022328106228"
"SUN-530715","4820236530715"
"OPF-590054","7640176590054"
"BIOL-000168","BIOL-000168"
"DRS-45029","X000L2H3XP"
"SOR-01280","076280012804"
"CDL-12100","608274121003"
"OPF-288667","8595165288667"
"BOS-70131","306960701316"
"ENZ-10083","670480100837"
"APIP-960361","4820197960361"
"SOR-00160","076280001600"
"OPF-550325","4820136550325"
"ORI-50817","801541508174"
"CGN-01470","898220014705"
"OPF-110368","4820182110368"
"MSCR-230054","4820200230054"
"MSCR-231495","4820200231495"
"MSCR-230221","4820200230221"
"MSCR-230207","4820200230207"
"MSCR-231808","4820200231808"
"MSCR-231242","4820200231242"
"MSCR-231112","4820200231112"
"MSCR-231464","4820200231464"
"MSCR-231723","4820200231723"
"MSCR-231488","4820200231488"
"MSCR-379258","4820200379258"
"MSCR-377087","MSCR-377087"
"MSCR-379135","4820200379135"
"INF-108178","8022328108178"
"PED-02610","3700225602610"
"GOL-11298","658010112987"
"DFH-40010","879452004283"
"NAP-37687","097467376878"
"OPF-036345","4820160036345"
"GNC-253923","048107205904"
"HYL-11291","354973112919"
"CGN-01237","898220012374"
"TMR-00015","878941000157"
"OPF-672501","4820072672501"
"BIOL-561015","4820008561015"
"OPF-100107","4820054100107"
"ZAH-08053","848998080532"
"RLT-30134","021888301348"
"NPU-22129","Ч001ЩАЙЗЙ9"
"OPF-350387","4820136550387"
"MET-04202","755571934499"
"OPF-780510","4820096780510"
"OPF-302252","4823014302252"
"OPF-302184","4823014302184"
"VNU-51070","X0012ZT4PZ"
"VTP-89227","850005892274"
"NEL-12989","016185129894"
"NPU-22063","Ч001Щ6А8ЩТ"
"OPF-009804","8850769009804"
"CAL-30686","021245306863"
"NRT-00489","074312004896"
"METU-234235","5400433234235"
"CSR-03000","747889030000"
"DFH-40184","879452001169"
"OPF-760627","4820103760627"
"BIOL-561145","4820008561145"
"CGN-01863","898220018635"
"GNC-066322","048107173432"
"OPF-511119","5998621511119"
"BRY-39511","705105395111"
"BIOL-560933","4820008560933"
"NWY-13310","033674133101"
"NOW-03386","733739033864"
"OPF-267074","5904398267074"
"NPU-22124","Ч001РМ43АЯ"
"sale-CAR-01250","101250"
"PTP-10157-d-1","10157"
"PTP-14293-d-1","PTP-14293-d-1"
"sale-PTP-50858","50858"
"THR-15502-d-1","THR-15502-d-1"
"VNU-51142","Ч000НЦГСМ7"
"BIOL-560834","4820008560834"
"NST-04168","702669937702"
"FES-11057","782932110575"
"FES-31012","782932310128"
"KLL-12125","709616121252"
"KLL-00186","828054001862"
"OPF-924620","4823015924620"
"SOL-01320","033984013209"
"TEO-00757","857668007571"
"OPF-003465","5350586003465"
"OPF-576548","8699591576548"
"ZAH-08187","848998081874"
"BIOL-560346","4820008560346"
"BIOL-561077","4820008561077"
"BIOL-000075","BIOL-000075"
"BIOL-000077","BIOL-000077"
"BIOL-000083","BIOL-000083"
"NWY-11300","033674113004"
"COD-00017","Ч001ЗАЕКФ9"
"BTH-47131","Ч001Й44Д2Т"
"OPF-420503","4820091420503"
"HYB-11379","9506000113791"
"SOL-01851","033984018518"
"CGN-01877","898220018772"
"OPF-037532","4820072671078"
"BIOL-560339","4820008560339"
"CMV-00111","9400501001116"
"FRO-00397","089836003973"
"ZHO-00613","859805006133"
"ZHO-00630","859805006300"
"ZHO-00632","859805006324"
"MCV-12383","034529123834"
"MCV-12363","034529123636"
"MCV-12373","034529123735"
"SEA-01962","087703019621"
"OPF-690793","4820037690793"
"TRE-40006","632889400857"
"WSP-02019","814422020191"
"SOR-01440","076280014402"
"NOW-04253","733739042538"
"DRB-00565","753950005655"
"CAR-18460","088395184604"
"KEL-302412","X002AZQZXZ"
"KEL-301812","757054301811"
"CAR-04132","088395041327"
"LKN-01878","898220018789"
"PTR-02198","Ч00169ЯАРЧ"
"PRT-11625","707359116252"
"PNA-00015","ч002пгфнго"
"OPF-800202","4820118800202"
"NOW-08105","733739081056"
"HIM-50079","605069500791"
"SOL-01725","033984017252"
"SOL-00693","033984006935"
"SOL-00692","033984006928"
"SOL-00691","033984006911"
"SRE-01178","023249011781"
"BIOL-561046","4820008561046"
"PTT-515379","8809540515379"
"DOU-97946","310539979464"
"BIOL-560766_дубль","1"
"AUN-46964","040232469640"
"BIOL-560827","4820008560827"
"OPF-002970","4602242002970"
"OPF-620300","4901027620300"
"YGT-41516","076950415164"
"PES-01428","766298014289"
"OPF-900168","4820181900168"
"DRB-00523","753950005235"
"GRW-360137","4820183360137"
"GRW-360274","4820183360274"
"GRW-360359","4820183360359"
"GRW-360373","4820183360373"
"GRW-360069","4820183360069"
"GRW-360083","4820183360083"
"GRW-361981","4820183361981"
"GRW-360236","4820183360236"
"GRW-360281","4820183360281"
"GRW-361271","4820183361271"
"GRW-360120","4820183360120"
"GRW-360144","4820183360144"
"GRW-361189","4820183361189"
"GRW-361158","4820183361158"
"GRW-361141","4820183361141"
"GRW-361172","4820183360229"
"BIOL-561091_дубль","BIOL-561091"
"GSB-091597","5060244091597"
"GSB-091870","5060244091870"
"GSB-092051","5060244092051"
"GSB-091887","5060244091887"
"GSB-091634","5060244091634"
"GSB-091979","5060244091979"
"GSB-091696","5060244091696"
"GSB-091603","5060244091603"
"GSB-091528","5060244091528"
"GSB-091931","5060244091931"
"GSB-091474","5060244091474"
"GSB-091924","5060244091924"
"GSB-091726","5060244091726"
"GSB-091498","5060244091498"
"GSB-091993","5060244091993"
"GSB-091917","5060244091917"
"GSB-091795","5060244091795"
"GSB-091948","5060244091948"
"GSB-091900","5060244091900"
"OPF-037104","8588006037104"
"OPF-007180","4602242007180"
"CEN-27685","740985276853"
"BIOL-560902","4820008560902"
"BIOL-560797","4820008560797"
"NPU-22095","ч001щ87кня"
"YOU-00730","850502007300"
"YOU-00784","850502007843"
"YOU-00786","850502007867"
"OPF-200329","4823052200329"
"CAL-79886","021245798866"
"OPF-190288","5060461190288"
"SOL-02541","033984025417"
"KIM-00407","Ч00235Й8КЗ"
"SUN-530647","4820236530647"
"SUN-530678","4820236530678"
"SUN-530685","4820236530685"
"SUN-530708","4820236530708"
"SUN-530692","4820236530692"
"SUN-530814","4820236530814"
"SUN-530739","4820236530739"
"SUN-530722","4820236530722"
"SUN-530746","4820236530746"
"SUN-530753","4820236530753"
"SUN-530661","4820236530661"
"SUN-530760","4820236530760"
"SUN-530777","4820236530777"
"SUN-530654","4820236530654"
"BIO-530463","4820236530463"
"BIO-530470","4820236530470"
"BIO-530500","4820236530500"
"BIO-530494","4820236530494"
"BIO-530487","4820236530487"
"BIO-530555","4820236530555"
"BIO-530562","4820236530562"
"BIO-530517","4820236530517"
"BIO-530548","4820236530548"
"BIO-530524","4820236530524"
"BIO-530531","4820236530531"
"BIO-530791","4820236530791"
"BIO-530784","4820236530784"
"BIO-530807","4820236530807"
"BIO-530586","4820236530586"
"BIO-530579","4820236530579"
"BIO-530593","4820236530593"
"OPF-673348","4820072673348"
"APIP-960187","4820197960187"
"APIP-960125","4820197960125"
"VAM-00002","8904078231309"
"OPF-800295","4820118800295"
"APIP-960439-1","APIP-960439"
"APIP-960439","4820197960439"
"OST-24955","5903246224955"
"OST-25013","5903246225013"
"OST-02944","5903933902944"
"OST-10956","5902232610956"
"OST-22715","5903246222715"
"APIP-960019","4820197960019"
"APIP-960132","4820197960132"
"APIP-960149","4820197960149"
"APIP-960156","4820197960156"
"APIP-960170","4820197960170"
"APIP-960200","4820197960200"
"APIP-960026","4820197960026"
"APIP-960217","4820197960217"
"APIP-960224","4820197960224"
"APIP-960248","4820197960248"
"APIP-960231","4820197960231"
"APIP-960583","4820197960583"
"APIP-960033","4820197960033"
"APIP-960040","4820197960040"
"APIP-960057","4820197960057"
"APIP-960071","4820197960071"
"APIP-960064","4820197960064"
"APIP-960095","4820197960095"
"APIP-960101","4820197960101"
"APIP-960255","4820197960255"
"APIP-960262","4820197960262"
"APIP-960279","4820197960279"
"APIP-960286","4820197960286"
"APIP-960392","4820197960392"
"APIP-960309","4820197960309"
"APIP-960323","4820197960323"
"APIP-960408","4820197960408"
"APIP-960347","4820197960347"
"APIP-960446","APIP-960446"
"APIP-960453","APIP-000038"
"APIP-960590","4820197960590"
"APIP-960460","4820197960460"
"APIP-960576","4820197960576"
"APIP-960491","4820197960491"
"APIP-960545_дубль","APIP-960545"
"APIP-960545","4820197960545"
"ALKR-624607","4820074624607"
"NOR-31151","768990311512"
"OPF-008029","8934711008029"
"PES-00473","766298004730"
"LKN-01715","898220017157"
"GNC-159863","048107159863"
"OPF-540254","4820055540254"
"OPF-926921","4823015926921"
"OPF-271073","5904730271073"
"OPF-923010","4670017923010"
"NTW-07033","858081006523"
"NTA-16172","083000161728"
"PES-02343","766298023434"
"SOL-00656","033984006560"
"INF-500354","16000187657"
"NRT-00482","074312004827"
"KIM-00256","Ч002ДНГ6МР"
"OPF-941191","4823015941191"
"OPF-02273","063935022738"
"OPF-680071","4820170680071"
"OPF-0980160","4820181980160"
"INF-101063","8022328101063"
"CGN-01296","898220012961"
"GEN-02113","Ч0013ИЬШ83"
"GIO-18402","716237184023"
"VNU-51040","Ч000НЦГС5Т"
"DOU-01877","310539018774"
"INF-102497","8022328160039"
"SOL-03110","033984031104"
"SOL-01292","033984012929"
"SOL-01380","033984013803"
"PES-00392","766298003924"
"PES-01358","766298013589"
"HYB-05852","9506000058528"
"OPF-007010","5906204007010"
"BioticsResearch1216","780053000270"
"ZOI-01615","898220016150"
"GNC-102521","Ч002ЧВК961"
"KLL-00628","828054006287"
"GEN-02100","883196138708"
"OPF-911323","4823015911323"
"NBB-71160","371400711606"
"PWG-00038","043952000384"
"NPU-22083","X002K1CGKP"
"BLA-629882","5901752629882"
"BLA-997540","5902367997540"
"EXT-600057","8594181600057"
"EXT-609463","8594181609463"
"EXT-608237","8594181608237"
"EXT-600071","8594181600071"
"EXT-603225","8594181603225"
"EXT-604437","8594181604437"
"BLA-997083","5902367997083"
"BLA-997342","BLA-997342"
"BLA-997343","BLA-997343"
"BLA-997344","BLA-997344"
"BLA-997345","BLA-997345"
"BLA-997346","BLA-997346"
"BLA-997347","5902367997342"
"BLA-997348","BLA-997348"
"BLA-997349","BLA-997349"
"BLA-997350","BLA-997350"
"BLA-997352","BLA-997352"
"BLA-997353","BLA-997353"
"BLA-997298","5902367997298"
"SPS-90760","076635907601"
"BLA-997289","5902367997489"
"BLA-997518","BLA-997518"
"BLA-997517","BLA-997517"
"BLA-997516","BLA-997516"
"BLA-997515","BLA-997515"
"BLA-997514","BLA-997514"
"BLA-997513","5902367997503"
"BLA-997354","BLA-997354"
"BLA-997355","BLA-997355"
"BLA-997357","5902367997322"
"BLA-997358","BLA-997358"
"BLA-997359","BLA-997359"
"BLA-620577","5901752620577"
"BLA-620578","BLA-620578"
"BLA-620579","5901752620579"
"BLA-620580","BLA-620580"
"BLA-620581","BLA-620581"
"BLA-620582","BLA-620582"
"BLA-997512","BLA-997512"
"BLA-997511","BLA-997511"
"BLA-997510","BLA-997510"
"BLA-997509","BLA-997509"
"BLA-997508","5902367997502"
"BLA-997507","BLA-997507"
"BLA-997506","BLA-997506"
"BLA-997505","BLA-997505"
"BLA-997504","5902367997504"
"BLA-997503","BLA-997503"
"BLA-620592","BLA-620592"
"BLA-620591","BLA-620591"
"BLA-620590","BLA-620590"
"BLA-620589","BLA-620589"
"BLA-620588","BLA-620588"
"BLA-620584","BLA-620584"
"BLA-620585","BLA-620575"
"BLA-620586","BLA-620586"
"BLA-620587","5901752620575"
"PNA-00139","Ч001ЧЛЫЙ5Ч"
"HNS-06514","070650000019"
"B0015G4XD8","B0015G4XD8"
"SHK-00355","893869003554"
"HNS-00407","070650004079"
"HNS-06524","070650000026"
"SYN-00473","852971004736"
"OPF-947353","5391520947353"
"NTD-17163","8594073171634"
"GSB-091832","5060244091832"
"MET-04109","755571023155"
"PES-00830","766298008301"
"PES-00561","766298005614"
"SPC-24237","037014242379"
"OMN-26610","073796266103"
"GOL-11834","658010118347"
"WMA-899101","99100899101"
"SWW-14806","850000148062"
"INF-104545","8022328104545"
"TMR-00559","878941005596"
"NAU-62842","628110628428"
"TMR-00317","878941003172"
"LKN-01424","898220014248"
"FHH-00228","896593002282"
"B07DCFW6K3","Ч001ЫМВЩ4Я"
"CAL-80412","021245804123"
"CGN-01864","898220018642"
"PPS-00094","Ч000МЦПИДЗ"
"BioticsResearch5223","X001U2I6F9"
"PNA-00090","PNA-00090"
"GNC-038313","Ч002ПУУЗ4Д"
"OPF-672976","4820072672976"
"ZOI-01744","898220017447"
"OPF-550240","4820136550240"
"SBF-11019","020525110190"
"OPF-460210","8906066460210"
"BPF-02086","Ч002КИЛ5ЛД"
"SOL-00694","033984006942"
"SOL-00539","033984005396"
"SOL-00549","033984005495"
"SOL-00538","033984005389"
"SOL-01240","033984012400"
"SOL-00589","033984005891"
"SOL-59195","033984591950"
"SOL-02421","033984024212"
"SOL-02380","033984023802"
"SOL-01600","033984016002"
"SOL-03600","033984036000"
"SOL-03300","033984033009"
"SOL-02316","033984023161"
"SOL-03955","033984039551"
"OPF-871033","8032595871033"
"BioticsResearch1004","Ч001ГФ92З9"
"RSP-00634","854446006344"
"HET-00019","Ч001ГШКЙИ3"
"SOL-03210","033984032101"
"SOL-01010","033984010109"
"PTP-00060","025077000609"
"SOL-00959","033984009592"
"SOL-02304","033984023048"
"OPF-674857","4820072674857"
"PES-00159","766298001593"
"PES-00399","766298003993"
"PES-01089","766298009742"
"PES-01626","766298016269"
"LKN-01632","898220016327"
"OPF-421760","4820060421760"
"PTP-10543","074312105432"
"PTP-14023","025077140237"
"PTP-15215","025077152155"
"MAN-00229","895015002299"
"EVN-59963","5908261599637"
"OPF-120947","4820175120947"
"OWN-01115","812281011152"
"OPF-260017","4820190260017"
"MCL-03358","810487033589"
"OPF-673096","4820072673096"
"OPF-672112","4820072672112"
"OPF-674772","4820072674772"
"HIM-20029","605069200295"
"YSO-12010","726635120103"
"VTP-00534","850232005348"
"BNR-01259","817716012599"
"INF-107317","8022328107317"
"KLL-01226","709616012260"
"KLL-01050","Ч001ЫЧРКЧ7"
"NPU-22114","Ч001ЛЦСН5Р"
"BioticsResearch6300","X002SXWG55"
"INF-104279","8022328104279"
"OPF-050915","6432100050915"
"NOW-02243","733739022431"
"BioticsResearch7015","X001SUXAP9"
"GLDU-000990","3522930000990"
"SOR-04345","076280043457"
"SRE-01081","023249010814"
"PES-01266","766298012667"
"BioticsResearch1235","Ч001ТО20ЕР"
"OPF-79870","860001798708"
"GNC-236221","X002V45VSF"
"OST-10291","5902232610291"
"OPF-201081","4823052201081"
"ZNT-02202","817516022026"
"NAU-62837","628110628374"
"ELFA-919480","4823015919480"
"CEN-27595","740985275955"
"SOL-02260","033984022607"
"NFS-01244","068958012445"
"OPF-175021","5903137175021"
"KLL-90912","709616909126"
"KLL-13410","709616134108"
"PRT-12199","707359121997"
"ORT-1320178","-01320178"
"BIOL-560254","4820008560254"
"SOL-00954","033984009547"
"DOU-83050","310539830505"
"DOU-97937","310539979372"
"DTB-00129","842367001296"
"VFU-27096","027917270968"
"BLTV-021034","3700343021034"
"INF-103173","8022328103173"
"BRM-11204","039978112040"
"KNG-07508","071012075089"
"DOU-05110","745287051108"
"MET-04111","755571939647"
"EDW-00393","043182003933"
"OPF-191046","8607000191046"
"DANI-001210","DANI-001210"
"NAP-45962","097467459625"
"PYB-00316","850196003169"
"OPF-671238","4820072671238"
"NFS-01385","068958013855"
"VIC-316473","850012316473"
"VIC-316480","850012316480"
"SRE-01307","023249013075"
"KLL-12710","709616127100"
"BIO-530968","4820236530968"
"BIO-530975","4820236530975"
"BIO-530937","4820236530937"
"LSE-00248","853760002483"
"BIO-530944","4820236530944"
"BIO-530951","4820236530951"
"OPF-320018","4820121320018"
"OPF-040017","4820143040017"
"OPF-671252","4820072671252"
"OPF-670149","4820072670149"
"OPF-670590","4820072670590"
"OPF-673317","4820072673317"
"GEN-00131","X002NSIRSZ"
"LSE-00220","853760002209"
"CLF-01624","015794016243"
"EXT-600439","8594181600439"
"EXT-600422","8594181600422"
"EXT-600248","8594181600248"
"EXT-600446","8594181600446"
"EXT-608244","8594181608244"
"EXT-608312","8594181608312"
"EXT-608268","8594181608268"
"EXT-608282","8594181608282"
"EXT-608305","8594181608305"
"EXT-608275","8594181608275"
"EXT-608251","8594181608251"
"EXT-608299","8594181608299"
"EXT-030130","8950021030130"
"EXT-030131","8950020030131"
"EXT-030135","8950026030135"
"EXT-030134","8950027030134"
"EXT-030133","8950028030133"
"EXT-030132","8950029030132"
"OPF-110074","4820186110074"
"LSE-00216","853760002162"
"OPF-430697","4820142430697"
"OPF-130990","4820114130990"
"IRW-59868","710363598686"
"MGF-10399","051494103999"
"OPF-550424","4820136550424"
"OPF-295241","3830029295241"
"OPF-980921","4820078980921"
"OPF-999991","8423245999991"
"EXT-600576","EXT-600576"
"WAK-10091","023542100915"
"NOW-02058","733739020581"
"OPF-284352","8906032284352"
"HEE-10188","787647101887"
"NRT-79343","074312793431"
"PES-00650","766298006505"
"NST-04157","702669933773"
"MUE-00001","810039262276"
"OPF-420732","4820060420732"
"PES-01590","PE-01590"
"INF-004448","8022328110379"
"NCR-90247","727783902474"
"NCR-90249","727783902498"
"NCR-90251","727783902511"
"NCR-90067","727783900678"
"NCR-90152","727783901521"
"NCR-90116","727783901163"
"NCR-00406","727783004062"
"NCR-90127","727783901279"
"NCR-90126","727783901262"
"NCR-00365","727783003652"
"USN-51438","6009544951438"
"NCR-90260","727783902603"
"NCR-90261","727783902610"
"INF-006985","8022328106983"
"THR-00691","693749006916"
"DOU-00922","310539009222"
"REN-12108","631257121080"
"MCL-01236","813006012362"
"OPF-002318","3870112002318"
"SNN-14609","850001146098"
"HNU-00019","Ч002ПМСЫ9Т"
"AF-00002","AF-00002"
"MCL-21094","810094210946"
"OPF-674840","4820072674840"
"SRE-01082","023249010821"
"BLTV-030227","3700343030227"
"BLTV-040295","3700343040295"
"MCL-01845","813006018456"
"GOL-12821","658010128216"
"BRE-052648","8017331052648"
"OPF-750481","8680131750481"
"NPU-22003","Ч000ЕДМТЦЗ"
"REN-15721","631257157218"
"BioticsResearch6504","Ч001ЕТП8Я9"
"OPF-550066","4820136550066"
"GNC-534871","048107179632"
"CGN-01598","898220015986"
"LAT-00068","857190000682"
"NCR-90262","727783902627"
"NCS-93050","702669930505"
"DOU-00921","310539009215"
"OPF-672983","4820072672983"
"NWY-15838","033674158388"
"GNC-066312","048107173449"
"JRW-26023","790011260233"
"BIO-530821","4820236530821"
"BIO-530838","4820236530838"
"BIO-530845","4820236530845"
"BIO-530852","4820236530852"
"GSB-091771","5060244091771"
"GSB-091658","5060244091658"
"GSB-091825","5060244091825"
"GSB-091573","5060244091573"
"GSB-092099","5060244092099"
"GSB-091740","5060244091740"
"GSB-091894","5060244091894"
"GSB-091610","5060244091610"
"GSB-091818","5060244091818"
"GSB-091535","5060244091535"
"GSB-092105","5060244092105"
"NAP-43902","097467439023"
"DOU-00641","310539006412"
"PES-00341","766298003412"
"DTB-00126","842367001265"
"DVI-00231","X002UAAA81"
"CBD-41991","086449419917"
"OPF-215865","6903883215865"
"OPF-225864","6903883225864"
"PNA-00017","И0СТ1РЗЙ5Е"
"OPF-120901","4820050120901"
"NOW-03381","733739033819"
"ARG-50531","713947505315"
"BIOL-000191","BIOL-000191"
"BIOL-000190","BIOL-000190"
"NFS-03058","068958030586"
"PES-02218","766298022185"
"INF-501009","8022328101001"
"NFS-01735","068958017358"
"LKN-01691","898220016914"
"ZHO-00636","859805006362"
"FLR-00006","704142000323"
"MET-04127","755571934833"
"GNC-191034","048107128746"
"GNC-095914","Ч002РП0С95"
"NOW-03228","733739032287"
"OPF-747115","4820005747115"
"OPF-361594","4820013361594"
"IST-03039","812219030392"
"DANI-000109","DANI-0001090"
"OPF-430020","4820207430020"
"INF-103555","8022328103555"
"LEX-24126","737870241263"
"AVI-34129","645951341293"
"OBF-00227","030768002275"
"NPU-22060","NPU-22060"
"DRA-00201","DRA-00201"
"GRW-361165","4820183361165"
"BIOL-000093","BIOL-000093"
"SBF-12190","020525121905"
"GXA-00610","857630006106"
"GXA-00609","857630006090"
"ARH-18660","033200186601"
"MTG-91258","755571912589"
"MDR-19282","302593192828"
"OPF-051613","4820147051613"
"OPF-981171","4820078981171"
"OPF-027505","3583316027505"
"ODV-00001","X0027I6RP1"
"BIO-530869","4820236530869"
"KLL-43409","X001QLS3VV"
"OPF-270555","3401561270555"
"PES-01734","766298017341"
"ADV-07731","И001СШД0ПЬ"
"ADV-00600","И0765РАЙ8О"
"MOT-84047","MOT-84047"
"OPF-081049","7640153081049"
"MCL-03661","810487036610"
"PTP-18049","074312180491"
"PTP-31240","025077312405"
"OPF-131362","4820114131362"
"SOR-08138","076280081381"
"SOR-13223","076280132236"
"ZOI-01600","898220016006"
"GOL-02930","310539029305"
"CLR-00002","041100811141"
"TGB-32300","039278323009"
"LKN-01627","898220016273"
"NOR-01844","768990018442"
"MCL-03622","810487036221"
"CIM-72198","087052721985"
"ITH-16089","X0023UQHVR"
"BSN-00330","834266003303"
"SRE-01136","023249011361"
"SRE-01016","023249010166"
"OPF-007136","4823004007136"
"OPF-691011","4820037691011"
"DANI-000118","DANI-000118"
"CAL-56530","021245565307"
"CGN-01844","898220018444"
"CAL-10743","021245107439"
"OPF-571375","3838989571375"
"PED-02511","3700225602511"
"OPF-740394","4820025740394"
"NAM-350048","8058269350048"
"ENZ-22038","670480220382"
"SOL-01174","033984011748"
"SOL-01184","033984011847"
"LAC-58770","8004995458770"
"FRE-22330","4028403122309"
"XBD-47021","810012470216"
"INF-004707","8022328104705"
"SRE-01115","023249011156"
"CGN-01923","898220019236"
"BIOL-000082","BIOL-000082"
"MET-91099","755571910998"
"OPF-00233","3870112002332"
"NBB-88397","371400883976"
"NOF-352724","4631142352724"
"INF-500125","8022328500125"
"INF-102718","8022328102718"
"NTC-38260","705692382600"
"DOP-52587","4009932525878"
"DOP-52708","4009932527087"
"NAP-30732","097467307322"
"OPF-284871","8906032284871"
"OPF-432264","4820142432264"
"GNC-011222","048107170608"
"GAT-02139","816170021390"
"WMA-064101","99100007101"
"OPF-081056","7640153081056"
"PNA-00066","816511024677"
"ORT-22695004","4260022695004"
"THR-01212","693749012122"
"THR-01208","693749012085"
"DANI-000088","DANI-000088"
"GREW-010797","707341010797"
"SPS-92080","076635920808"
"OPF-420152","4820091420152"
"SFD-10076","803813100765"
"OPF-190143","7640140190143"
"METU-214558","5400433214558"
"NFS-01398","068958013985"
"OPF-800081","6900008800081"
"ZAR-00278","898115002787"
"OPF-007183","4605370007183"
"EUR-37002","367703370022"
"MCL-03349","810487033497"
"B005J9DK22","B005J9DK22"
"OPF-850034","3800728850034"
"BIOL-560360","4820008560360"
"BIOL-000097","BIOL-000097"
"BIOL-560780","BIOL-560780"
"BIOL-000016","BIOL-000016"
"BIOL-000024_дубль","BIOL-000024"
"OPF-604480","4019338604480"
"BLB-00321","743715003217"
"DOU-01598","310539015988"
"OPF-360025","4751025360025"
"COD-00021","Ч001К99ДЙ3"
"DRB-00550","753950005501"
"OPF-570565","8699916570565"
"INF-008167","2040400008167"
"OPF-220607","7640161220607"
"CGN-01786","898220017867"
"TMR-00439","878941004391"
"RDH-00549","355724005498"
"OPF-790244","4820187790244"
"NST-04166","702669933230"
"NPU-22125","Ч001РМЬЗШ7"
"OPF-201987","8906046201987"
"CGN-01843","898220018437"
"HYL-29234","354973292345"
"OPF-540247","4820055540247"
"PAP-62622","687735626226"
"NWY-14810","033674148105"
"OPF-540342","OPF-540342"
"CAR-49630","088395496301"
"AL-6000","4606492013410"
"NPU-22103","Ч001ЦЩШЧЙР"
"OPF-00006","861852000064"
"OPF-009719","4602242009719"
"DBE-43582","810110790315"
"DBE-12242","672975261115"
"SNS-02485","021078024859"
"OPF-120033","4820133120033"
"INF-003045","INF-003045"
"MST-160693","4260641160693"
"OPF-06870","677683068704"
"BIO-530913","4820236530913"
"BIO-530883","4820236530883"
"BIO-530906","4820236530906"
"BIO-530876","4820236530876"
"SOL-01721-d-1","SOL-01721-d-1"
"SOL-02058-d-1","SOL-02058-d-1"
"SOL-01945-d-1","SOL-01945-d-1"
"SOL-01788-d-1","SOL-01788-d-1"
"sale-SWV-06010","6010"
"sale-NLI-00437","00437"
"sale-NTL-00893","00893"
"sale-PTP-60369","60369"
"PTP-36557-d-1","PTP-36557-d-1"
"sale-CAL-38010","38010"
"GEN-02269","883196106011"
"PNA-00191","Ч0020Ч6КСИ"
"TEO-07311","857668007311"
"TMR-00347","878941003479"
"PPS-00074","184392000357"
"NST-04140","702669931366"
"NRT-30413","074312304132"
"TRN-00079","850015311116"
"NST-04032","702669932240"
"NFS-01725","068958017259"
"TRE-40016","И00СУ8ІВЧ2"
"B07DTHB732","B07DTHB732"
"B00CE8WIOC","Ч001Й345Ф7"
"ZAH-08111","848998081119"
"GFO-00007","860001519730"
"OPF-237551","806809237551"
"SPS-90375","076635903757"
"ZOI-01599","898220015993"
"HYL-29274","354973292741"
"NOF-000001","NOF-000001"
"GREW-000070","4820202900078"
"IRW-40251","840081402511"
"MBM-00669","838287006695"
"BIO-530982","4820236530982"
"BIO-530999","4820236530999"
"CAL-22107","021245221074"
"AVI-16012","645951160122"
"GEN-00127","868054000304"
"OPF-004576","4601834004576"
"BIOL-560285","BIOL-560285"
"DANI-0001430","DANI-0001430"
"GOL-11449","658010114493"
"MCL-03200","810487032001"
"OPF-012059","5290931012059"
"SRE-01226","023249012269"
"OPF-874826","4001895874826"
"OPF-008066","4058900008066"
"CAR-45200","088395452000"
"ORT-1028532","-01028532"
"KLL-02003","828054003026"
"B00K23M8GE","Ч002РДЗДВР"
"APN-00017","APN-00017"
"OPF-402914","8904054402914"
"GNC-100530","048107177461"
"NST-04178","702669935135"
"FLR-00372","FLR-00372"
"BPF-00164","X001E85WMJ"
"GNC-099319","048107177164"
"OPF-544918","5904913544918"
"KLL-01247","KLL-65159"
"PED-02580","3700225602580"
"GOL-12814","658010128148"
"OPF-671375","4820072671375"
"NPU-22128","Ч001Щ8ЧТ0К"
"BAB-07183","679234071836"
"PTG-04354","183405043541"
"CTO-04112","848998041120"
"CLC-30701","850005307013"
"INF-006381","2214010006381"
"INF-005995","2214010005995"
"GOL-12816","658010128162"
"STYX-001223","9004432001223"
"NFS-04750","068958047508"
"OPF-052641","4820031052641"
"GLDU-001652","3522930001652"
"NAP-30583","097467305830"
"ITH-16100","Ч000ЙСВ307"
"OPF-550400","4820136550400"
"PBL-00340","855757003404"
"NOW-04791","733739047915"
"SNS-01673","021078016731"
"NFS-02700","068958027005"
"SNS-02780","021078027805"
"MET-04076","755571947864"
"OPF-907615","4820022907615"
"MET-04147","755571028204"
"CGN-01920","898220019205"
"OPF-460176","4820059460176"
"DANI-000077","DANI-000077"
"PTP-12650-d-1","PTP-12650-d-1"
"OPF-550110","4820136550110"
"OPF-010667","4030674010667"
"DRB-00519","753950005198"
"INF-500439","8022328105818"
"BEN-00001","-11343648"
"OPF-527926","4009932527926"
"OLY-03029","710013030290"
"ELFA-928819","4823015928819"
"PRT-13345","707359133457"
"HFC-00367","650786003674"
"APN-00036","APN-00036"
"HBP-80025","090800000256"
"MET-04107","MET-04107"
"CDL-15000","608274150003"
"SOR-40620","076280406207"
"YSO-12128","726635121285"
"NST-04171","702669934404"
"OPF-650287","4820165650287"
"PED-02702","3700225602702"
"OPF-320182","6823391320182"
"GEN-00821","850098008217"
"OPF-927973","4823015927973"
"CFH-02032","814598020322"
"AMX-22787","665553227870"
"NRT-00525","074312005251"
"AMX-20237","665553202372"
"OPF-210109","4820058210109"
"OPF-973042","8470006973042"
"OPF-802747","4823012802747"
"NAP-45971","097467459717"
"SPE-51625","022506516250"
"МАА-00004","X000T9TKR7"
"LEX-24003","737870240037"
"CAL-37549","021245375494"
"OPF-924477","4823015924477"
"LSE-00242","853760002421"
"OPF-201994","8906046201994"
"NOW-00378","733739003782"
"INN-43002","051494430026"
"GNC-240211","048107041366"
"WMA-055101","99101055101"
"LKN-01693","898220016938"
"OPF-121276","8901463121276"
"DWS-00728","X0026EW3KJ"
"OPF-574055","3838989574055"
"BIOL-000149","BIOL-000149"
"OPF-172417","8019561172417"
"ECOK-182298","8680088182328"
"ECOK-181802","8680088181802"
"ECOK-182328","8680088182298"
"OPF-431656","4820142431656"
"SRE-01272","023249012726"
"OMM-99671","850011996713"
"SOR-56316","076280563160"
"DTB-00147","842367001470"
"OPF-318947","4820008318947"
"MST-160808","4260641160808"
"DFH-40102","879452002517"
"OPF-690779","4820037690779"
"OPF-550141","4820136550141"
"NTW-00603","858081006035"
"sale-PTP-18545","18545"
"sale-SOR-62754","62754"
"sale-MCL-03174","03174"
"NOW-02644-d-1","NOW-02644-d-1"
"PNA-00053","Ч000І2Т9ИВ"
"OPF-6003458","5350586003458"
"PES-00050","766298000503"
"DTB-45015","X001F7JDYH"
"OPF-670350","8051414670350"
"OPF-361587","4820013361587"
"INF-101896","8022328101896"
"MTG-92406","755571924063"
"NST-04161","702669933452_"
"GEN-00825","850098008644"
"CAL-93372","021245933724"
"DANI-000095","DANI-000095"
"DOU-01909","310539019092"
"DOU-97924","310539979242"
"OPF-550271","4820136550271"
"OPF-930348","4820069930348"
"NWY-13660","033674136607"
"GOL-12320","658010123204"
"GRP-01010","X00237OQ4P"
"OPF-790459","4820187790459"
"BIOL-000123","BIOL-000123"
"PIF-50698","797734506983"
"STYX-201876","9004432201876"
"ZNW-59126","810030591269"
"ZNW-59124","810030591245"
"BLB-00368","743715003682"
"SOR-04303","076280043037"
"OPF-676554","4820072676554"
"OPF-420138","4820060420138"
"ZNW-59044","810030590446"
"NOW-05974","733739059741"
"GRW-360298","4820183360298"
"SRE-01118","023249011187"
"DTB-00127","842367001272"
"SRE-01167","023249011675"
"FLO-67982","061998679821"
"OKA-01632","810367016329"
"AVI-80030","645951800301"
"BTH-47137","705105100500"
"BIO-531026","4820236531026"
"OME-58128","736211581280"
"NBA-52788","NBA-52788"
"OPF-400984","4250297400984"
"OPF-051705","4820147051705"
"LSE-00249","853760002490"
"NAP-01045","097467010451"
"NAP-01046","097467010468"
"NAP-01310","097467013100"
"NAP-01665","097467016651"
"NAP-01720","097467017207"
"NAP-02331","097467023314"
"NAP-04408","097467044081"
"NAP-29931","097467299313"
"NAP-29958","097467299580"
"NAP-29970","097467299702"
"NAP-29974","097467299740"
"NAP-29980","097467299801"
"NAP-29984","097467299849"
"NAP-29991","097467299917"
"NAP-30582","097467305823"
"OPF-050913","4820215050913"
"OPF-693308","4016369693308"
"OST-11557","5902232611557"
"HNU-00013","X002H693N1"
"OPF-540261","4820055540261"
"PTR-02202","Ч001Ы7ИЯ6Т"
"OPF-571344","3838989571344"
"HBP-00457","090700004576"
"NAP-95967","097467959675"
"OBN-60020","091401600203"
"HIM-50098","605069500982"
"BLB-01564","743715015647"
"DOU-03831","310539038314"
"SPS-90240","076635902408"
"OPF-303130","8904128303130"
"OPF-303215","8904128303215"
"SPN-00198","033739001987"
"OPF-284826","8906032284826"
"YTH-01940","671315019409"
"LEX-22503","737870225034"
"OPF-182504","4820011182504"
"OPF-0193","47000193"
"HYL-33521","354973335219"
"ELFA-431104","4820168431104"
"ELFA-930720","4823015930720"
"CDL-10350","608274103504"
"FRO-23001","089836230010"
"ADV-00620","ADV-00620"
"CDL-10850","608274108509"
"VTN-02006","708118020063"
"OPF-285847","8906032285847"
"SOR-47305","076280473056"
"SFD-05110","803813051104"
"OPF-530573","4820065530573"
"OPF-006566","8903849006566"
"OPF-790442","4820187790442"
"HYL-29561","354973295612"
"DTB-45008","X000SPABO3"
"OPF-550264","4820136550264"
"PES-00349","766298003498"
"PNA-00119","X001XALI2L"
"OPF-672198","4820072672198"
"LSE-00209","853760002094"
"ORI-50016","801541500161"
"LEX-23213","737870232131"
"OBN-88400","091401884009"
"VNU-51132","X000YWUCE9"
"MRM-71007","609492710079"
"BIOP-530013","BIO-530013"
"BIOP-530015","BIO-530015"
"BIOP-530008","BIO-530008"
"BIOP-530007","BIO-530007"
"OPF-980150","4820078980150"
"OPF-980143","4820078980143"
"OPF-980136","4820078980136"
"OPF-070542","3582910070542"
"OPF-981331","4820078981331"
"OPF-050042","4820148050042"
"OPF-00045","677683000452"
"AUN-64803","628504648032"
"BLB-00654","743715006546"
"LRL-000042","LRL-000042"
"DFH-40077","879452002203"
"MST-5","MST-5"
"PNA-00153","816511029689"
"ATY-58874","ATY-58874"
"OPF-110984","7038319110984"
"OPF-180339","4820169180339"
"DANI-000018","DANI-000018"
"SRE-01183","023249011835"
"KLL-17110","709616171103"
"GOL-12520","658010125208"
"GEN-02296","X0013BMJ37"
"OPF-502428","4820032502428"
"GAI-15177","751063151771"
"NCR-90240","727783902405"
"GOL-11775","658010117753"
"LEX-24130","737870241300"
"NOW-03383","733739033833"
"SRE-01011","023249010111"
"BIOL-560117","4820008560117"
"NPU-22040","Ч00299КОЛЗ"
"OPF-980191","4820181980191"
"ELFA-500456","5901845500456"
"PNA-00018","X001U41KM3"
"BIOL-561053","4820008561053"
"NTF-08234","851801008234"
"YSO-12176","726635121766"
"OPF-544925","5904913544925"
"PNA-00003","PNA-00003"
"NWY-13662","033674136621"
"NWY-13371","033674133712"
"NPU-22127","NPU-22127"
"MCL-03333","810487033336"
"DOU-00125","310539001257"
"OPF-420077","4820091420077"
"DOU-01782","310539017821"
"OPF-284680","8906032284680"
"DOU-00915","310539009154"
"DANI-0001090","000109"
"OEX-10018","809183100183"
"ONT-01004","X002CUKI4F"
"KIM-00397","X001B7S8HT"
"NAP-01730","097467017306"
"GEN-02316","883196112135"
"SOL-00683","033984006836"
"SOL-00685","033984006850"
"PES-00882","766298008820"
"OPF-678055","6916191678055"
"OPF-980037","4820078980037"
"GNC-304011","048107174057"
"BIOL-560773","4820008560773"
"DBE-12249","602573122495"
"OPF-424006","4820060424006"
"DOU-01948","310539019481"
"OPF-540094","4820222540094"
"MCL-03337","810487033374"
"ENZ-29100","670480291009"
"NOW-03093","733739030931"
"GOL-12518","658010125185"
"OPF-690960","4820037690960"
"SRE-01035","023249010357"
"ZAH-08232","848998082321"
"OPF-284888","8906032284888"
"OPF-976384","8594003976384"
"BPF-02424","815709024246"
"NWY-15890","033674158906"
"GUM-00143","835776001438"
"GUM-00108","835776001087"
"OPF-140418","6221032140418"
"CGN-01564","898220015641"
"MKD-00808","850312008085"
"MET-04088","755571800060"
"GNC-202311","X002SQN5QL"
"SRE-01171","023249011712"
"OPF-304099","5060040304099"
"OPF-127763","4046222127763"
"PPS-00067","X001T3KOPT"
"SWV-01962","087614019628"
"OPF-000096","616659000096"
"NEA-00773","810648007732"
"DOU-00612","310539006122"
"DOU-03142","310539031421"
"DOU-97978","310539979785"
"JRW-13221","790011132219"
"OPF-900075","8995152900075"
"LEX-24063","737870240631"
"NWY-13673","033674136737"
"LEX-20706","737870207061"
"OPF-315960","4820008315960"
"NOW-04849","733739048493"
"THR-01254","693749012542"
"LKN-01639","898220016396"
"CAL-96309","021245963097"
"DVI-00261","Ч001ВЩЗ43И"
"OLY-91214","710013912145"
"NPU-22122","Ч001Л5Ь51К"
"NTL-07780","047469077808"
"NFS-02364","068958023649"
"OPF-112195","4820182112195"
"OPF-211229","4820058211229"
"BioticsResearch3040","X001NJ4FM7"
"CAL-57109","021245571094"
"DWS-00724","DWS-00724"
"SRE-01029","023249010296"
"PLY-71276","631656712766"
"BIOL-560605","BIOL-560605"
"OPF-170093","4820048170093"
"OPF-673287","4820072673287"
"JRW-15091","790011150916"
"LRL-000007","000007"
"CAR-68730","088395687303"
"CAR-15720","088395157202"
"CAR-01560","088395015601"
"CAR-08721","088395087219"
"CAR-04406","088395044069"
"CAR-12650","088395126505"
"CAR-01451","088395014512"
"CAR-10620","088395106200"
"REA-01567","REA-01567"
"OLP-07270","5901330072703"
"BIT-22359","5999076223596"
"REA-00557","094922005571"
"REA-00617","853427006175"
"REA-00287","859569002877"
"REA-23181","094922231819"
"BIT-22361","5999076223619"
"TWL-00608","027434006088"
"TWL-00609","TWL-00609"
"TWL-00355","027434003551"
"TWL-03207_дубль","027434032070"
"TWL-00670","027434006705"
"TWL-03206","027434032063"
"TWL-01508","027434015080"
"TWL-01680","027434016803"
"OPF-870014","4820170870014"
"BIT-22742","5999076227426"
"BIT-22342","5999076223428"
"BIT-22461","BIT-22461"
"BIT-22459","5999076224593"
"BIT-23273","5999076232734"
"BIT-25526","5999076255269"
"BIT-22251","5999076222513"
"BIT-25523","5999076255238"
"BIT-25524","5999076255245"
"BIT-25522","5999076255221"
"BIT-20447","5999076204472"
"BIT-20448","5999076204489"
"BIT-23403","5999076234035"
"BIT-23404","5999076234042"
"BIT-53244","5999500532447"
"BIT-22595","5999076225958"
"BIT-24822","5999076248223"
"BIT-25755","5999076257553"
"BIT-24473","5999076244737"
"BIT-20933","5999076209330"
"BIT-20385","5999076203857"
"BIT-53252","5999500532522"
"BIT-23703","5999076237036"
"BIT-23412","5999076234127"
"BIT-23440","5999076234400"
"PRN-23574","5999076235742"
"PRN-23575","5999076235759"
"PRN-22340","5999076235735"
"PRN-23901","5999076239016"
"PRN-23879","5999076238798"
"PRN-23967","5999076239672"
"PRN-24577","5999076245772"
"PRN-23870","5999076238705"
"PRN-23568","5999076235681"
"PRN-23569","5999076235698"
"PRN-23589","5999076235896"
"PRN-23955","5999076239559"
"PRN-23900","5999076239009"
"PRN-23594","5999076235940"
"PRN-23586","5999076235865"
"PRN-23965","5999076239658"
"PRN-23877","5999076238774"
"PRN-06108","4779050061083"
"PRN-06072","4779050060727"
"PRN-06081","4779050060819"
"IRW-40360","840081403600"
"SUW-02850","814784028507"
"INF-502969","8022328102961"
"OPF-890063","4820174890063"
"MET-04250","MET-04250"
"CAL-46202","021245462026"
"OPF-670343","8051414670343"
"OPF-943294","5391520943294"
"EXT-607575","8594181607575"
"EXT-607551","8594181607551"
"EXT-607568","8594181607568"
"EXT-607605","8594181607605"
"EXT-607599","EXT-607599"
"OPF-210758","4820058210758"
"CEN-22556","740985225561"
"OPF-540070","4820222540070"
"MCL-03130","810487031301"
"OPF-586660","4820135586660"
"HAI-52218","702811522183"
"HAI-57919","634158579196"
"HAI-57918","634158579189"
"HAI-85547","634158855474"
"NWY-13661","033674136614"
"EVN-59971","5908261599712"
"AMX-22917","665553229171"
"INF-086055_дубль","4025089086055"
"NST-04018","702669934572"
"OPF-290036","4820161290036"
"SRE-01091","023249010913"
"XTL-02172","Ч002Л8Ч7ВТ"
"OMM-00822","856210008226"
"GNC-136813","X002HW0J47"
"GAI-14683","751063146838"
"SOR-03656","076280036565"
"WMA-920101","99100920101"
"HAI-46602","644216466023"
"HAI-80544","634158805448"
"PES-02393","PES-02393"
"OPF-943232","5391520943232"
"PNA-00029","Ч002ПЯАЫ4И"
"HNU-00011","850008464300"
"OPF-110164","5907529110164"
"NFS-04574","068958045740"
"OPF-030718","4820160030718"
"BPF-00166","X002RBFB69"
"DRB-00571","753950005716"
"NST-04145","857077008664"
"MCL-03203","810487032032"
"MKO-17303","X001Z3M1RR"
"NTL-07782","047469077822"
"LRL-000005","LRL-000005"
"LRL-000019","LRL-000019"
"MST-163403","4260641160013"
"DFH-40062","879452005259"
"OPF-011530","4820187011530"
"SRE-01282","023249012825"
"NPA-77901","058449779018"
"SRE-01252","SRE-01252"
"OPF-980207","OPF-980207"
"NOW-00695","733739006950"
"BIOL-560728","4820008560728"
"NTF-08616","851801008616"
"LOL-01002","858514001002"
"DFH-40063","879452005327"
"FLG-12028","X002YTDSPF"
"NOW-06007","733739060075"
"OPF-310606","4820008310606"
"NAU-62813","NAU-62813"
"COD-00023","COD-00023"
"OPF-330178","3594450330178"
"OPF-650393","4820165650393"
"HAI-60826","644216608263"
"HAI-60836","644216608362"
"HAI-58042","5060743580424"
"HAI-58012","5060743580127"
"HAI-58013","5060743580134"
"NWY-46226","033674462263"
"HAI-80546","634158805462"
"MCL-21237","810094212377"
"OPF-320046","8435041320046"
"BioticsResearch7450","780053003400"
"NFS-04507","068958045078"
"OPF-180681","4820169180681"
"OPF-180575","4820169180575"
"OPF-001778","4605370001778"
"METU-150100","3134000150100"
"METU-349878","5400433349878"
"METU-353646","5400433353646"
"NTF-08296","851801008296"
"NFS-04707","068958047072"
"OPF-691141","4820037691141"
"PES-01106","766298011066"
"OPF-180285","4820169180285"
"LKN-01416","898220014163"
"OPF-211328","4820058211328"
"OPF-674222","4820072674222"
"OPF-014817","5290931014817"
"PTP-31194","025077311941"
"PTP-76392","025077763924"
"SOR-01385","076280013856"
"LEX-24026","737870240266"
"LRL-000028","LRL-000028"
"OPF-008132","4602242008132"
"OPF-002925","4602242002925"
"ITH-16018","X000QDIJHD"
"HYL-20331","354973203310"
"MLC-25370","082982253704"
"DOU-00045","310539000458"
"NST-04030","702669934312"
"PPS-00087","X000U9DKVD"
"PES-00051","766298000510"
"CRB-01005","816907012387"
"OPF-011190","5054563011190"
"LEX-24153","737870241539"
"NTL-07778","047469077785"
"OPF-327084","8901248327084"
"OPF-337007","8901248337007"
"APN-00369","APN-00369"
"APN-00419","APN-00419"
"APN-00420","APN-00420"
"APN-00390","APN-00390"
"EVN-91946","5906395919468"
"BIOL-560742","4820008560742"
"BIOL-000065","BIOL-000065"
"BIOL-560407","4820008560407"
"NWY-13663","033674136638"
"OPF-460572","4820059460572"
"OPF-460510","4820059460510"
"OPF-005834","4602242005834"
"THR-00631","693749006312"
"PED-02306","3700225602306"
"PED-02696","3700225602696"
"AUN-64801","628504648018"
"ELV-20042","5060442520042"
"MST-161614","4260641161614"
"MST-161409","4260641161409"
"MST-163120","4260641163120"
"OPF-160128","4820150160128"
"THO-19115","031315191152"
"LRL-000016","LRL-000016"
"OPF-050661","4820031050661"
"OPF-011609","4605370011609"
"PES-12431","766298124315"
"DOU-03926","310539039267"
"MET-00194","755571939180"
"OPF-051675","4820147051675"
"CAL-83904","021245839040"
"GOL-11768","658010117685"
"DOU-98005","310539980057"
"HPI-11235","083502112358"
"DIO-99992","743474999929"
"LEX-23613","737870236139"
"GNC-207540","048107207540"
"PES-02456","766298024561"
"GEN-00119","868054000342"
"CGN-01132","898220011322"
"CGN-01721","898220017218"
"BioticsResearch3034","Ч0035ПГПЬЕ"
"MCL-03273","810487032735"
"MCL-03294","810487032940"
"MCL-03359","810487033596"
"MCL-03434","810487034340"
"MCL-03612","810487036122"
"MCL-03651","810487036511"
"MCL-03655","810487036559"
"MCL-03663","810487036634"
"MCL-03686","810487036863"
"MCL-03875","810487038751"
"MCL-03931","810487039314"
"TGB-22010","039278220100"
"IRW-59185","710363591854"
"IME-36250","715783362503"
"OPF-670248","4820072670248"
"NOW-07908","733739079084"
"NAP-47626","097467476264"
"NAP-47627","097467476271"
"NAP-03956","097467039568"
"NWY-41030","033674410301"
"NBC-00300","728177003005"
"OPF-210147","4820058210147"
"RLT-20152","021888201525"
"RLT-20153","021888201532"
"RLT-21723","021888217236"
"RLT-21724","021888217243"
"RLT-21725","021888217250"
"NAP-41005","097467410053"
"MKD-00809","850312008092"
"THR-01250","693749012504"
"THR-01248","693749012481"
"COD-00002","X001VR70AF"
"SBL-00162","896116001624"
"NBB-15362","371400153628"
"NFS-01253","068958012537"
"NFS-01378","068958013787"
"SRE-09114","023249091141"
"ORI-50758","801541507580"
"ABK-10003","020065100033"
"LRL-000041","LRL-000041"
"LRL-000043","LRL-000043"
"LRL-000028_дубль","000028"
"LRL-000018_дубль","LRL-000018"
"LRL-000034","LRL-000034"
"OPF-313803","3800003313803"
"GAI-99666","751063996662"
"WMA-207101","99101207101"
"OPF-435487","4820142435487"
"PTR-02184","Ч002ИА9ТГ1"
"DYZ-22616","705016226160"
"OPF-550073","4820136550073"
"SYN-00474","852971004743"
"PTP-51855","025077518555"
"PTP-52381","025077523818"
"PTP-10610","074312106101"
"GEN-00112","850098008125"
"GEN-00130","850098008286"
"METU-066706","5400433066706"
"WMA-892101","99100892101"
"BOC-00238","BOC-00238"
"BOC-54401","310119544013"
"HBP-00028","090700000288"
"VTN-02019","Ч000Ч5777Р"
"NFS-01748","068958017488"
"DOU-98006","310539980064"
"ECL-38871","023363388714"
"MCL-03256","810487032568"
"INF-500378","8022328500378"
"INF-004486","2214010004486"
"INF-103500","8022328103500"
"ATN-02549","816401025494"
"CLF-05531","015794055310"
"IRW-40255","840081402559"
"OPF-465592","5907529465592"
"PUR-00704","659670007040"
"NEX-21581","3700225621581"
"MTC-72001","633924720015"
"DFH-40145","Ч000ГМЗАЫ7"
"BIOL-560940","4820008560940"
"SWV-11707","087614117072"
"ERB-45526","689269455266"
"INF-003373","2214010003373"
"NEX-00784","3700225600784"
"NEX-00777","3700225600777"
"BRY-16008","646858160086"
"B07LB4NYSH","42298557"
"NFS-01642","068958016429"
"CLF-50988","015794050988"
"PTR-00001","X002BIBMEN"
"NTA-00718","083000007187"
"NRT-79339","074312793394"
"AUR-92116","051381921163"
"OPF-781029","4820096781029"
"HBP-80021","HBP-80021"
"NEX-20492","3700225620492"
"SWV-06031","087614060316"
"INF-103210","8022328103210"
"BIOL-000124","BIOL-000124"
"ENZ-10111","670480101117"
"ENZ-22036","670480220368"
"HAI-60836_дубль","HAI-60836"
"BRM-11521","039978115218"
"HAI-58092","5060743580929"
"SRE-01225","SRE-01225"
"BIOL-560896","4820008560896"
"ENR-00100","873024001007"
"DOU-83088-60X","310539011683"
"NWY-13362","033674133620"
"BIOP-530000","8380000000296"
"GNC-304412","048107195588"
"GOL-11760","658010117609"
"HOD-939344","5453003939344"
"OLB-50620","715486506204"
"KEV-01115","816536011157"
"GOL-12529","658010125291"
"HEE-10017","787647100170"
"HEE-20091","787647200917"
"THR-00282","693749002826"
"NOR-01536","768990015366"
"BIOL-000089","BIOL-000089"
"MCL-03624","810487036245"
"SWV-11813","087614118130"
"INF-101377","8022328101377"
"NAU-62801","628110628015"
"INF-007944","2214010007944"
"ALG-77210","713947772106"
"OPF-550202","4820136550202"
"KIN-17111","602652171116"
"ZAR-42413","ZAR-42413"
"AGE-00822","853919008229"
"SRE-01033","023249010333"
"NCR-06053","NCR-06053"
"OPF-550158","4820136550158"
"NEX-00814","3700225600814"
"NEX-00807","3700225600807"
"LID-600852","3700225600852"
"CCM-00015","313992001017"
"LSE-00215","853760002155"
"LSE-00211","853760002117"
"LSE-00203","853760002032"
"LSE-00201","853760002018"
"NTL-07779","047469077792"
"OPF-654566","6906579654566"
"YSO-12180","726635121803"
"MKD-00862","850312008627"
"BIOL-560599","BIOL-560599"
"NOW-07909","733739079091"
"OPF-011509","4820187011509"
"OPF-530034","4820078530034"
"KLL-65137","X001TM7MTV"
"OSL-01395","898220013951"
"SNN-14610","850001146104"
"CLR-00001","041100806574"
"FHH-00087","895749000875"
"sale-AMH-16974","16974"
"sale-HRP-82571","82571"
"sale-NOW-01295","01295"
"sale-NOW-02698","02698"
"sale-NOW-04628","04628"
"sale-NOW-04638","04638"
"sale-PTP-11822","11822"
"PTP-15255-d-1","15255"
"sale-PTP-16006","16006"
"sale-SOL-00914","00914"
"sale-SOL-00962","00962"
"SOL-03725-d-1","SOL-03725-d-1"
"sale-SOL-30721","30721"
"sale-SOR-04710","04710"
"sale-SOR-46105","46105"
"SOR-47105-d-1","47105"
"sale-THO-19321","19321"
"TMR-00110-d-1","00110"
"CAL-92525","021245925255"
"NOW-05835","733739058355"
"BOC-38760","324208387603"
"THR-00662","693749006626"
"THR-01215","693749012153"
"THR-01311","693749013112"
"XTL-02170","02170"
"LRL-000009","LRL-000009"
"NOW-07648","733739076489"
"HBP-00046","090700000462"
"GAI-26009","850026260090"
"NTL-07797","047469077976"
"BIO-531057","4820236531057"
"BIO-531071","4820236531071"
"SWV-01364","087614013640"
"BIOP-530001","8380000000777"
"BIOP-530002","8380000000722"
"RDH-00156","355724001568"
"PTP-00010","025077000104"
"KLL-65157","709616770061"
"ENZ-16005","670480160053"
"DEV-00001","895634000010"
"SOR-26202","076280262025"
"CAL-17445","021245174455"
"BIO-531033","4820236531033"
"BIO-531040","4820236531040"
"WAK-11145","WAK-11145"
"SOR-73176","SOR-73176"
"SOR-36673","076280366730"
"SOR-84696","076280846966"
"GEN-02276","883196136407"
"BIOP-530003","8380000000302"
"BIT-25534","5999076222421"
"NOO-00001","NOO-00001"
"NAO-88101","716514881010"
"NOW-02065","733739020659"
"NAP-82020","097467820203"
"KLL-65188","KLL-65188"
"BIOL-560414-1-1","BIOL-560414-1"
"RED-00122","RED-00122"
"EXD-000276","300672039910"
"PES-01210","766298012100"
"FHH-00224","896593002244"
"NWY-13400","033674134009"
"CLF-02485","015794024859"
"PES-01630","766298016306"
"YOU-92009","850021920098"
"CGN-01922","898220019229"
"GNC-208612","Ч002Ч15ДАО"
"WAK-10642","023542106429"
"GNC-735922","048107170509"
"NAP-00963","097467009639"
"NAP-01091","097467010918"
"NAP-01650","097467016507"
"NAP-02560","097467025608"
"NAP-03009","097467030091"
"NAP-03091","097467030916"
"NAP-03363","097467033634"
"NAP-45965","097467459656"
"NAP-33645","097467336452"
"NAP-33410","097467334106"
"NAP-04332","097467043329"
"NAP-04460","097467044609"
"NAP-04832","097467048324"
"NAP-04833","097467048331"
"NAP-29927","097467299276"
"NAP-30741","097467307414"
"NAP-30743","097467307438"
"DFH-40023","879452001404"
"GOL-11708","GOL-11708"
"ZNW-72018","810091720189"
"DNH-10177","790223101775"
"PES-01783","766298017839"
"LNG-00001","5010058089785"
"SWV-14260","087614142609"
"UNN-02701","039442027016"
"BIOL-000022","BIOL-000022"
"BIO-531088","4820236531088"
"BIO-531118","4820236531118"
"BIO-531101","4820236531101"
"BIO-531149","4820236531149"
"BIO-531156","4820236531156"
"DIO-99990","743474999905"
"KRK-10054","096619416073"
"NTA-00611","083000006111"
"SOL-00760","033984007604"
"PES-02211","766298022116"
"NOW-00033","733739000330"
"NOW-00385","733739003850"
"NOW-00694","733739006943"
"NOW-00825","733739008251"
"NOW-00890","733739008909"
"NOW-00892","733739008923"
"NOW-01430","733739014306"
"NOW-01460","733739014603"
"NOW-01656","733739016560"
"NOW-03242","733739032423"
"NOW-04030","733739040305"
"NOW-04678","733739046789"
"NTL-07781","047469077815"
"NFS-02804","068958028040"
"KLL-65218","KLL-65218"
"NWY-45240","033674452400"
"KONP-002828","892201002828"
"BIOL-560391","4820008560391"
"NST-04173","702669934565"
"DRB-00500","753950005006"
"SPS-90310","076635903108"
"CAL-31937","021245319375"
"CAL-36539","021245365396"
"CAL-68555","021245685555"
"CAL-80310","021245803102"
"CAL-81123","021245811237"
"CAL-93210","021245932109"
"SOR-04115","076280041156"
"SOR-04596","076280045963"
"SOR-04680","076280046809"
"SOR-04690","076280046908"
"EAT-96492","704694096492"
"SOR-04730","076280047301"
"ZHO-00631","859805006317"
"ZHO-00612","859805006126"
"SOR-94522","076280945225"
"SOR-64630","076280646306"
"SOR-47304","076280473049"
"SOR-47295","076280472950"
"SOR-37767","076280377675"
"SOR-31475","076280314755"
"SOR-04903","076280049039"
"SOR-08370","076280083705"
"SOR-08520","076280085204"
"SOR-11104","076280111040"
"MCL-03355","810487033558"
"NOW-04304","733739043047"
"NBT-02117","089094021177"
"AMX-22353","665553223537"
"BIO-531132","4820236531132"
"BIO-531125","4820236531125"
"HAV-464056","Ч002Д0ГЙФР"
"PTR-02194","PTR-02194"
"BIOL-000105","BIOL-000105"
"GNC- 255414","048107177683"
"MST-4","MST-4"
"GNC-774612","Ч0028Ц0ЕЯЯ"
"CEN-22424","740985224243"
"JRW-29077","790011290773"
"DFH-40032","879452000513"
"PAR-77888","601944778880"
"DRB-00573","753950005730"
"BIOL-561022_дубль","4820008561022"
"BIOL-560599_дубль","BIOL-000117"
"UNN-04707","039442047076"
"KHC-10668","696916106686"
"VTP-00505","850232005058"
"NDX-09348","728650093486"
"BAB-07180","679234071805"
"TMR-00318","878941003189"
"TMR-00319","878941003196"
"POW-51150","4820231511504"
"TMR-00342","878941003424"
"TMR-00277","878941002779"
"TMR-00341","878941003417"
"TMR-00358","878941003585"
"TMR-00276","878941002762"
"TMR-00359","878941003592"
"TMR-00066","878941000669"
"TMR-00076","878941000768"
"TMR-00030","878941000300"
"TMR-00327","878941003271"
"TMR-00036","878941000362"
"TMR-00038","878941000386"
"TMR-00126","878941001260"
"TMR-00099","878941000997"
"TMR-00274","878941002748"
"TMR-00352","878941003523"
"TMR-00261","878941002618"
"NEX-20119","3700225620119"
"GNC-17052","048107170523"
"JRW-18028","790011180289"
"NTL-07150","047469071509"
"TMR-00498","878941004988"
"AGE-00810","853919008106"
"ELFA-929090","072140025540"
"HET-79471","Ч002СЙЯЩ11"
"BioticsResearch3025","BioticsRese"
"ALG-77670","713947776708"
"PES-02197","766298001869_"
"GOL-11624","658010116244"
"MET-04128","755571912046"
"LSE-00218","853760002186"
"OPT-01505","350520015054"
"DVI-00237","DVI-00237"
"DEM-95626","850002956269"
"KIM-00311","812325024179"
"PES-00664","766298006642"
"BioticsResearch1428","780053001437"
"FRO-02826","089836028266"
"MGF-10411","051494104118"
"NSK-56396","673869563964"
"PES-01712","766298022642"
"MTC-72006","633924720060"
"NWY-13369","033674133699"
"BPX-78003","X00161CUPL"
"NWY-15891","033674158913"
"HNU-00002","HNU-00002"
"MET-91367","755571913678"
"BioticsResearch1152","X002H2JKR"
"YOU-00785","850502007850"
"MCL-21214","810094212148"
"MCL-03644","810487036443"
"GUM-00144","835776001445"
"UNN-03047","039442030474"
"SPS-90080","076635900800"
"PNA-00166","PNA-00166"
"MET-92903","755571929037"
"HOR-00001","840050600993"
"SOR-54901","076280549010"
"NOW-00386","733739003867"
"NWY-14500","033674145005"
"BRM-11539","039978115393"
"BRM-02536","039978025364"
"SWV-02534","087614025346"
"PTP-00038","025077000388"
"SRE-09153","023249091530"
"JRW-32008","790011320081"
"NOW-00169-1","NOW-00169-1"
"PAP-33193","687735331939"
"NOW-03251-d-1","NOW-03251-d-1"
"LEX-19456-d-1","LEX-19456-d-1"
"CAR-01714-d-1","CAR-01714-d-1"
"SKH-52044","810007520445"
"DFH-40074","879452002678"
"FOA-01480","818594014804"
"KLL-65091","828054006300"
"GOL-11803","658010118033"
"CAL-39022","021245390220"
"PLF-40003","840052400034"
"DRA-00306","679372003065"
"BIO-531224","4820236531224"
"CAL-95593","021245955931"
"KAT-01344","Ч002РДЬЛЩА"
"NOR-56780-d-1","NOR-56780-d-1"
"LKN-01779","898220017799"
"BAB-07533","679234075339"
"DRA-00546","679372005465"
"NOW-00330-d-1","NOW-00330-d-1"
"NRT-00694","074312006944"
"THR-01253","693749012535"
"THR-50202","693749502029"
"NEL-12896-d-1","0161851289651"
"LFH-50618","645951506180"
"NPU-22131","ч001лявт3м"
"GNC-184912","Ч0039Ш32С9"
"BAC-20661","741273206613"
"SWV-11386","087614113869"
"ENZ-10031","670480100318"
"NOW-04789","733739047892"
"MIQ-00001","9421031781187"
"GNC-16111","048107161118"
"LEX-24293","737870242932"
"CAL-14519","021245145196"
"CAL-26371","021245263715"
"CAL-57742","021245577423"
"CAL-58133","021245581338"
"CAL-95583","021245955832"
"SOR-83420","076280834208"
"ZAN-32235","041954322350"
"ZHO-16359","669191163590"
"ZHO-81181","669191811811"
"ZHO-96739","669191967396"
"OMM-55325","850030553256"
"DVI-00217","Ч0033КЗ6ЛК"
"HBI-01585","898220015856"
"NSK-62150","718879621508"
"ZNW-72002","810091720028"
"SOR-89504","076280895049"
"UNN-03055","039442030559"
"WED-09666","4001638096669"
"LKN-02003","898220020034"
"PES-00528","766298005287"
"NAP-30740","097467307407"
"ATN-02216","816401022165"
"BPX-78027","849440005097"
"sale-DNH-10075","10075"
"ARG-53660-d-1","53660"
"sale-PTP-11800","11800"
"sale-PES-00476","00476"
"sale-HOG-85734","85734"
"sale-ENZ-29010","29010"
"sale-ENZ-13041","13041"
"sale-DOU-01209","01209"
"sale-THR-72602","72602"
"sale-MCL-03086","03086"
"sale-PES-01430","01430"
"sale-LEX-19391","19391"
"sale-LEX-19133","19133"
"sale-THR-60501","60501"
"sale-LEX-15136","15136"
"sale-TMR-00497","00497"
"sale-LEX-18139","18139"
"sale-LFH-74422","74422"
"sale-SWV-02764","02764"
"sale-PTP-15317","15317"
"sale-BIO-530326","530326"
"sale-BIO-530050","530050"
"sale-BIO-530241","530241"
"sale-BIO-530166","530166"
"BIO-530234-d-1","530234"
"sale-BIO-530357","530357"
"sale-BIO-530364","530364"
"sale-BIO-530340","530340"
"sale-BIO-530142","530142"
"sale-BIO-530258","530258"
"sale-THR-71302","71302"
"sale-SOR-38169","38169"
"sale-DRB-00277","00277"
"THR-00464-d-1","00464"
"THR-04809-d-1","THR-04809-d-1"
"sale-ENZ-10081","10081"
"NTL-06323-d-1","06323"
"LEX-16611-d-1","16611"
"sale-PES-01333","01333"
"THR-16801-d-1","THR-16801-d-1"
"sale-PES-01069","01069"
"sale-DRB-00328","00328"
"sale-LEX-20406","20406"
"sale-NOR-02732","02732"
"sale-THR-50001","50001"
"sale-NOR-31160","31160"
"sale-THO-24169","24169"
"sale-THR-12801","12801"
"sale-CAR-01290","01290"
"JRW-29042-d-1","JRW-29042-d-1"
"sale-LEX-17136","17136"
"LEX-17186-d-1","17186"
"sale-LEX-17586","17586"
"sale-SWV-02672","02672"
"sale-THR-15202","15202"
"sale-SWV-11251","11251"
"sale-SOL-01049","01049"
"sale-RLT-10311","010311"
"sale-DRB-00256","00256"
"sale-NCR-90074","90074"
"LEX-17261-d-1","000000017261"
"sale-JRW-14087","14087"
"sale-CAR-00554","00554"
"sale-LEX-16583","16583"
"sale-SWV-02262","02262"
"DOU-00295-d-1","00295"
"sale-LEX-16896","16896"
"sale-DOU-83050","83050"
"sale-PTP-15432","15432"
"sale-DRB-00153","00153"
"sale-TMR-00059","00059"
"sale-ENZ-29090","29090"
"sale-CAR-43510","43510"
"sale-JRW-29049","29049"
"DRB-00085-d-1","000000000085"
"sale-KLL-00116","00116"
"sale-PES-00382","00382"
"THR-33202-d-1","33202"
"sale-JRW-16028","16028"
"sale-SWV-08029","08029"
"sale-DRB-00195","00195"
"sale-SWV-01950","01950"
"sale-ZHO-00627","00627"
"sale-NTL-07144","07144"
"LEX-33106-d-1","33106"
"sale-SWV-01542","01542"
"sale-NTL-03001","03001"
"sale-DOU-03762","03762"
"sale-THR-24302","24302"
"sale-RLT-11342","11342"
"sale-NCR-00373","00373"
"sale-NCR-90058","90058"
"sale-LEX-37310","37310"
"sale-JRW-13008","13008"
"sale-PTP-13835","13835"
"LEX-19881-d-1","19881"
"sale-CAL-84012","84012"
"sale-CAL-84006","84006"
"sale-GSB-091474","091474"
"sale-CAR-15310","15310"
"sale-THR-64003","64003"
"sale-JRW-18006","18006"
"sale-CAL-74490","74490"
"sale-DOU-00650","00650"
"THR-00625-d-1","00625"
"sale-THR-80402","80402"
"sale-DOU-03479","03479"
"sale-PES-00221","00221"
"sale-MCL-01912","01912"
"sale-THR-75802","75802"
"sale-HOG-55518","55518"
"ENZ-20141-d-1","20141"
"sale-ENZ-13010","13010"
"sale-CAR-15320","15320"
"NOR-01816-d-1","01816"
"sale-NOR-02775","02775"
"sale-TMR-00230","00230"
"LEX-14696-d-1","14696"
"GUM-00106","835776001063"
"PTP-27816-d-1","PTP-27816-d-1"
"GEN-00125","850098008064"
"sale-CAR-05910","05910"
"sale-JRW-18001","18001"
"THR-11502-d-1","11502"
"sale-SWV-01140","01140"
"sale-SWV-11054","11054"
"sale-TMR-00081","00081"
"sale-THR-00629","00629"
"sale-TMR-00448","00448"
"sale-SWV-01902","01902"
"sale-THR-13201","13201"
"sale-THR-76902","76902"
"sale-HOG-55515","55515"
"LEX-21216-d-1","21216"
"LEX-19371-d-1","19371"
"sale-NOW-01607","01607"
"sale-PES-00458","00458"
"LEX-18596-d-1","18596"
"sale-MCL-03095","03095"
"sale-HOG-88428","88428"
"sale-DRB-00136","00136"
"RLT-21703","021888217038"
"sale-NOW-01650","01650"
"sale-ZHO-00632","00632"
"sale-NOW-02960","02960"
"sale-NOW-02210","02210"
"NOO-00006","X002RYK29R"
"NOW-01757-d-1","NOW-01757-d-1"
"PES-00475","766298004754"
"PNA-00002","81907001449"
"PES-MI31","ДЗТККВУ317442"
"LEX-24143","737870241430"
"FXD-00866","076660008663"
"SOR-10369","076280103694"
"VTA-31648","VTA-31648"
"IRW-40456","840081404560"
"CGN-01902","898220019021"
"BioticsResearch5300","Ч001ЕЫ9Ч79"
"BLB-00729","743715007291"
"NOW-02973","733739029737"
"KLL-65046","Ч001КЙИШ35"
"MST-160822","4260641160822"
"BPX-78028","X001554KG5"
"NRT-00847","074312008474"
"BIO-531194","4820236531194"
"BIO-531200","4820236531200"
"BIO-531217","4820236531217"
"BIO-531170","4820236531170"
"BIO-531163","4820236531163"
"BIO-531187","4820236531187"
"ZNW-72029","810091720295"
"MKD-72043","810057720437"
"DRB-00596","753950005969"
"DWS-27203","DWS-27203"
"MIZ-54042","8809743540420"
"BIE-23458","019100234581"
"MCL-01044-d-1","MCL-01044-d-1"
"sale-NOR-31130","31130"
"sale-NOW-00013","00013"
"sale-NOW-00330","00330"
"sale-NOW-00364","00364"
"sale-NTL-00510","00510"
"sale-PTP-16011","16011"
"sale-PTP-17621","17621"
"PTP-27814-d-1","27814"
"sale-PTP-35872","35872"
"sale-PTP-78826","78826"
"SOR-08130-d-1","08130"
"sale-SOR-08252","08252"
"OMM-55323","850030553232"
"SOL-00655","033984006553"
"sale-DRB-00209","00209"
"PES-01097","766298010977"
"PES-00004","766298000046"
"SWV-01058","087614010588"
"ENZ-14056","670480140567"
"EXD-039248","300672039248"
"DOU-00380","Ч002РДШЯ0Ч"
"NRT-00238","074312002380"
"FLG-12010","FLG-12010"
"ENZ-10126","670480101261"
"BLB-00703","743715007031"
"PNA-00161","Ч000Ш8Д077"
"NEL-13260","016185132603"
"GLDU-001126","3522930003366"
"NNR-32662","837654326626"
"sale-BIO-530333","530333"
"sale-BIO-530067","530067"
"sale-BIO-530043","530043"
"sale-BIO-530456","530456"
"sale-BIO-530432","530432"
"sale-BIO-530449","530449"
"sale-BIO-530395","530395"
"sale-BIO-530371","530371"
"sale-BIO-530388","530388"
"sale-BIO-530401","530401"
"sale-BIO-530425","530425"
"sale-BIO-530418","530418"
"sale-BIO-530630","530630"
"sale-SWV-01855","01855"
"sale-KLL-01802","01802"
"sale-THR-77103","77103"
"sale-DRB-00104","00104"
"sale-DRB-00133","00133"
"sale-THR-00366","100366"
"THR-04800-d-1","04800"
"sale-ARG-57281","57281"
"sale-THR-76002","76002"
"sale-NFS-03544","03544"
"sale-LFH-78725","78725"
"sale-PTP-18556","18556"
"sale-SWV-01877","01877"
"PES-00937-d-1","PES-00937-d-1"
"CAL-65185-d-1","65185"
"sale-GSB-091597","091597"
"sale-PES-00444","00444"
"sale-SOL-03317","03317"
"sale-MCL-03148","03148"
"LEX-17539-d-1","17539"
"sale-SWV-11210","11210"
"sale-SWV-01106","01106"
"sale-RLT-10972","10972"
"sale-NAP-29954","29954"
"sale-NOR-30120","30120"
"sale-THR-78703","78703"
"sale-NAP-29988","29988"
"sale-SWV-01872","01872"
"sale-DRB-00086","00086"
"LEX-34510-d-1","LEX-34510-d-1"
"sale-JRW-15017","15017"
"sale-DOU-20051","20051"
"PES-00097-d-1","PES-00097-d-1"
"THR-71103-d-1","THR-71103-d-1"
"sale-HOG-57888","57888"
"sale-HOG-57884","57884"
"LEX-19936-d-1","LEX-19936-d-1"
"sale-DOU-04016","04016"
"sale-DRB-00405","00405"
"sale-DRB-00111","00111"
"sale-LEX-19516","19516"
"sale-SWV-02035","02035"
"NEL-09657-d-1","09657"
"sale-DOU-04058","04058"
"sale-SWV-11644","11644"
"sale-SWV-01057","01057"
"sale-MCL-01610","01610"
"sale-HOG-52442","52442"
"sale-PES-00091","00091"
"sale-THR-00479","00479"
"DOU-97759-d-1","97759"
"sale-SWV-04078","04078"
"sale-NTL-16156","16156"
"sale-GSB-091573","091573"
"sale-DNH-65664","65664"
"sale-MCL-03234","03234"
"sale-NCR-90151","90151"
"sale-CAL-71875","71875"
"MCL-03152-d-1","03152"
"LEX-15046-d-1","LEX-15046-d-1"
"OST-11601","5902232611601"
"sale-MCL-01732","01732"
"sale-MCL-01250","01250"
"sale-DRB-00458","04580"
"ENZ-98111-d-1","98111"
"sale-ENZ-20210","20210"
"sale-ENZ-24150","24150"
"sale-ENZ-98130","98130"
"sale-PES-01475","01475"
"sale-PES-00558","00558"
"sale-PES-00830","00830"
"sale-MCL-03434","03434"
"PTP-13531-d-1","13531"
"sale-DNH-10049","10049"
"THR-00568-d-1","00568"
"sale-PES-00239","00239"
"sale-THR-75703","75703"
"sale-FHH-00218","00218"
"sale-FHH-00217","00217"
"sale-ENZ-20140","20140"
"sale-THR-74202","74202"
"sale-PES-01722","01722"
"sale-GSB-091498","091498"
"sale-NOR-01791","01791"
"PES-01616-d-1","01616"
"sale-NOR-06110","06110"
"sale-SOR-61009","61009"
"sale-NTL-00997","00997"
"PTP-10154-d-1","10154"
"sale-PTP-10148","10148"
"sale-THR-00634","00634"
"sale-NCR-90128","90128"
"sale-PTP-59963","59963"
"sale-NCR-00364","100364"
"LFH-73314-d-1","73314"
"sale-DOU-97770","97770"
"sale-THR-78802","78802"
"sale-PES-00181","00181"
"LEX-33006-d-1","LEX-33006-d-1"
"MAG-00204","858631002043"
"sale-PTP-17897","17897"
"sale-ARG-56370","56370"
"sale-ARG-50850","50850"
"SWV-11613","087614116136"
"GMN-15852","X001IMBISD"
"RLT-21715","021888217151"
"DVI-00192","Ч0033КМФОТ"
"GNC-154905","048107154905"
"DEV-00025","895634000256"
"PTR-00002","Ч002ВЗН3ГЕ"
"QST-00859","888849008599"
"DWS-00775","Ч002Л7СВ3Е"
"BIOL-561084","4820008561084"
"BIOL-560216","4820008560216"
"MCL-21008","810094210083"
"XLR-00264","700596002647"
"PES-10799","766298107998"
"NOW-00040","733739000408"
"METU-285268","5400433285268"
"METU-068724","5400433068724"
"BLK-00001","Ч000РГГФЧИ"
"SOR-01160","076280011609"
"LEX-17380","737870173809"
"SWV-01893","087614018935"
"CAL-58646","021245586463"
"DRB-00592","753950005921"
"ENR-00101","873024001014"
"BIO-531231","4820236531231"
"NAU-62826","628110628268"
"SRE-01159","023249011590"
"DEM-95650","850002956504"
"DOU-02208","X000SJWX9P"
"SOL-30335","033984303355"
"SBF-12187","020525121875"
"LEX-25096","737870250968"
"HFS-36162","010043361624"
"MCL-03135","810487031356"
"GEN-02256","Ч0012ЯР6ЙЕ"
"CGN-01156","898220011568"
"NRX-75556","850005755562"
"NWY-10006","033674100066"
"WRS-13142","Ч00225ЫДЙ7"
"ECN-00014","892985000140"
"GNC-214312","GNC-214312"
"NRT-59388","074312593888"
"YOU-00782","850502007829"
"BioticsResearch1740","780053000836"
"NFS-02617","068958026176"
"NRE-00003","831657000132"
"BioticsResearch3002","Ч001ЦШП5УА"
"NST-04038","857077008688"
"DBE-79000","810110790001"
"NBC-00460","728177004606"
"PLY-60632","631656606324"
"AZQ-00722","898220007226"
"SMA-02061","817053020615"
"SOR-54433","076280544336"
"GNC-202021","048107207892"
"ZHO-89522","669191895224"
"BIOL-560384","4820008560384"
"ITH-16009","ITH-16009"
"EME-45684","356163456841"
"GNC-304211","Ч00221Я00И"
"GNC-236912","Ч002ЩР9Р25"
"MGF-10462","051494104620"
"VTN-02300","X0018RXK5H"
"CAL-21068","021245210689"
"GNC-124813","X002JIMASH"
"SOL-00521-d-1","SOL-00521-d-1"
"DOU-07405","Ч000ЫОЦНЯТ"
"MGF-10440","051494104408"
"NOW-01650-d-1","7337390165081"
"PTP-32948-d-1","PTP-32948-d-1"
"PTP-15580-d-1","PTP-15580-d-1"
"SOR-20677-d-1","SOR-20677-d-1"
"SOR-45931-d-1","SOR-45931-d-1"
"GNC-424654","048107182076"
"BOS-14813","306960148135"
"NOW-00476-d-1","NOW-00476-d-1"
"SOL-01453-d-1","SOL-01453-d-1"
"NTC-00001","371400522011"
"NOW-01652-d-1","NOW-01652-d-1"
"NAP-99662","097467996625"
"NAP-03760","097467037601"
"OMM-99621","850011996218"
"ERC-00338","857307003384"
"HBI-01578","898220015788"
"NEL-13262","016185132627"
"TMR-00496","878941004964"
"NFS-02854","068958028545"
"NWY-10501","033674105016"
"WMA-094101","99100914101"
"NFS-01720","068958017204"
"HEE-10018","787647100187"
"APL-56086","и081тч5дяч"
"SWW-14818","850000148185"
"SOR-00832","076280008326"
"AGE-00852","853919008526"
"NFS-35490","068958354903"
"NTL-07281","047469072810"
"NEX-600616","3700225600616"
"ITH-16072","Ч001Й1ШШИ1"
"CAL-89160","021245891604"
"PHV-41035","850023410351"
"DOP-52373","4009932523737"
"DOP-52474","4009932524741"
"DOP-52676","4009932526769"
"DOP-52761","4009932527612"
"MET-91026","755571910264"
"NOW-04229","733739042293"
"GMN-12037","048107120375"
"PEN-97533","026664975331"
"SSH-21051-01","7350057187135"
"SSH-21052-01","SSH-21052-01"
"SSH-21055-01","7350057186602"
"SSH-21059-01","7350057185995"
"SSH-21060-01","7350057186619"
"SSH-21061-01","7350057185988"
"SSH-21062-01","7350057184530"
"SSH-21063-01","SSH-21063-01"
"SSH-21070-01","SSH-21070-01"
"SSH-21074-01","7350057184431"
"SSH-21075-01","7350057185728"
"SSH-09003-01","7350057183366"
"SSH-09004-01","2000000442310"
"SSH-09007-01","SSH-09007-01"
"SSH-09010-01","7350057183342"
"SSH-10376-01","2000000442334"
"SSH-10377-01","7350057184509"
"SSH-10382-01","SSH-10382-01"
"SSH-09904-01","SSH-09904-01"
"SSH-09905-01","7350057184189"
"SSH-09906-01","2000000442327"
"SSH-09903-01","7350057184493"
"SSH-21270-01","7350057187319"
"SSH-21271-01","SSH-21271-01"
"SSH-21272-01","7350057185841"
"SSH-21273-01","7350057185834"
"SSH-21274-01","7350057185858"
"SSH-21276-01","SSH-21276-01"
"SSH-21277-01","7350057186473"
"SSH-21121-01","7350057186381"
"SSH-21122-01","SSH-21122-01"
"SSH-21126-01","SSH-21126-01"
"SSH-21129-01","SSH-21129-01"
"SSH-21130-01","7350057186480"
"SSH-21131-01","7350057186466"
"SSH-21071-01","7350057185599"
"SSH-21141-01","7350057187203"
"SSH-21140-01","2000000442372"
"SSH-21142-01","7350057185582"
"SSH-21144-01","7350057184417"
"SSH-11462-01","2000000442358"
"SSH-07017-01","7350057182109"
"SSH-07016-01","7350057181997"
"SSH-07011-01","7350057182000"
"SSH-07012-01","7350057181980"
"GNC-179522","048107227050"
"DOU-97951","310539979518"
"THR-01353","693749013532"
"AMH-16974-d-1","AMH-16974-d-1"
"CAR-02381-d-1","CAR-02381-d-1"
"CAL-39022-d-1","CAL-39022-d-1"
"NTL-05234-d-1","NTL-05234-d-1"
"NOW-03036-d-1","NOW-03036-d-1"
"NOW-01743-d-1","NOW-01743-d-1"
"NOW-02944-d-1","NOW-02944-d-1"
"NOW-08301-d-1","NOW-08301-d-1"
"NOW-04735-d-1","7337390473591"
"PES-00364-d-1","Ч000КОО6ОД"
"PTP-14596-d-1","PTP-14596-d-1"
"PTP-11410-d-1","PTP-11410-d-1"
"SOR-36664-d-1","SOR-36664-d-1"
"SOL-02701-d-1","SOL-02701-d-1"
"SOR-64630-d-1","SOR-64630-d-1"
"ALG-77530-d-1","ALG-77530-d-1"
"GOL-13089","658010130899"
"SWV-02990","087614029900"
"DIO-91004","743474910047"
"EQU-50019","745998500193"
"SOL-01205","033984012059"
"MCL-03648","810487036481"
"VTP-89226","850005892267"
"LEX-24016","737870240167"
"CAR-14560","088395145605"
"GMN-15992","048107226961"
"MCL-21099","810094210991"
"SWV-01786","087614017860"
"MET-04146","755571018250"
"NST-04109","702669934244"
"ZNW-72004","810091720042"
"GNC-201622","048107226947"
"JRW-20045","790011200451"
"NAP-03764","097467037649"
"EVC-10771","841320107716"
"GNC-211812","048107227067"
"ATY-59079","ATY-59079"
"SSD-99345","X002MD5P13"
"NPU-22079","Ч001ЦЫИ07Р"
"SOL-30319","033984303195"
"SWV-11330","087614113302"
"CEN-27590","740985275900"
"SIM-25519","094841255194"
"BIOL-560148","4820008560148"
"NPU-22119","X002OYZYED"
"SBLU-564173","5060216564173"
"SBLU-560779","5060216560779"
"SBLU-564081","5060216564081"
"SBLU-820094","5060149820094"
"SBLU-820070","5060149820070"
"SBLU-560151","5060216560151"
"SBLU-561295","5060216561295"
"SBLU-560458","5060216560458"
"SBLU-560168","5060216560168"
"SBLU-820544","5060149820544"
"SBLU-564098","5060216564098"
"SBLU-561318","5060216561318"
"SBLU-560724","5060216560724"
"NFS-04993","068958049939"
"AUN-64823","628504648230"
"NRT-00696","074312006968"
"IRW-40287","840081402870"
"BIOL-000014","BIOL-000014"
"SWV-21034","087614210346"
"NBT-02115","089094021153"
"BIOL-560971","4820008560971"
"GMN-15492","Ч003ФМ20ЬВ"
"NST-04088","702669937603"
"SWV-19027","087614190273"
"SRE-01345","023249013457"
"FXD-30021","076660300217"
"YUV-61032","810048610327"
"BIOL-560230","4820008560230"
"CAL-62827","021245628279"
"SRE-00458","023249004585"
"BIO-531019","4820236531019"
"NOW-04821","733739048219"
"PAR-77776","601944777760"
"VVA-64410","885128644103"
"CAR-01270-d-1","0883950127091"
"NOW-03342-d-1","NOW-03342-d-1"
"SOR-64475-d-1","0762806447531"
"NOW-00033-d-1","NOW-00033-d-1"
"NOW-03880-d-1","NOW-03880-d-1"
"PTP-16105-d-1","PTP-16105-d-1"
"CDL-13000-d-1","CDL-13000-d-1"
"PTP-13070-d-1","PTP-13070-d-1"
"NOW-03875-d-1","NOW-03875-d-1"
"DFH-40158","879452002036"
"GMN-15491","048107154912"
"NOB-27407","850018274074"
"BIT-25761 дубль","5999076245697"
"NST-04019","702669934145"
"CGN-01915","898220019151"
"NTL-07340","047469073404"
"BIOL-000042","BIOL-000042"
"GOL-13180","658010131803"
"PUN-00803","854051008030"
"DOU-83199","Ч000ЫЛЦ61О"
"RNM-87701","688099877019"
"PES-00094","Ч000КОО7ИТ"
"BioticsResearch1700","X001QKRRDH"
"NFS-02057","068958020570"
"NFS-01702","068958017020"
"CAL-90823","021245908234"
"MGF-10368","051494103685"
"BIOL-080438","BIOL-560439"
"NAP-03762","097467037625"
"JRW-03069","790011030690"
"RLT-20404","021888204045"
"SWV-01993","087614019932"
"NFS-02930","068958029306"
"AGE-00802","853919008021"
"DOU-20562","DOU-20562"
"NTA-09414","083000094149"
"THR-01343","693749013433"
"NTW-00617","85808100617"
"KLL-65175","709616774069"
"NTB-84060","047868840607"
"SOR-66054","076280660548"
"PED-02733","3700225602733"
"AMX-22828","665553228280"
"NFS-02091","068958020914"
"BIOL-000161","BIOL-000161"
"GOL-11843","658010118439"
"CLF-02684","015794026846"
"WMA-075101","99100019101"
"BRM-03320","039978033208"
"BRM-02967","039978029676"
"BRM-11394","039978113948"
"ARW-68423","074333684237"
"LEX-23200","737870232001"
"KLL-65118","828054001756"
"NOR-01539","768990015397"
"CGN-01344","898220013449"
"NOW-03890-d-1","NOW-03890-d-1"
"NEL-12900-d-1","NEL-12900-d-1"
"PTP-17904-d-1","PTP-17904-d-1"
"PTP-10303-d-1","PTP-10303-d-1"
"NOW-00166-d-1","NOW-00166-d-1"
"CAR-01250-d-1","CAR-01250-d-1"
"GRP-01016","705105297903"
"CAR-04009","088395040092"
"CAR-04011","088395040115"
"CAR-15480","088395154904"
"NTA-26142","083000261428"
"NAP-03771","0974679966251"
"SOR-04212","076280042122"
"SOL-30317","033984303171"
"DBE-26117","DBE-26117"
"NOW-03402","733739034021"
"BIOL-000006","BIOL-000006"
"GNC-17405","GNC-17405"
"CGN-02070","898220020706"
"CAL-75400","021245754008"
"GFO-00004","860003135204"
"CAR-49400","088395494000"
"CGN-02024","898220020249"
"LKN-01487","898220014873"
"ABK-10002","020065100026"
"DOP-52943","4009932529432"
"NAP-59114","097467591141"
"NTA-16358","083000163586"
"NWY-13990","033674139905"
"NBA-01654","Ч00238ИКВ7"
"AMG-00054","829835000548"
"GNC-16565","048107165659"
"FPI-60886","633422608860"
"NOW-02180","733739021809"
"NOW-02185","733739021854"
"CGN-01856","898220018567"
"YTH-01928","671315019287"
"GFC-20777","083851207774"
"REN-15426","631257154262"
"PNA-00037","PNA-00037"
"LCN-33231","065743332313"
"SWV-02700","087614027005"
"KLL-65134","X001PEQJI3"
"SWV-14284","087614142845"
"PES-02187","Ч000КОО5Е7"
"ATN-02567","816401025678"
"PES-00092","PE-00600"
"PHV-41001","850023410016"
"ARH-00546","033200005469"
"BioticsResearch1170","Ч001ДЦП41М"
"NST-67069","702669933766_"
"CDL-10050","CDL-10050"
"ARH-19793","033200197935"
"ARH-19020","033200190202"
"THR-01250-d-1","THR-01250"
"CAR-13730","088395137303"
"DWS-00746","DWS-00746"
"FLP-215","FLP-215"
"NEL-13266","016185132665"
"CGN-02171","898220021710"
"NFS-04977","068958049779"
"FPI-03742","633422037424"
"DOU-02261","Ч002Ф32О4Д"
"NOR-50095","768990500954"
"SPC-32105","037014321050"
"NPU-59892","Ч001ЛЦЛЦЕК"
"PNA-01483","819070014837"
"LEX-25053","737870250531"
"NFS-04542","068958045429"
"CGN-01242","898220012428"
"ORT-694601","4260022694601"
"DFH-40121","879452005242"
"SWV-02292","087614022925"
"PHV-41000","850023410009"
"NST-04034","702669932783"
"NOW-03347-d-1","NOW-03347-d-1"
"PTP-13835-d-1","PTP-13835-d-1"
"NOW-01755-d-1","7337390175501"
"CGN-01034-d-1","CGN-01034-d-1"
"FLP-815","FLP-015"
"FLP-022","FLP-022"
"FLP-027","FLP-027"
"FLP-028","FLP-028"
"FLP-834","FLP-034"
"FLP-036","FLP-036"
"FLP-037","FLP-037"
"FLP-040","FLP-040"
"FLP-048","FLP-048"
"FLP-061","FLP-061"
"FLP-064","FLP-064"
"FLP-065","FLP-065"
"FLP-067","FLP-067"
"FLP-071","FLP-071"
"FLP-188","FLP-188"
"FLP-896","FLP-196"
"FLP-205","FLP-205"
"FLP-206","FLP-206"
"EVN-91924","5906395919246"
"FLP-264","FLP-264"
"FLP-312","FLP-312"
"FLP-354","FLP-354"
"FLP-355","FLP-355"
"FLP-374","FLP-374"
"FLP-375","FLP-375"
"FLP-376","FLP-376"
"FLP-439","FLP-439"
"FLP-463","FLP-463"
"FLP-464","FLP-464"
"FLP-473","FLP-473"
"FLP-551","FLP-551"
"FLP-556","FLP-556"
"FLP-610","FLP-610"
"FLP-622","FLP-622"
"FLP-624","FLP-624"
"FLP-633","FLP-633"
"FLP-836","FLP-836"
"NFS-20730","068958207308"
"DNH-22591","790223225914"
"NRX-02912","850026029123"
"VTP-95430","810089954305"
"SWV-02393","087614023939"
"GNC-304055","048107174064"
"SWV-11383","087614113838"
"SOR-98679","076280986792"
"WMA-054101","99101054101"
"SWV-02741","087614027418"
"INF-004226","8022328107775"
"KLL-02141","828054021419"
"KLL-01233","709616012338"
"SOL-01711","033984017115"
"ABN-08921","708235089219"
"BIOL-561060","BIOL-561060"
"NBP-03025","013886030252"
"PES-00258","Ч000КОО98О"
"ENZ-10125","670480101254"
"ENZ-13042","670480130421"
"LEX-25023","737870250234"
"ENZ-10129","670480101292"
"BIOL-000013","BIOL-000013"
"CGN-02023","898220020232"
"BIO-531279","4820236531279"
"BIO-531262","4820236531262"
"BIOL-560971-1","BIOL-560971-1"
"GNC-297812","GNC-297812"
"NFS-04539","068958045399"
"GNC-21223","048107212230"
"NPU-22086","Ч001Щ9774О"
"PTP-00013","025077000135"
"HET-00014","Ч002ФЧ25МЧ"
"BIO-531248","4820236531248"
"BIO-531255","4820236531255"
"DBE-60718","672975607180"
"BIOL-560629","4820008560629"
"SOR-01380","076280013801"
"AMX-22906","665553229065"
"KIM-00315","Ч00389М31И"
"PNA-00089","816511024868"
"PUR-01703","659670017032"
"CGN-01325","16000183733"
"WWB-00390","691195003909"
"MBM-00148","838287001485"
"NOW-01433","733739014337"
"GEN-15632","GEN-15632"
"NOR-01533","768990015335"
"WMA-046101","99101046101"
"DOU-7937-60X","Ч000ЫОЦГЯР"
"MRO-00038","861212000383"
"LEX-24196","737870241966"
"CGN-02069","898220020690"
"DOU-02155","X0010B842F"
"GNC-255914","Ч002РП0ПОМ"
"DBE-79020","Ч003ФЫЕКЬР"
"DBE-35525","658580355258"
"DBE-69971","Ч00312ВДМ5"
"DBE-35501","DBE-35501"
"ZAH-00042","848998000424"
"NOR-01666","768990016660"
"SNS-02710","021078027102"
"CEN-28024","740985280249"
"EMR-00364","743650003648"
"JRW-03710","790011037101"
"MCL-01198-d-1","MCL-01198-d-1"
"NOW-00142-d-1","NOW-00142-d-1"
"NOW-01839-d-1","NOW-01839-d-1"
"NOW-03326-d-1","NOW-03326-d-1"
"NWY-15788-d-1","NWY-15788-d-1"
"NWY-15789-d-1","NWY-15789-d-1"
"SOL-01736-d-1","SOL-01736-d-1"
"THR-00296-d-1","THR-00296-d-1"
"PFI-11311","044386113114"
"GNC-16564","048107165642"
"PTP-11413-d-1","PTP-11413-d-1"
"SOR-35007-d-1","SOR-35007-d-1"
"NTA-16330","083000163302"
"AAM-00181","855571001815"
"SWV-14010","087614140100"
"GNC-04292","048107042929"
"RAD-00569","085178005699"
"RAD-00270","085178002704"
"RAD-08007","085178080078"
"RAD-00039","085178000397"
"RAD-00843","085178008430"
"RAD-00560","085178005606"
"UAF-00224","5944759002241"
"UAF-39047","741360390478"
"UAF-39081","741360390812"
"UAF-00381","5707653003819"
"UAF-00583","641528005834"
"RAD-00038","085178000380"
"RAD-00537","085178005378"
"RAD-00785","085178007853"
"RAD-08010","085178080108"
"NOW-00025","733739000255"
"UAF-08223","603051082232"
"RAD-00199","085178001998"
"UAF-00582","641528005827"
"UAF-00202","5944759002029"
"RAD-00784","085178007846"
"UAF-00586","641528005865"
"UAF-08221","603051082218"
"RAD-00721","085178007211"
"UAF-00214","5944759002142"
"UAF-08220","603051082201"
"UAF-00380","5707653003802"
"UAF-00581","641528005810"
"RAD-01702","085178017029"
"UAF-00593","641528005933"
"RAD-00562","085178005620"
"RAD-00549","085178005491"
"RAD-00188","085178001882"
"RAD-00724","085178007242"
"RAD-00294","085178002940"
"RAD-00303","085178003039"
"RAD-00185","085178001851"
"UAF-00594","641528005940"
"RAD-08002","085178080023"
"RAD-00839","085178008393"
"UAF-00263","5944759002630"
"UAF-00203","5944759002036"
"UAF-08218","603051082188"
"UAF-00590","641528005902"
"UAF-00185","4841215001859"
"RAD-00380","085178003800"
"UAF-47681","8594009476819"
"RAD-00222","085178002223"
"RAD-00332","085178003329"
"RAD-00563","085178005637"
"RAD-00284","085178002841"
"UAF-00206","5944759002067"
"RAD-00534","085178005347"
"RAD-00392","085178003923"
"RAD-00391","085178003916"
"RAD-00389","085178003893"
"UAF-00383","5707653003833"
"PHV-41099","850023410993"
"NOW-07989","733739079893"
"RAD-00069","085178000694"
"CAL-96123","021245961239"
"UAF-39158","741360391581"
"UAF-00589","641528005896"
"FRO-00549","089836005496"
"MCL-21043","810094210434"
"CLS-04553","Ч003ЛЬВЕ5Е"
"BIOL-560377","4820008560377"
"BIOL-561039-1","BIOL-561039"
"PES-07221","Ч002АШТЙА7"
"PRN-23593","5999076235933"
"PRV-25101","PRV-25101"
"HFC-00003","650786000031"
"NFS-01901","068958019017"
"NTB-45161","047868451612"
"HYL-40861","354973408616"
"SWV-14287","087614142876"
"NSK-56398","673869563988"
"UAF-00379","5707653003796"
"UAF-00792","5707653007923"
"UAF-00385","5707653003857"
"NFS-02101","068958021010"
"NOO-00002","NOO-00002"
"mkBagS","carbag"
"SWV-01854","087614018546"
"MET-34062","MET-34062"
"PES-00474","766298004747"
"NOW-02717","733739027177"
"NOR-30170","768990301704"
"EQU-99014","745998990147"
"CGN-02000","898220020003"
"DOU-98038","310539980385"
"SWV-02720","087614027203"
"BRR-80007","810071800078"
"NWY-11536","033674115367"
"NOR-30127","768990301278"
"GOL-12062","658010120623"
"SWV-04036","087614040363"
"BIOL-000159","BIOL-000159"
"OPT-00802","350520008025"
"BioticsResearch5291","Ч001КЫМАПЧ"
"CGN-02025","898220020256"
"SWV-07101","087614071015"
"SWV-14159","087614141596"
"NCR-00362","727783003621"
"GNC-257213","Ч002П7ЛГФИ"
"UAF-39064","741360390645"
"MIN-22505","4820185225052"
"MIN-22502","MIN-22502"
"MIN-22503","MIN-22503"
"BioticsResearch7833","Ч0033ЦЙГИД"
"NTD-17530","8594073175304"
"SWV-02073","087614020730"
"LIF-40002","LIF-40002"
"RLT-20423","021888204236"
"NAU-62846","628110628466"
"SWV-19024","087614190242"
"NCS-93383","702669933834"
"JRW-21078","790011210788"
"SWV-01630","087614016306"
"SWV-01223","087614012230"
"NOW-00451","733739004512"
"SWV-01923","087614019239"
"SWV-02375","087614023755"
"NST-04093","702669932561"
"AGE-00864","853919008649"
"NFS-01262","068958012629"
"LEX-24213","737870242130"
"SPN-02123","898220021239"
"AGE-33341","850043333418"
"DFH-05211","879452005211"
"LEX-25043","737870250432"
"SWV-02123","087614021232"
"SWV-01790","087614017907"
"SWV-11302","087614113029"
"SWV-11320","087614113203"
"ZAN-47253","041954472536"
"NPU-22137","X001LIF6MD"
"NEX-20447","3700225620447"
"LEX-24786","737870247869"
"NLI-00438","040647004382"
"HEE-10060","787647100606"
"OEX-10019","809183100190"
"BSN-00222","834266002221"
"SWV-19040","087614190402"
"SWV-01827","087614018270"
"CAL-55900","021245559009"
"THO-19517","031315195174"
"SWV-11842","087614118420"
"NST-93445","702669934459"
"SWV-04081","087614040813"
"LPK-02102","4820077021021"
"LPK-02129","4820077021298"
"LPK-02081","4820077020819"
"LPK-02068","4820077020680"
"LPK-02060","4820077020604"
"LPK-02054","4820077020543"
"LPK-02052","4820077020529"
"LPK-02130","4820077021304"
"LPK-02095","4820077020956"
"LPK-02097","4820077020970"
"LPK-02080","4820077020802"
"LPK-02067","4820077020673"
"LPK-02078","4820077020789"
"LPK-02120","4820077021205"
"LPK-02071","4820077020710"
"LPK-02132","4820077021328"
"LPK-02127","4820077021274"
"HPI-40122","083502401223"
"LPK-02062","4820077020628"
"GNC-11999","048107119997"
"GNC-259512","048107177256"
"KLL-00830","709616012505"
"INF-009641","8022328105672"
"SWV-24198","087614241982"
"GRW-360847","4820183360847"
"GRW-360854","4820183360854"
"GRW-360861","4820183360861"
"GRW-360878","4820183360878"
"GRW-360830","4820183360830"
"GRW-360908","4820183360908"
"GRW-360922","4820183360922"
"GRW-360151","4820183360151"
"GRW-360939","4820183360939"
"GRW-360458","4820183360458"
"GRW-360434","4820183360434"
"GRW-360540","4820183360540"
"GRW-360243","4820183360243"
"GRW-380182","4820183360427"
"GRW-361288","4820183361288"
"GRW-361295","4820183361295"
"GRW-361301","4820183361301"
"GRW-361318","4820183361318"
"GRW-361257","4820183361257"
"GRW-361264","4820183361264"
"GRW-360335","4820183360335"
"GRW-360342","4820183360342"
"GRW-360489","4820183360489"
"GRW-360557","4820183360557"
"GRW-360526","4820183360526"
"GRW-380236","4820297380236"
"GRW-360441","4820183360441"
"CGN-01840","898220018406"
"OWH-00026","706195000268"
"FLP-289","FLP-289"
"FLP-068","FLP-068"
"SOL-30394","033984303942"
"VNU-51075","VNU-51075"
"NFS-01641","068958016412"
"SWV-11234","087614112343"
"SWV-11592","087614115924"
"CAR-55930","088395559303"
"ORI-51246","801541512461"
"NAP-04694","097467046948"
"BioticsResearch1742","780053003264"
"SWV-02468","087614024684"
"BIOL-000028","BIOL-000028"
"NFS-02265","068958022659"
"PXL-22855","303160228551"
"BIOL-000037","BIOL-000037"
"SWV-11755","087614117553"
"NPU-22096","Ч001ЬДК6Ш1"
"GAI-40330","751063403306"
"NFS-02102","068958021027"
"SWV-02125","087614021256"
"SRE-01306","023249013068"
"PES-02188","PES-02188"
"ARH-19470","033200194705"
"ARH-19724","033200197249"
"PTP-17394-d-1","PTP-17394-d-1"
"PTP-13233-d-1","PTP-13233-d-1"
"DNH-30466-d-1","DNH-30466-d-1"
"DOP-52658","4009932526585"
"GOL-12337","658010123372"
"NOW-03388","733739033888"
"PTR-02203","Ч003ЕЗПО9З"
"HYL-31621","354973316218"
"FOA-01540","818594015405"
"NFS-01263","068958012636"
"SWV-17083","087614170831"
"LLN-00001","LLN-00001"
"SWV-11709","087614117096"
"MIQ-78098","MIQ-78098"
"YGT-41533","076950415331"
"SRE-09113","023249091134"
"SOR-01120","076280011203"
"SOR-17560","076280175608"
"BRA-00116","074305001161"
"SWV-02670","087614026701"
"SWV-01152","087614011523"
"CGN-02044","898220020447"
"FRH-00022","862253000226"
"CGN-01905","898220019052"
"ENZ-10123","670480101230"
"GNC-202411","048107207939"
"SWV-11016","087614110165"
"CGN-01749","898220017492"
"SOR-01211","076280012118"
"SWV-11354","087614113548"
"SWV-11350","087614113500"
"NAP-47628","097467476288"
"DTB-00121","842367001210"
"INF-500361","8022328100363"
"INF-024280","INF-024280"
"PTP-10430-d-1","10430"
"PTP-10690-d-1","PTP-10690-d-1"
"SOL-59196-d-1","59196"
"SOL-00801-d-1","00801"
"EVN-59929","5908261599293"
"BIOL-560193","4820008560193"
"NAU-62855","628110628558"
"SWV-14097","087614140971"
"CEN-27844","740985278444"
"THR-01337","693749013372"
"RLT-20398","021888203987"
"CAR-05611","088395056116"
"GRW-360502","4820183360502"
"DNH-10158","790223101584"
"SWV-02132","087614021324"
"SOL-30390","033984303904"
"SOL-30388","033984303881"
"SOL-30093","033984300934"
"SOL-01166","033984011663"
"SOL-00716","033984007161"
"VTN-02054","708118023552"
"NAP-30701","097467307018"
"CAR-03000-d-1","03000"
"EVL-02739","818901027398"
"SOR-37020","076280370201"
"NOW-07417","733739074171"
"PRT-14727","707359147270"
"UAF-01013","UAF-01013"
"CGN-01362","898220013623"
"SWV-14145","087614141459"
"OLY-91211","710013912114"
"BIO-531286","4820236531286"
"BIO-531293","4820236531293"
"BIO-531309","4820236531309"
"BIO-531316","4820236531316"
"NST-67132","810014671321"
"PES-02129","X002BI9Y6V"
"GRW-361332","4820183361332"
"GRW-361325","4820183361325"
"DTB-00120","842367001203"
"KAY-04661","750748046616"
"NEL-13274","016185132740"
"BOS-14831","306960148319"
"SWV-02316","087614023168"
"INF-105047","8022328105047"
"DFH-40047","879452001411"
"BIOL-000032","BIOL-000032"
"BIOL-560421","4820008560421"
"BIOL-560612","BIOL-560612"
"MGC-00013","897580000137"
"AER-50624","013886506245"
"LEX-24976","737870249764"
"SWV-11133","087614111339"
"SWV-11346","087614113463"
"SOR-03752","076280037524"
"SWV-11593","087614115931"
"DEM-95628","850002956283"
"FBS-50133","049479501335"
"SWV-11361","087614113616"
"NEX-21512","3700225621512"
"PPR-00001","PPR-00001"
"LEX-34905","737870349051"
"GRP-29710","705105297101"
"NOW-03072","733739030726"
"ENZ-10119","670480101193"
"XTL-02164","9421901419066"
"SWV-01102","087614011028"
"DBE-79014","X002LVZCJL"
"PTP-12650","025077126507"
"CLF-03038","015794030386"
"LEX-25016","737870250166"
"TMR-00019-d-1","TMR-00019-d-1"
"CGN-00963-d-1","CGN-00963-d-1"
"TMR-00016-d-1","TMR-00016-d-1"
"SWV-02720-d-1","SWV-02720-d-1"
"BIOL-560490","4820008560490"
"NOW-08975OR","NOW-08975OR"
"NOW-06181","733739061812"
"DBE-69962","DBE-69962"
"EXD-34924","300674349246"
"SWV-11499","087614114996"
"NOW-07748","733739077486"
"NWY-14210","033674142103"
"GRW-000008","GRW-000008"
"PES-00277","766298002774"
"CGN-02158","898220021581"
"DBE-79026","DBE-79026"
"ZHO-00637","859805006379"
"TMR-00263","878941002632"
"SWV-14199","087614141992"
"EVL-02526","818901025264"
"LEX-18799","737870187998"
"BIOL-000106","BIOL-000106"
"GNC-21221","048107212216"
"EUC-03014","072140030148"
"NWY-15570","033674155707"
"SWV-14168","087614141688"
"SWV-02714","087614027142"
"XTL-02165","9421901419080"
"SWV-02897","087614028972"
"CAR-00011-y","00011y"
"CAR-00011-b","00011b"
"CAR-mk0004","mk0004"
"CAR-mk0015","mk0015"
"NEL-13270","016185132702"
"NFS-04549","068958045498"
"CGN-02031","898220020317"
"SWV-14225","087614142258"
"DBE-79002","DBE-79002"
"DBE-79009","DBE-79009"
"NHP-99911","NHP-99911"
"SWV-02829","087614028293"
"ORI-51248","801541512485"
"CAR-19500","088395195006"
"SPN-00124","033739001246"
"CGN-02101","898220021017"
"SWV-01982","087614019826"
"CGN-01403","898220014033"
"NTA-26111","083000261114"
"NTA-26919","083000269196"
"SWV-14296","087614142968"
"SWV-21035","087614210353"
"SWV-02110","087614021102"
"NPU-22108","Ч001ЬДГ80О"
"NFS-03591","068958035918"
"NOR-01530","768990015304"
"OST-24535","5903246224535"
"MCL-03838","810487038386"
"BLK-00002","Ч000РГГФИ3"
"RTO-01101","310742011012"
"CGN-01901","898220019014"
"PTP-54957-1","PTP-54957-1"
"SWV-20024","087614200248"
"NOW-00176","733739001764"
"AGE-12114","850026121148"
"GRW-361417","4820183361417"
"GRW-361400","4820183361400"
"GRW-361424","4820183361424"
"GRW-361394","4820183361394"
"PBV-624657","8052780624657"
"PBV-623018","8052780623018"
"PBV-622998","8052780622998"
"PBV-622974","8052780622974"
"PBV-622981","8052780622981"
"PBV-623070","8052780623070"
"PBV-623100","8052780623100"
"PBV-623087","8052780623087"
"PBV-623117","8052780623117"
"MCL-03092","810487030922"
"CTL-40038","049100400389"
"SES-00001","00001"
"SES-00002","00002"
"SPR-13515","Ч001Р8ФЛМЕ"
"TSL-00819","852245008194"
"AGE-00825","853919008250"
"SOL-30320","033984303201"
"NEX-21307","3700225621307"
"NOW-00121","733739001214"
"SWV-07089","087614070896"
"NOW-00707","733739007070"
"CAL-61879","021245618799"
"SWV-11374","087614113746"
"SWV-02254","087614022543"
"SOR-57114","076280571141"
"ANS-26440","675757264403"
"BIOL-000039","BIOL-000039"
"SWV-11489","087614114897"
"LEX-24313","737870243137"
"CFA-01495","898220014958"
"BIOL-560735","4820008560735"
"NCS-93165","NCS-93165"
"CAL-54710","021245547105"
"NOW-00696","733739006967"
"BLB-00682","743715006829"
"SWV-11036","087614110363"
"ZAH-08093","848998080938"
"NEX-23455","3700225623455"
"MGF-10413","051494104132"
"CAR-01321-d-1","CAR-01321-d-1"
"CGN-02116","898220021161"
"NOW-02057","733739020574"
"MCL-03066","810487030663"
"DWS-00748","Ч002А26РІД"
"JRW-14096","790011140962"
"CGN-01244","898220012442"
"LEX-23123","737870231233"
"MAV-18145","311845181459"
"BIOL-000157","BIOL-000157"
"MET-04221","755571928993"
"SWV-11397","087614113975"
"NCR-90350","727783903501"
"CGN-02060","898220020607"
"NCS-93311","702669933117"
"SWV-01773","087614017730"
"SWV-11288","087614112886"
"THR-01332","693749013327"
"SOR-01350","076280013504"
"SBR-23117","Ч002ФОУТ0Т"
"NOW-02125","733739021250"
"PNA-00020","Ч0035АТЕЯД"
"OSL-01388","898220013883"
"WWB-00306","691195003060"
"MTG-02330","755571023308"
"BIOL-560209","4820008560209"
"CGN-01365","898220013654"
"BIO-531323","4820236531323"
"BIO-531330","4820236531330"
"SWV-01531","087614015316"
"SNS-02783","021078027836"
"NWY-11500","033674115008"
"AUN-64818","628504648186"
"GRP-29870","196852054749"
"MST-163397","4260641163397"
"CGN-01736","898220017362"
"BioticsResearch1131","Ч003ЛКМЧМИ"
"ORT-18052351_дубль","18052351"
"SWV-11408","087614114088"
"SWV-02682","087614026824"
"GOL-13052","658010130523"
"SWV-14219","087614142197"
"CGN-01225","898220012251"
"FRO-00709","089836007094"
"NFS-03050","068958030500"
"SWV-11040","087614110400"
"SWV-11686","087614116860"
"PNA-00162","816511028743"
"REN-12227","631257122278"
"SWV-11062","087614110622"
"CRB-01004","816907010369"
"CAL-10685","021245106852"
"ORI-00001","851469000014"
"RLT-20424","021888204243"
"SWV-02124","087614021249"
"SWV-11243","087614112435"
"SWV-04045","087614040455"
"NCS-00869","857077008695"
"SWV-11426","087614114262"
"BOS-96124","306962961244"
"SWV-11562","087614115627"
"NCR-90404","727783904041"
"SWV-02976","087614029764"
"SWV-11261","087614112619"
"BIOL-000031","BIOL-000031"
"GRW-000007","GRW-000007"
"NOW-06244","733739062444"
"BIOL-000102","BIOL-000102"
"CAR-05641","088395056413"
"SWV-02101","087614021010"
"SWV-11035","087614110356"
"NOW-03416","733739034168"
"METU-197479","540043328133_"
"NCS-67954","810014679549"
"NCS-93166","702669931663"
"KLL-65025","709616503157"
"NFB-39189","5425010391897"
"NFS-26842","068958268422"
"NHS-00234","635824002345"
"NCS-00871","857077008718"
"NOW-07486","733739074867"
"SWV-02761","087614027616"
"SWV-02835","087614028354"
"SWV-11223","087614112237"
"SWV-11612","087614116129"
"BLB-00748","743715007482"
"NAP-07380","097467073807"
"SWV-11678","087614116785"
"RPU-00016","031758000165"
"CGN-01990","898220019908"
"SWV-01980","087614019802"
"NEL-13262-d-1","NEL-13262-d-1"
"BOI-05408-d-1","BOI-05408-d-1"
"SWV-11305","087614113050"
"LEX-17781-d-1","LEX-17781-d-1"
"CDL-11100-d-1","CDL-11100-d-1"
"NEL-12955-d-1","NEL-12955-d-1"
"NOW-02375","733739023759"
"NST-93201","702669932011"
"SWV-02977","087614029771"
"GOL-12521","658010125215"
"NCS-67069","810014670690"
"SWV-02925","087614029252"
"SOR-36738","076280367386"
"QST-00870","888849008704"
"DFH-40172","879452000995"
"SWV-02289","087614022895"
"ZAH-04125","848998041250"
"VTP-49431","850026494310"
"SOR-04325","076280043259"
"BOI-33304","306969333044"
"NOR-01682","768990016820"
"SWV-06087","087614060873"
"AZO-76026","787651760261"
"CAL-42892","021245428923"
"NAP-10436","097467104365"
"SOR-36661","076280366617"
"SRE-01080","023249010807"
"MVN-27311","850018273114"
"CGN-01908","898220019083"
"DEV-00055","895634000553"
"LPK-02059","2500007674856"
"LPK-71225","2200000570321"
"LPK-02125","4820077021250"
"LPK-02126","LPK-02126"
"SKH-52045","810007520452"
"AUN-64800","628504648001"
"AUN-64817","628504648179"
"NOO-00005","Ч002ІН5Ф89"
"SWV-11077","087614110776"
"NOW-04266","733739042668"
"NOW-02253","733739022530"
"NOW-04823","733739048233"
"SWV-04048","087614040486"
"NCR-90243","727783902436"
"SOR-61357","076280613575"
"SWV-01968","087614019680"
"CGN-01977","898220019779"
"PES-00031","766298024455"
"SWV-01956","087614019567"
"NCS-93138","702669931380"
"MED-00042","X000MCQHJ5"
"NWY-13710","033674137109"
"NAP-04384","097467043848"
"SWV-14268","087614142685"
"NWY-15020","033674150207"
"SWV-02973","087614029733"
"NCS-93330","702669933308"
"NFS-02266","068958022666"
"REN-12116","631257121165"
"NOW-02217","733739022172"
"NOW-04760","733739047601"
"HBL-00219","076791002196"
"BIOL-560292","4820008560292"
"PUR-92302","659670923029"
"MIE-00673","854102006732"
"SWV-14216","087614142166"
"SWV-11427","087614114279"
"CDL-11050","608274110502"
"CGN-02169","898220021697"
"ODV-00012","X0020U9MAD"
"BNR-01039","817716010397"
"DEV-00030","895634000300"
"BNR-01385","817716013855"
"NAP-45968","097467459687"
"BSN-00336","834266003365"
"FRO-03953","089836039538"
"RNA-02929","816820029295"
"NAP-03953","097467039537"
"MET-00160","755571939654"
"SWV-11279","087614112794"
"CGN-01819","898220018192"
"AGE-00875","853919008755"
"NOW-04324","733739043245"
"SWV-01317","087614013176"
"SWV-01976","087614019765"
"SWV-11683","087614116839"
"GEN-02117","883196139002"
"ARH-19792","033200197928"
"DRB-00597","753950005976"
"DRB-00599","753950005990"
"NAP-29990","097467299900"
"SWV-11581","087614115818"
"AGE-00856","853919008564"
"SWV-11041","087614110417"
"PRN-43959","4751022439595"
"PRN-43964","4751022439649"
"PRN-43949","4751022439496"
"PRN-43954","4751022439540"
"PRN-43956","4751022439564"
"PRN-43950","4751022439502"
"SOR-03173","076280031737"
"PED-02740","3700225602740"
"SWV-10009","087614100098"
"SMA-02005","817053020059"
"AGE-00833","853919008335"
"NTL-00458-d-1","NTL-00458-d-1"
"BIOL-560230-d-1","BIOL-560230-d"
"SOL-00680-d-1","SOL-00680-d-1"
"CGN-01369","898220013692"
"SWV-07038","087614070384"
"NAP-45972","097467459724"
"BRM-02525","039978025258"
"CGN-01213","898220012138"
"GNC-004613","GNC-004613"
"B00KB24Y1I","310539039656"
"SWV-11146","087614111469"
"SWV-01393","087614013930"
"NBT-02245","089094022457"
"MCL-03971","810487039710"
"NOO-00007","Ч001ЙДФЛЩО"
"SWV-11086","087614110868"
"NCS-93315","702669933155"
"SWV-11675","087614116754"
"SOR-01140","076280011401"
"PTF-10174","021078101741"
"PTG-04399","183405043992"
"LEX-24233","737870242338"
"JRW-03707","790011037071"
"SWV-11355","087614113555"
"EVL-02734","818901027343"
"SWV-02283","087614022833"
"SWV-07102","087614071022"
"PHV-41029","850023410290"
"SWV-02941","087614029412"
"CAR-01111","088395011115"
"SWV-14119","087614141190"
"RLT-20422","021888204229"
"NOW-04305","733739043054"
"ECF-23422","696859131745"
"SWV-02975","087614029757"
"GOL-11766","658010117661"
"SWV-17063","087614170633"
"NCS-93635","NCS-93635"
"FRD-00001","856356008043"
"NAP-02565","097467025653"
"NOW-00619","733739006196"
"NAP-48732","097467487321"
"MCL-21194","810094211943"
"SWV-02933","087614029337"
"SWV-02204","087614022048"
"SPS-90700","076635907007"
"MST-160969","4260641160969"
"SWV-11762","087614117621"
"LEX-25196","737870251965"
"MED-00031","Ч003ШЙЗЬ2Я"
"SWV-02869","087614028699"
"UAF-48501","850042485019"
"AMH-30413","076630304139"
"SOL-30396","033984303966"
"SOL-30392","033984303928"
"PES-00005","766298000053"
"PES-00003","766298000039"
"DOU-97874","310539978740"
"CEN-22757","740985227572"
"CEN-27619","740985276198"
"CAL-86499","021245864998"
"SOR-01460","076280014600"
"SOR-03970","076280039702"
"SOR-04525","076280045253"
"CAL-53575","021245535751"
"CAL-73225","021245732259"
"UAF-00179","5707653001792"
"UAF-00191","5707653001914"
"UAF-00195","5707653001952"
"UAF-00588","641528005889"
"UAF-00608","5707653006087"
"ULT-00621","099071006219"
"NTD-86952","8594014869521"
"LPK-02133","2900010333243"
"SWV-02678","087614026787"
"DBE-79005","DBE-79005"
"BLB-00749","743715007499"
"AGE-00857","853919008571"
"FLP-051","FLP-051"
"SOR-38735","076280387353"
"NOW-00910","733739009104"
"SWV-11806","087614118062"
"SWV-11869","087614118697"
"NFS-01650","068958016504"
"SWV-11591","087614115917"
"SWV-02508","087614025087"
"UNL-30603","049606306031"
"HYL-32661","354973326613"
"SWV-01988","087614019888"
"HBI-01582","898220015825"
"NST-04090","702669937467"
"SOR-01580","076280015805"
"NCS-93376","702669933766"
"MCL-01799","813006017992"
"CAL-60212","021245602125"
"SWV-14160","087614141602"
"SWV-11629","087614116297"
"FPI-35452","633422354521"
"CAL-95509","021245955092"
"GFO-51972","B08G5BTNNQ"
"ZAH-08104","848998081041"
"ORI-00071","851469000717"
"PRN-24578","5999076245789"
"SWV-11385","087614113852"
"IRW-59949","710363599492"
"TEO-00749","857668007496"
"HIM-06676","605069066761"
"DOU-201388-120X","310539980286"
"SOR-04440","076280044409"
"NEX-00463","3700225600463"
"PES-02213","Ч000КОО7Ц7"
"TEO-00792","857668007922"
"GOL-12525","658010125253"
"THR-01249","693749012498"
"GRW-360496","4820183360496"
"SWV-11364","087614113647"
"NCS-93136","NCS-93136"
"MCL-21088","810094210885"
"NEL-12986","016185129863"
"HAV-46401","850008464010"
"CAR-44410","088395444104"
"JRW-03730","790011037309"
"CAR-10250","088395102509"
"PES-02166","766298015439"
"SNS-00242-d-1","SNS-00242-d-1"
"BIOL-000191-d-1","BIOL-000191-d"
"HOG-35017-d-1","HOG-35017-d-1"
"LEX-88806-d-1","LEX-88806-d-1"
"MCL-01499-d-1","MCL-01499-d-1"
"NOR-01709-d-1","NOR-01709-d-1"
"NTL-00590-d-1","NTL-00590-d-1"
"PTP-11110-d-1","PTP-11110-d-1"
"NOW-00935","733739009357"
"CAL-75303","021245753032"
"SRE-01119","023249011194"
"SOR-37697","076280376975"
"SWV-14136","087614141367"
"NWY-14068","033674140680"
"NRT-00728","074312007286"
"CGN-01875","898220018758"
"GOL-13332","658010133326"
"PUR-09001","659670090011"
"SWV-11436","087614114361"
"SWV-11546","087614115467"
"BNR-01400","817716014005"
"CGN-01746","898220017461"
"BLB-00139","743715001398"
"SOR-19410","076280194104"
"REA-00156","835552001560"
"NTA-26925","083000269257"
"EXE-10492","300678104926"
"CAR-68710","088395687105"
"NOW-00184","733739001849"
"CAL-56500","021245565000"
"CGN-02104","898220021048"
"CAL-52609","021245526094"
"TEO-00768","857668007687"
"NWY-12371","033674123713"
"BFN-03097","BFN-03097"
"NOW-07132","733739071323"
"SWV-07111","087614071114"
"SWV-21082","087614210827"
"BIOP-530022","8380000000319"
"BIOP-530021","8380000000326"
"SWV-01857","087614018577"
"MTG-01327","755571013279"
"NOW-02808","733739028082"
"GNC-214512","048107188979"
"SOR-26619","076280266191"
"CAR-04439","088395044397"
"DOU-98025","310539980255"
"DOU-97785","310539977859"
"DOU-98040","310539980408"
"SWV-02065","087614020655"
"GNC-147623","GNC-147623"
"METU-256343","5400433256343"
"NWY-09101","763948091010"
"DFH-40138","879452001343"
"SWV-02916","087614029160"
"NOW-01843","733739018434"
"SWV-11079","087614110790"
"SWV-11402","087614114026"
"SWV-01543","087614015439"
"NOW-03088","733739030887"
"THR-01256","693749012566"
"KLL-65102","ч001КЗЦ4ЛК"
"NOR-02733","768990027338"
"NPU-22117","X001MLUrF5"
"NCS-93616","702669936163"
"NCS-93255","702669932554"
"NCS-67030","810014670300"
"NPU-22052","Ч001Щ8ВУ9Р"
"DFH-40053","879452000421"
"SWV-01521","087614015217"
"NOW-01818","733739018182"
"SWV-01965","087614019659"
"PES-01217","766298012179"
"CAR-01611","088395016110"
"SWV-01866","087614018669"
"BRR-80002","810071800023"
"BRR-80004","810071800047"
"BRR-80001","810071800016"
"NSK-56397","673869563971"
"NOW-04767","733739047670"
"SKH-52071","810007520711"
"NTA-26254","083000262548"
"AGE-00849","853919008496"
"FRO-31114","089836311146"
"NOR-01618","768990016189"
"NOW-04795","733739047953"
"BIOL-000020","BIOL-000020"
"SWV-02371","087614023717"
"AIL-16989","305730169899"
"NAP-02563","097467025639"
"PES-02522","766298025223"
"NCS-93140","702669931403"
"MCL-03326","810487033268"
"BNR-01272","817716012728"
"EOR-01311","813313013113"
"CAL-61506","021245615064"
"PHV-41067","850023410672"
"CGN-01334","898220013340"
"MGF-10441","051494104415"
"JRW-03716","790011037163"
"HET-00011","HET-00011"
"SWV-11362","087614113623"
"CGN-02271","898220022717"
"SWV-01056","087614010564"
"NOR-31137","768990311376"
"CAR-53300","088395533006"
"MCL-03307","810487033077"
"SWV-11470","087614114705"
"MRO-70056","850036700562"
"USN-10732","6009544910732"
"USN-25606","6009544925606"
"USN-17007","6009544917007"
"USN-17069","6009544917069"
"USN-24647","6009544924647"
"USN-50033","6009644650033"
"USN-00139","6009544900139"
"USN-97387","6009706097387"
"USN-51827","6009544951827"
"USN-10695","6009544910695"
"USN-10572","6009544910572"
"USN-10619","6009544910619"
"USN-61987","6009544961987"
"GOL-12519","658010125192"
"GOL-13269","658010132695"
"GOL-13270","658010132701"
"MGF-10396","051494103968"
"MCL-03982","810487039826"
"FOA-01488","818594014880"
"CGN-01879","898220018796"
"BNR-01790","817716017907"
"SWV-11370","087614113708"
"SWV-14252","087614142524"
"NAP-02566","097467025660"
"AIL-16840","305730168403"
"JRW-03736","790011037361"
"SKH-52048","810007520483"
"HOG-25157-d-1","HOG-25157-d-1"
"NOR-02763-d-1","NOR-02763-d-1"
"NOW-00107-d-1","NOW-00107-d-1"
"NOW-00379-d-1","NOW-00379-d-1"
"NOW-07625-d-1","NOW-07625-d-1"
"PES-00175-d-1","PES-00175-d-1"
"PES-00941-d-1","7662980094141"
"PTP-13430-d-1","PTP-13430-d-1"
"SOL-35831-d-1","SOL-35831-d-1"
"BDX-32304","BDX-32304"
"SWV-14065","087614140650"
"SWV-11272","087614112725"
"SNS-41104","021078411048"
"SWV-21076","087614210766"
"MCL-21020","810094210205"
"TRE-40023","X003JC3DBF"
"Athletic-76120","Athletic-7612"
"PES-00887","766298008875"
"LVN-00702","858517007025"
"SNS-41103","021078411031"
"SCN-00305","858755003056"
"MET-04166","755571913173"
"NCS-67430","810014674308"
"SWV-02136","087614021362"
"DTB-00119","842367001197"
"NCS-93491","702669934916"
"UMK-40225","4973839402252"
"NFS-01393","068958013930"
"OAD-59581","016500595816"
"SOR-04466","076280044669"
"NWY-40520","033674405208"
"KLL-65045","KLL-65045"
"NOW-03881-d-1","NOW-03881-d-1"
"NOW-02031","733739020314"
"SWV-01545","087614015453"
"KLL-65209","828054012332"
"CAA-00001","X003GW587F"
"SOR-03690","076280036909"
"DOU-AV1","745287020012"
"SWV-11159","087614111599"
"AGE-00855","853919008557"
"SWV-11265","087614112657"
"JRW-29102","790011291022"
"NTL-07776","047469077761"
"NWY-14346","033674143469"
"CGN-01366","898220013661"
"PXL-26040","303160260407"
"CAR-11910","088395119101"
"CGN-01291","898220012916"
"PHV-77904","850030779045"
"PHV-41003","850023410030"
"CGN-01408","898220014088"
"SWV-11344","087614113449"
"SOR-82481","076280824810"
"ZAH-08252","848998082529"
"MET-04055","MET-04055"
"NOW-03393","733739033932"
"CGN-02021","898220020218"
"CLF-03036","015794030362"
"SWV-14051","087614140513"
"SWV-14031","087614140315"
"FHH-00214","896593002145"
"CAL-96436","021245964360"
"PES-08567","X000RjJ5UL"
"SWV-11877","087614118772"
"PES-00120","766298001203"
"SGW-00069","019277000699"
"CGN-01750","898220017508"
"WSY-25781","860003257814"
"VFU-02134","027917021348"
"SWV-02536","087614025360"
"BIOL-000119","BIOL-000119"
"CAL-49615","021245496151"
"DEM-95651","850002956511"
"WMA-068101","99101068101"
"VTP-56876","850019568769"
"SOR-01405","076280014051"
"SOR-18348","076280183481"
"SOR-03785","076280037852"
"GRW-360915","4820183360915"
"NOW-03084","733739030849"
"NAU-62841","628110628411"
"SWV-02345","087614023458"
"EUR-31806","367703318062"
"BRR-80006","810071800061"
"VMC-47117","810078471172"
"GGR-00313","854822003134"
"NCS-93822","702669938228"
"AIL-19921","305730199216"
"SWV-01402","087614014029"
"GAE-70034","607959700342"
"MCL-21199","810094211998"
"SWV-17077","087614170770"
"AGE-00858","853919008588"
"SWW-85801","850021858018"
"AIL-17920","305730179201"
"CLF-50964","015794050964"
"CAR-15850","088395158506"
"ADC-00797","819265007972"
"SWV-04005","087614040059"
"SWV-02072","087614020723"
"SWV-11665","087614116655"
"NOW-00994","733739009944"
"DBE-35507","DBE-35507"
"SKH-52081","810007520810"
"PES-00782","766298007823"
"BHE-95759","BHE-95759"
"SOR-04650","076280046502"
"SWV-11379","087614113791"
"EXE-05691","300672056917"
"SNS-41105","021078411055"
"OMM-55324","850030553249"
"SWV-11356","087614113562"
"CAR-06735","088395067358"
"USN-62045","6009544962045"
"USN-62014","6009544962014"
"KIM-00328","ч001ЬО22Я5"
"DFH-40035","879452000667"
"MCL-01010-d-1","MCL-01010-d-1"
"NOW-02211-d-1","NOW-02211-d-1"
"PES-02326-d-1","PES-02326-d-1"
"SOR-04584-d-1","SOR-04584-d-1"
"SOR-08378-d-1","SOR-08378-d-1"
"SOR-45852-d-1","SOR-45852-d-1"
"SOR-49301-d-1","SOR-49301-d-1"
"SOR-89504-d-1","SOR-89504-d-1"
"NCS-93379","NCS-93379"
"UNN-01065","039442010650"
"DRB-00545","753950005457"
"CAL-55904","021245559047"
"DBE-79012","Ч000Щ8ПТД9"
"SOR-01690","076280016901"
"BTH-47111","705105101101"
"NCS-67345","810014673455"
"BNR-01791","817716017914"
"GNC-273124","048107211448"
"NSK-62160","718879621607"
"SOR-01670","076280016703"
"MRO-00854","856645008549"
"SOR-04578","076280045789"
"NOR-01552","768990015526"
"BIOL-000040","BIOL-000040"
"CGN-01195","898220011957"
"NOR-01706","768990017063"
"SWV-11461","087614114613"
"SWV-01761","087614017617"
"CGN-02068","898220020683"
"EVL-02704","818901027046"
"NEX-00876","3700225600876"
"NEX-00869","3700225600869"
"SWV-09024","087614090245"
"DFH-40037","879452004221"
"PTF-10650","021078106500"
"METU-238097","5400433238097"
"GRW-000002","GRW-000002"
"TEO-00743","857668007434"
"NOW-03137","733739031372"
"BioticsResearch1173","780053002076"
"YOU-00714","850502007140"
"DIO-91600","743474916001"
"BIOL-560476","4820008560476"
"SWV-02680","087614026800"
"TRU-00138","851856008012"
"NBC-01035","728177010355"
"SOR-04579","076280045796"
"MGF-10430","051494104309"
"SOR-08379","076280083798"
"SOR-36669","076280366693"
"IRW-59676","710363596767"
"CGN-01752","898220017522"
"EID-00024","640923000246"
"XLB-00200","892327002009"
"CLF-05046","015794050469"
"SOL-62016","810122620167"
"FLP-613","FLP-613"
"BRY-46595","736211465955"
"ARG-57670","713947576704"
"BKN-14220","628055142201"
"ZAH-08125","848998081256"
"IOB-00740","858562007407"
"LKN-01550","898220015504"
"NOW-04792","733739047922"
"MCL-03963","810487039635"
"MCL-21016","810094210168"
"MCL-21191","810094211912"
"MCL-03204","810487032049"
"PES-00826","766298008264"
"AIL-16755","305730167550"
"CAR-42010","088395420108"
"AMI-00011","838273000119"
"NEX-00791","3700251100791"
"NCS-67327","810014673271"
"NWY-13882","033674138823"
"RLT-20403","021888204038"
"ERD-00012","870856000123"
"NPU-61678","Ч003Я4МЗТЗ"
"CGN-02266","898220022663"
"CRR-97667","037000976677"
"CAR-81020","088395810206"
"PES-00217","766298002170"
"PRT-10372","707359103726"
"EFI-12113","695927121138"
"CGN-02061","898220020614"
"BioticsResearch1102","1102"
"BioticsResearch1008","Ч001кктя7И"
"ORT-695875","4260022695875"
"GNC-424564","048107170448"
"SOR-10934","076280109344"
"FSM-31046","4897039310462"
"SBLU-565743","5060216565743"
"SWV-11298","087614112985"
"PHV-41009","850023410092"
"SOR-03758","076280037586"
"NCS-67316","810014673165"
"SWV-14148","087614141480"
"MKD-00888","850312008887"
"WSP-02038","814422020382"
"ITH-16055","ITH-16055"
"LKN-01525","898220015252"
"SWV-09021","087614090214"
"EVN-59960","5908261599606"
"EVN-69744","5900718697446"
"EVN-91910","5906395919109"
"NEL-01986-d-1","NEL-01986"
"PTP-32860-d-1","32860"
"SOR-71983-d-1","SOR-71983-d-1"
"PTP-54948-d-1","PTP-54948-d-1"
"RLT-20439-d-1","RLT-20439-d-1"
"ORT-17209603","-17209603"
"HRP-77648","076970776481"
"NCS-67130","810014671307"
"CAR-08710","088395087103"
"NAP-03310","097467033108"
"GOL-12713","658010127134"
"BLB-00922","743715009226"
"NSK-56399","673869563995"
"GLL-02075","Ч002з2й2с7"
"LEX-25239","737870252399"
"ALG-33127","684088331272"
"NCS-93360","NCS-93360"
"SOR-37592","076280375923"
"SOR-65809","076280658095"
"AIL-16443","305730164436"
"NPU-00001","X003TNEC9B"
"NEX-720720","5060164720720"
"SRE-01128","023249011286"
"PRT-10105","707359101050"
"SWV-02315","087614023151"
"SWV-14150","087614141503"
"NCS-67185","810014671857"
"NCS-57082","810139570820"
"CAR-11900","088395119002"
"PES-01479","766298014791"
"BIOL-120028","4820278120028"
"BIOL-120035","4820278120035"
"BIOL-120066","4820278120066"
"BIOL-812059","BIOL-812059"
"NUF-120103","4820278120103"
"CGN-01969","898220019694"
"GEN-02321","Ч0044Ц11К7"
"NVN-00001","И0И5НД12вН"
"NCS-93219","702669932196"
"LEX-01011","737870010111"
"SOR-04270","076280042702"
"BRR-80005","810071800054"
"NAP-03641","097467036413"
"NOW-02389","733739023896"
"PNA-00050","816511026770"
"AGE-00040","860507000404"
"NCS-93335","NCS-93335"
"NFS-01031","068958010311"
"NCS-67227","810014672274"
"ACO-02127","813424021274"
"NCS-93206","702669932066"
"NEX-20409","3700225620409"
"NHS-00019","635824000198"
"MET-31214","MET-31214"
"OMP-00001","615033011123"
"CLF-05101","015794051015"
"BioticsResearch6431","Researh6431"
"SOL-62017","810122620174"
"CAL-72981","021245729815"
"SOR-04321","076280043211"
"PES-00818","766298008189"
"SOR-01365","076280013658"
"SOR-04991","076280049916"
"DTB-00128","842367001289"
"NCS-67116","810014671161"
"VTP-56859","850019568592"
"NFS-01812","068958018126"
"NAP-03360","097467033603"
"MGF-10447","051494104477"
"SOL-62015","810122620150"
"MCL-21196","810094211967"
"DIO-32574","743474325742"
"NFS-01900","068958019000"
"NAU-62825","628110628251"
"SWV-02409","087614024097"
"NCS-67350","810014673509"
"LEX-01001","737870010012"
"SWV-11819","087614118192"
"CGN-01748","898220017485"
"LEX-01026","737870010265"
"NTF-11098","810102111098"
"VTP-00503","850232005034"
"CGN-02272","898220022724"
"LCP-62608","850028626085"
"DOU-98021","310539980217"
"DOU-03485","310539034859"
"TEO-00746","857668007465"
"NCS-67319","810014673196"
"SWV-11421","087614114217"
"SWV-02167","087614021676"
"CGN-01428","898220014286"
"ECF-23435","ECF-23435"
"NCS-67028","810014670287"
"LEX-10976","737870109761"
"BNR-01449","817716014494"
"MDR-31808","810000318087"
"SWV-02349","087614023496"
"TEO-00733","857668007335"
"AGE-33387","850043333876"
"MAN-00227","895015002275"
"NCS-67371","810014673714"
"NCS-67202","810014672021"
"NAP-02100","097467021006"
"KLL-65051","X001RXMGZR"
"SWV-01427","087614014272"
"AGE-00877","853919008779"
"PAR-77870","601944778705"
"NTA-26255","083000262555"
"SWV-11225","087614112251"
"BPX-78026","ч001йьт6ш5"
"CAR-19400","088395194009"
"DBE-79022","Ч0048УІСАЯ"
"SOL-03667-d-1","SOL-03667-d-1"
"NOW-03255-d-1","NOW-03255-d-1"
"SOL-02028-d-1","SOL-02028-d-1"
"PTP-16154-d-1","PTP-16154-d-1"
"SOL-02272-d-1","SOL-02272-d-1"
"SOR-46301-d-1","SOR-46301-d-1"
"DNH-10031","790223100310"
"SWV-02221","087614022215"
"SWV-11509","087614115092"
"GNC-20792","048107207922"
"GOL-11777","658010117777"
"NCS-67132","NCS-67132"
"NPA-45000","058449450009"
"NPA-45013","058449450139"
"MBM-00531","838287005315"
"NAP-49564","097467495647"
"CGN-02166","898220021666"
"XTL-52332","9421904523326"
"SWV-07104","087614071046"
"NCS-67141","810014671413"
"CGN-01349","898220013494"
"BIOL-560643","4820008560643"
"PES-00455","766298004556"
"OGT-01241","627733012416"
"SOR-03790","076280037906"
"TMR-00814","878941008146"
"SWV-02982","087614029825"
"SPR-01157","812122011570"
"SWV-14072","087614140728"
"HEC-31922","765704319222"
"PTP-15604-d-1","15604"
"PTP-52931-d-1","52931"
"PTP-10091-d-1","10091"
"SOL-02067-d-1","02067"
"MCL-03427","810487034272"
"NCR-90358","727783903587"
"NNO-91970","741805919707"
"CAL-89954","021245899549"
"SOR-04810","076280048100"
"SWV-11396","087614113968"
"OGA-00773","851770007733"
"SWV-01257","087614012575"
"SWV-02036","087614020365"
"LEX-01041","737870010418"
"CAR-05631","088395056314"
"MKD-00858","850312008580"
"NFS-02645","068958026459"
"CAL-58874","021245588740"
"HML-00006","856308000064"
"RTC-10250","018788102502"
"VNU-25511","693465255117"
"SWV-11404","087614114040"
"NCS-93648","702669936484"
"THO-19225","031315192258"
"NCS-67380","810014673806"
"NOW-01440","733739014405"
"CGN-02270","898220022700"
"RTO-01074","310742010749"
"DIO-91325","743474913253"
"CGN-01838","898220018383"
"ECF-23450","ECF-23450"
"SWV-01674","087614016740"
"NEX-20133","3700225620133"
"SWV-11153","087614111537"
"OST-11236","5902232611236"
"CAL-80691","021245806912"
"CAL-52642","021245526421"
"BIOL-000035","BIOL-000035"
"CRZ-03410","041167034101"
"TRA-00283","032917002839"
"NCS-67437","810014674377"
"CAL-10390","021245103905"
"CAL-53675","021245536758"
"FLP-238","FLP-238"
"FLP-284","FLP-284"
"FLP-063","FLP-063"
"FLP-070","FLP-070"
"FLP-077","FLP-077"
"FLP-470","FLP-470"
"FLP-471","FLP-471"
"FLP-200","FLP-200"
"FLP-026","FLP-026"
"FLP-187","FLP-187"
"FLP-555","FLP-555"
"FLP-606","FLP-606"
"FLP-559","FLP-559"
"FLP-072","FLP-072"
"SYN-00489","852971004897"
"FRO-31077","089836310774"
"NCS-57149","810139571490"
"EXD-00024","300672000248"
"NCS-93456","NCS-93456"
"BOS-07513","306960075134"
"ShP-15447","Ч00140967О"
"TRA-00052","032917000521"
"PAR-77872","601944778729"
"BTH-47125","Ч002ЛОГРГТ"
"NCS-67409","810014674094"
"NCS-67071","810014670713"
"AIL-29030","AIL-29030"
"PES-00006","766298000060"
"CGN-02269","898220022694"
"EVN-59922","5908261599224"
"NEL-13295","016185132955"
"IRW-58639","710363586393"
"SWV-14152","087614141527"
"SNS-02523","021078025238"
"CAL-57107","021245571070"
"SWV-11097","087614110974"
"NCS-93524","702669935241"
"SWV-02718","087614027180"
"CGN-02276","898220022762"
"NCS-67274","810014672748"
"CAL-66806","021245668060"
"PES-00605","766298006055"
"SWV-02969","087614029696"
"SWV-14155","087614141558"
"THR-00345-d-1","THR-00345-d-1"
"NTL-06211-d-1","NTL-06211-d-1"
"NTL-16108-d-1","NTL-16108-d-1"
"NOW-00371-d-1","NOW-00371-d-1"
"SOL-01581-d-1","SOL-01581-d-1"
"SOR-04531-d-1","SOR-04531-d-1"
"SOR-04861-d-1","SOR-04861-d-1"
"NOW-01720-d-1","NOW-01720-d-1"
"MCL-03334","810487033343"
"LEX-25003","737870250036"
"MRS-13441","808124134416"
"DFH-40019","879452002074"
"SWV-11292","087614112923"
"SWV-04013","087614040134"
"BGA-46017","602359460179"
"SMA-02345","817053023456"
"NOW-07706","733739077066"
"SWV-11198","087614111988"
"OST-20278","5903246220278"
"MSC-00943","631656009439"
"SOR-04393","076280043938"
"LSE-00254","853760002544"
"RBR-40010","000518400101"
"NTD-86033","8594014860337"
"NAP-03088","097467030886"
"ALG-76590","713947765900"
"SWV-02149","087614021492"
"SWV-43009","087614430096"
"SOR-03687","076280036879"
"NCS-67392","810014673929"
"ADC-00638","819265006388"
"NAP-03973","097467039735"
"AAM-00843","855822008433"
"SKH-52090","810007520902"
"SWV-11571","087614115719"
"SWV-02886","087614028866"
"PHV-77944","850030779441"
"BioticsResearch1199","Ч001гф0щ3В"
"AGE-60921","850049609210"
"NCS-67049","810014670492"
"ITH-16069","871791100039"
"CAR-00311","088395003110"
"IME-38502","715783385021"
"NPU-22091","ч00453ф1ША"
"CGN-02006","898220020065"
"PTP-00223","025077002238"
"BLB-00996","743715009967"
"PES-02364","766298023649"
"PTP-10332-4","PTP-10332-4"
"SOR-19550","076280195507"
"RMS-06804","628110068040"
"NTH-12350","840093123503"
"NTH-12348","840093123480"
"NLI-00243","040647002432"
"NCS-67495","810014674957"
"NCS-67413","810014674131"
"NCS-67066","810014670669"
"HIM-06043","605069060431"
"FOA-66097","810126660978"
"CEN-28071","740985280713"
"SWV-11475","SWV-11475"
"NFS-02693","068958026930"
"CAR-46200","088395462009"
"KLL-65163","Ч001Йы8р4р"
"SOR-55688","076280556889"
"PTP-07850","025077078509"
"SWV-02956","087614029566"
"ATY-68839","ATY-68839"
"CAL-32204","021245322047"
"NCS-93207","702669932073"
"MGF-10103","051494101032"
"MGF-10428","051494104286"
"MGF-60171","051494601716"
"RET-89000","5061055890003"
"RET-52940","612590529405"
"RET-52948","612590529481"
"RET-52950","612590529504"
"RET-52949","612590529498"
"RET-99544","638142995443"
"RET-76232","792649762325"
"RET-52945","612590529450"
"RET-890058","5061055890058"
"RET-99545","638142995450"
"HYL-40961","354973409613"
"AMX-20264","665553202648"
"CGN-01904","898220019045"
"EVL-02743","818901027435"
"EVL-02936","818901029361"
"FLO-61534","061998615348"
"NTH-10193","840093101938"
"NTH-10200","840093102003"
"NTH-11664","840093116642"
"SWV-01852","087614018522"
"SWV-02281","087614022819"
"NCS-67279","810014672793"
"SWV-21044","087614210445"
"NCS-67404","810014674049"
"SOR-01330","076280013306"
"SPC-24248","037014242485"
"NCS-57249","810139572497"
"MEN-00001","33300001"
"MEN-00002","33300002"
"MEN-00003","33300003"
"MEN-00004","33300004"
"NCS-67282","810014672823"
"SWV-11136","087614111360"
"NOW-04769","733739047694"
"LPK-80334","2200000803344"
"LPK-02098","4820077020987"
"LPK-02131","4820077021311"
"NNOU-70730","5021807707300"
"ZAH-08287","848998082871"
"JRW-07881","047469078812"
"NNOU-70511","5021807705115"
"NNOU-70016","5021807700165"
"NNOU-70580","5021807705801"
"NNOU-70518","5021807705184"
"NNOU-70516","5021807705160"
"NNOU-79600","5021807796007"
"NNOU-79009","5021807790098"
"NNOU-79955","5021807799558"
"NNOU-70850","5021807708505"
"NNOU-79200","5021807792009"
"NNOU-79800","5021807798001"
"NNOU-45490","5021807454907"
"NNOU-00642","5021807006427"
"NNOU-00639","5021807006397"
"NNOU-79270","5021807792702"
"NNOU-45110","5021807451104"
"NNOU-45713","5021807457137"
"SWV-11708","087614117089"
"NNOU-45510","5021807455102"
"PNA-00026","PNA-00026"
"NCS-93752","702669937528"
"CAR-56220","088395562204"
"JRW-03735","790011037354"
"NWY-04251","763948042517"
"GOL-13419","658010134194"
"МАА-22210","850024522114"
"YUE-01461","810165014619"
"YUE-01945","810165019454"
"NCS-67084","810014670843"
"CAL-88759","021245887591"
"NN-00001","704751117740"
"GAR-74040-1","1+1=3"
"NCS-81218","700425812188"
"NTA-26126","083000261268"
"OGA-00309","851770003094"
"BOI-30604","306969306048"
"AMN-02409","810180024099"
"MCL-21091","810094210915"
"SWV-14204","087614142043"
"NWY-13690","033674136904"
"BIOP-530023","BIOP-530023"
"SWV-11690","087614116907"
"SWV-14192","087614141923"
"AGE-12159","850026121599"
"WGH-30072","656490300726"
"CAR-48730","088395487309"
"NEL-12923","016185129238"
"RLT-21714","021888217144"
"RLT-21713","021888217137"
"RLT-21704","021888217045"
"REA-00178","835552001782"
"NCS-67294","810014672946"
"NWY-14618","033674146187"
"NOW-02249","733739022493"
"ZAH-08303","848998083038"
"SOR-36044","076280360448"
"HAV-46422","850008464225"
"NCS-00806","857077008060"
"AGE-00826","853919008267"
"QUA-21188","046985211888"
"OGA-00727","851770007276"
"CAR-04676","088395046766"
"OST-10949","5902232610949"
"YOU-00352","853244003524"
"THR-01172","693749011729"
"NKY-45641","820103456418"
"JYS-88905","850008889059"
"CAR-48700","088395487002"
"CGN-01033-d-1","CGN-01033-d-1"
"HOG-15308-d-1","HOG-15308-d-1"
"HOG-15378-d-1","HOG-15378-d-1"
"NOW-00376-d-1","NOW-00376-d-1"
"TWL-01508-d-1","TWL-01508-d-1"
"CEN-21240-d-1","CEN-21240-d-1"
"CLF-06237-d-1","CLF-06237-d-1"
"ANS-79843","850024798434"
"CAL-90322","021245903222"
"NOB-27406","850018274067"
"MCL-03980","810487039802"
"PES-00056","766298000558"
"SKH-52135","810007521350"
"PUD-00600","851615006006"
"THR-01316","693749013167"
"DIO-91102","743474911020"
"SOR-02300","076280023008"
"IRW-59711","710363597115"
"SWV-02815","087614028156"
"ZNW-72003","ZNW-72003"
"ZNW-72043","X002HVZNPX"
"ZNW-72010","810091720103"
"ZNW-72030","X0032YYJE5"
"ZNW-72020","810091720202"
"ZNW-72038","810091720387"
"ZNW-72021","Ч002к7ий0Т"
"ZNW-72050","Ч003ЙЛРЧП1"
"ZNW-72008","810091720080"
"ZNW-72031","X003498RFF"
"NCS-67497","810014674971"
"HRO-00040","864475000404"
"CGN-01264","898220012640"
"SOR-01418","076280014181"
"SWV-11353","087614113531"
"NCS-93640","702669936408"
"NCS-67064","810014670645"
"NCS-67277","810014672779"
"ZAH-08088","848998080884"
"CLF-01713","015794017134"
"UAF-51267","4820123512671"
"UAF-96012","4820205960123"
"UAF-96010","4820205960109"
"UAF-96011","4820205960116"
"MCL-03410","810487034104"
"SPR-01136","812122011365"
"CGN-02268","898220022687"
"MBM-00109","838287001096"
"SWV-14080","087614140803"
"MSC-60262","631656602623"
"NAP-82017","097467820173"
"BAC-20471","741273204718"
"NAP-33603","097467336032"
"NCS-67265","810014672656"
"NCS-67527","810014675275"
"NCS-57227","810139572275"
"LEX-24173","737870241737"
"DBE-79008","DBE-79008"
"NOR-30185","768990301858"
"DRB-00601","753950006010"
"THR-01318","693749013181"
"NOW-04222","733739042224"
"AES-00003","630694000033"
"CEN-28048","740985280485"
"NCS-57219","810139572190"
"NFS-02837","068958028378"
"MTG-93919","755571939197"
"MET-04097","755571939623"
"NCS-67018","810014670188"
"FOA-01697","818594016976"
"NCS-67047","810014670478"
"PES-99694","766298007137"
"NCS-57025","810139570257"
"SWV-07094","087614070940"
"RET-72559","700220725591"
"RET-72557","700220725577"
"SOR-02380","076280023800"
"SOR-08386","076280083866"
"SOR-37586","076280375862"
"SOR-01540","076280015409"
"SWV-11120","087614111209"
"CGN-02067","898220020676"
"CAR-10820","088395108204"
"NCS-93767","702669937672"
"THO-19433","031315194337"
"SOR-04931","076280049312"
"USN-25255","6009544925255"
"USN-43051","6009544943051"
"USN-64282","6009694864282"
"USN-61130","6009544961130"
"USN-57188","6009544957188"
"NCS-00893","857077008930"
"USN-52923","6009544952923"
"SOR-32596","076280325966"
"UAF-96009","4820205960093"
"UAF-96008","4820205960086"
"CBL-96010","4820281960109"
"CBL-93031","4820263930311"
"CBL-93047","4820263930472"
"CBL-93048","4820263930489"
"NCS-67044","810014670447"
"FHH-00248","896593002480"
"MET-00017","MET-00017"
"MCL-03255","810487032551"
"NOR-01738","768990017384"
"CDL-16550","608274165502"
"NCS-67862","810014678627"
"NEX-20300","3700225620300"
"SRE-01342","023249013426"
"KAT-78283","310539978283"
"OPN-06069","748927060690"
"EVN-59962","5908261599620"
"EVN-60919","5903933609195"
"EVN-60921","5903933609218"
"EVN-59923","5908261599231"
"EVN-59970","5908261599705"
"USN-57201","6009544957201"
"USN-52176","6009544952176"
"NYC-00894","8016867008945"
"EST-57002","4820270570111"
"EST-57003","4820270570104"
"EST-57001","4820270570098"
"EST-57006","4820270570067"
"MBM-00120","838287001201"
"NEL-13255","016185132559"
"SOL-62014","810122620143"
"SOR-01134","076280011340"
"SOR-08103","076280081039"
"MIN-61105","5425018611058"
"NCS-67322","810014673226"
"NAP-10438","097467104389"
"AGE-60903","850049609036"
"SOR-04215","076280042153"
"CAR-01121","088395011214"
"SWV-02527","087614025278"
"WED-09563","4001638095631"
"MBM-00218","838287002185"
"PES-00336","766298003368"
"SPT-12510","022506125100"
"NCS-67534","810014675343"
"CBL-93050","4820263930502"
"CBL-93049","4820263930496"
"FOA-01477","818594014774"
"NCS-67500","810014675008"
"NCS-67332","810014673325"
"SNS-00007","021078000075"
"SNS-00009","021078000099"
"SNS-00015","021078000150"
"SNS-00033","021078000334"
"SNS-00059","021078000594"
"SNS-00124","021078001249"
"SNS-00261","021078002611"
"SNS-00317","021078003175"
"SNS-00423","021078004233"
"SNS-00797","021078007975"
"SNS-00802","021078008026"
"SNS-01022","021078010227"
"SNS-01023","021078010234"
"SNS-01309","021078013099"
"SNS-01355","021078013556"
"SNS-01402","021078014027"
"SNS-01403","021078014034"
"SNS-01440","021078014409"
"SNS-01442","021078014423"
"SNS-01568","021078015680"
"SNS-01732","021078017325"
"SNS-01793","021078017936"
"SNS-01795","021078017950"
"SNS-01918","021078019183"
"SNS-02099","021078020998"
"SNS-02191","021078021919"
"SNS-02351","021078023517"
"SNS-02392","021078023920"
"SNS-02636","021078026365"
"SNS-02769","021078027690"
"SOR-25103","076280251036"
"HEC-12301","765704123010"
"HEC-50303","765704503034"
"HEC-50306","765704503065"
"HEC-50806","765704508060"
"NOW-02122-d-1","NOW-02122-d-1"
"SOL-03312-d-1","SOL-03312-d-1"
"CAL-55223-d-1","CAL-55223-d-1"
"NEO-73087-d-1","NEO-73087-d-1"
"SNS-01906-d-1","SNS-01906-d-1"
"NOW-00350-d-1","NOW-00350-d-1"
"AGE-00047","860507000473"
"NOW-00471-d-1","NOW-00471-d-1"
"NOW-03355-d-1","NOW-03355-d-1"
"PHV-41023","850023410238"
"SKH-52099","810007520995"
"SKH-52131","810007521312"
"SKH-52126","810007521268"
"SKH-52101","810007521015"
"SKH-52064","810007520643"
"SKH-52057","810007520575"
"SKH-52095","810007520957"
"SKH-52055","810007520551"
"SWV-14156","087614141565"
"TMR-00514","878941005145"
"LEX-25123","737870251231"
"NOW-02456","733739024565"
"SWV-06072","087614060729"
"MTG-92000","MTG-92000"
"DNH-23439","790223234398"
"DIO-91580","743474915806"
"NEX-00008","3700225623103"
"SOR-01703","076280017038"
"FRO-00236","089836002365"
"DTB-45002","Ч000ЩИР77А"
"PES-00451","766298004518"
"CAL-13455","021245134558"
"NCS-67139","810014671390"
"CGN-02333","898220023332"
"CDB-31849","8809240318492"
"CUR-86135","8809732861352"
"CUR-86137","8809732861376"
"CUR-86231","8809732860744"
"CUR-86068","8809732860683"
"CUR-86117","8809732861178"
"CUR-86118","8809732861185"
"CUR-86012","8809732860126"
"CUR-86013","8809732860133"
"CUR-86015","8809732860157"
"CUR-79034","8809627790347"
"CUR-70644","8809121706448"
"CUR-70641","8809121706417"
"CUR-86049","8809732860676"
"CUR-45970","8809139459701"
"CUR-86019","8809732860195"
"CUR-86121","8809732861215"
"CUR-86122","8809732861222"
"CUR-20028","8809659200289"
"CUR-20002","8809659200029"
"CUR-86045","8809732860454"
"CUR-86021","8809732860218"
"PES-01294","766298012940"
"JRW-14123","790011141235"
"NCS-67023","810014670232"
"KAT-78733","KAT-78733"
"AMX-12622","665553126227"
"REA-00011","835552000112"
"DAN-15023","618825150239"
"SWV-24099","087614240992"
"SRE-01256","023249012566"
"SOR-79003","076280790030"
"DFH-40100","DFH-40100"
"DBE-79016","Ч003ЦЦШ74З"
"NCS-67177","810014671772"
"RNA-02928","816820029288"
"SWV-14210","087614142104"
"NTA-16449","083000164491"
"BJA-70760","7350001707600"
"BJA-70763","7350001707631"
"BJA-70766","7350001707662"
"BJA-70769","7350001707693"
"BJA-70787","7350001707877"
"BJA-70540","7350001705408"
"BJA-70543","7350001705439"
"BJA-70546","7350001705460"
"BJA-70549","7350001705491"
"BJA-70431","7350001704319"
"BJA-70148","7350001701486"
"BJA-70147","7350001701479"
"BJA-70844","7350001708447"
"BJA-70363","7350001703633"
"BJA-70366","7350001703664"
"BJA-70497","7350001704975"
"BJA-70494","7350001704944"
"BJA-70348","7350001703480"
"BJA-70511","7350001705118"
"BJA-70893","7350001708935"
"BJA-70485","7350001704852"
"BJA-70351","7350001703510"
"BJA-70357","7350001703572"
"BJA-70354","7350001703541"
"BJA-70555","7350001705552"
"MAV-17489","311845174895"
"SWV-11258","087614112589"
"SWV-02838","087614028385"
"SWV-11522","087614115221"
"NCS-67535","810014675350"
"LYS-85687","5690548856877"
"LYS-85483","5690548854835"
"LYS-85754","5690548857546"
"LYS-85032","5690548850325"
"LYS-86709","5690548867095"
"LYS-86288","5690548862885"
"NCS-67211","810014672113"
"SOR-74974","076280749748"
"AGE-00048","860507000480"
"NNOU-79008","5021807790081"
"NNOU-79073","5021807790739"
"NNOU-79326","5021807793266"
"NNOU-79749","5021807797493"
"NNOU-79951","5021807799510"
"PES-00396","766298003962"
"AIL-14794","305730147941"
"FOA-01490","818594014903"
"PNA-01127","PNA-01127"
"NFS-04584","068958045849"
"NCA-82216","793579822165"
"IRW-26529","710363265298"
"CGN-02289","898220022892"
"GOI-24962","627987249620"
"EVL-90860","852687908601"
"BNR-01617","817716016177"
"FOA-66053","810126660534"
"BRA-09004","074305090042"
"NOB-27413","850018274135"
"HYX-60884","631656608847"
"NFS-04586","068958045863"
"GRP-29920","705105299204"
"SWV-21060","087614210605"
"PES-00789","766298007892"
"NAP-82004","097467820043"
"NAP-05166","097467051669"
"CGN-02108","898220021086"
"MBM-00551","838287005513"
"BLB-04004","743715040045"
"SWV-11558","087614115580"
"NCS-67528","810014675282"
"NCS-00885","857077008855"
"SWV-01010","087614010106"
"NTA-26926","083000269264"
"OLP-02538","5901330025389"
"OLP-02415","5901330024153"
"OLP-02659","5901330026591"
"OLP-01257","5901330012570"
"OLP-02333","5901330023330"
"OLP-09315","5901330093159"
"OLP-09313","5901330079580"
"OLP-02273","5901330022739"
"OLP-2275","5901330022753"
"OLP-06850","5901330068508"
"OLP-07609","5901330076091"
"OLP-02398","5901330023989"
"OLP-02435","5901330024351"
"OLP-02234","5901330022340"
"OLP-02644","5901330026447"
"OLP-03802","5901330038020"
"OLP-03806","5901330038068"
"OLP-03810","5901330038105"
"OLP-02884","5901330028847"
"OLP-08754","5901330064746"
"OLP-02236","5901330022364"
"OLP-07915","5901330079153"
"OLP-02420","5901330024207"
"OLP-03531","5901330024214"
"OLP-08249","5901330082498"
"OLP-26393","5901330049095"
"OLP-03483","5901330034831"
"OLP-05837","5901330058370"
"OLP-08489","5901330084898"
"OLP-03755","5901330037559"
"OLP-05968","5901330059681"
"OLP-05966","5901330059667"
"OLP-010651","5901330034824"
"OLP-03058","5901330030581"
"OLP-02327","5901330023279"
"OLP-00413","5901330004131"
"OLP-7098","5901330070983"
"OLP-00363","5901330003639"
"OLP-02557","5901330025570"
"OLP-34701","5901330023255"
"OLP-02324","5901330023248"
"OLP-05485","5901330054853"
"OLP-07794","5901330077944"
"OLP-2323","5901330025846"
"ADC-03082","810400030824"
"TMR-00560","878941005602"
"FOA-00265","852496002651"
"HYL-40301","354973403017"
"MBB-00006","709069000067"
"UAF-51272","4820123512725"
"AMN-02443","810180024433"
"CAL-12223","021245122234"
"CAL-51865","021245518655"
"SOR-33953","076280339536"
"TUT-00763","075371007637"
"TUT-01512","075371015120"
"TUT-01503","075371015038"
"TUT-01505","075371015052"
"TUT-01516","075371015168"
"TUT-01520","075371015205"
"TUT-00367","075371003677"
"TUT-00387","075371003875"
"TUT-00298","075371002984"
"TUT-00294","075371002946"
"TUT-00291","075371002915"
"TUT-00354","075371003547"
"TUT-00296","075371002960"
"TUT-00283","075371002830"
"TUT-00340","075371003400"
"TUT-00303","075371003035"
"TUT-00262","075371002625"
"TUT-00323","075371003233"
"TUT-00281","075371002816"
"TUT-00268","075371002687"
"TUT-00293","075371002939"
"TUT-00273","075371002731"
"TUT-00333","075371003332"
"TUT-00295","075371002953"
"SWV-11671","087614116716"
"FBS-50070","049479500703"
"NCS-93425","702669934251"
"PRT-13097","707359130975"
"SOL-01710","033984017108"
"SOL-01724","033984017245"
"SOL-00288","033984002883"
"SWV-11459","087614114590"
"NTW-00677","858081006776"
"OGA-00776","851770007764"
"USN-95821","6009544958215"
"LEX-25116","737870251163"
"EVN-59961","5908261599613"
"CLF-06446","015794064466"
"MTG-03072","755571030726"
"BGA-46015","602359460155"
"TMR-00005-d-1","TMR-00005-d-1"
"NOW-01292-d-1","NOW-01292-d-1"
"TMR-00099-d-1","TMR-00099-d-1"
"MCL-03236-d-1","MCL-03236-d-1"
"SOL-01038-d-1","SOL-01038-d-1"
"GOL-13074","658010130745"
"HBP-00084","090700000844"
"NPU-22073-d-1","NPU-22073-d-1"
"CCM-00067","313992000676"
"THR-01335","693749013358"
"SKH-52128","810007521282"
"DFH-40018","879452000582"
"NOW-02969","733739029690"
"FHH-12407","850036124078"
"MET-01505","MET-01505"
"MCL-21280","810094212803"
"AGE-00809","853919008090"
"CAR-21400","088395214004"
"NLI-57044","010043570446"
"NCS-67125","810014671253"
"PNA-00016","816511024844"
"HAV-46405","850008464058"
"NCS-67338","810014673387"
"NCS-67928","810014679280"
"EMR-00225","743650002252"
"MTG-01101","MTG-01101"
"DIO-91500","743474915004"
"MTG-91063","755571910639"
"NCS-67036","810014670362"
"DBE-79010","DBE-79010"
"DOU-97752","310539977521"
"NCS-57235","810139572350"
"CAL-85306","021245853060"
"GOL-13404","658010134040"
"SWV-01052","087614010526"
"NCS-57218","810139572183"
"FOA-01478","818594014781"
"SWV-01386","087614013862"
"WGH-00872","656490008721"
"CAR-02001","088395020018"
"SPN-01253","033739001253"
"CSL-519326","3800500519326"
"CSL-519333","3800500519333"
"CSL-519012","3800500519012"
"CSL-519890","3800500519890"
"CSL-519029","3800500519029"
"CSL-519913","3800500519913"
"CSL-519838","3800500519838"
"CSL-519951","3800500519951"
"CSL-519630","3800500519630"
"CSL-519647","3800500519647"
"CSL-519845","3800500519845"
"CSL-519821","3800500519821"
"CSL-519043","3800500519043"
"CSL-519111","3800500519111"
"CSL-636077","3800501636077"
"CSL-636084","3800501636084"
"CSL-636091","3800501636091"
"CSL-636169","3800501636169"
"CSL-636152","3800501636152"
"CSL-636145","3800501636145"
"CSL-519067","3800500519067"
"CSL-519074","3800500519074"
"CSL-519982","3800500519982"
"CSL-519050","3800500519050"
"CSL-519104","3800500519104"
"CSL-519883","3800500519883"
"CSL-519036","3800500519036"
"CSL-519708","3800500519708"
"CSL-636268","3800501636268"
"CSL-636275","3800501636275"
"CSL-636251","3800501636251"
"CSL-636237","3800501636237"
"DBE-79001","810110790018"
"NWY-15464","033674154649"
"NCS-67229","810014672298"
"MTG-93446","755571934468"
"QST-00042","888849000425"
"DBE-79100","810110790612"
"MTG-03071","755571030719"
"NDG-21010","663204210103"
"CGN-01837","898220018376"
"ECN-00015","892985000157"
"SWV-04057","087614040578"
"EHL-00788","858221007885"
"VET-03661","797801036610"
"RLT-20405","021888204052"
"SWV-11931","087614119311"
"SWV-02509","087614025094"
"SOR-10619","076280106190"
"SWV-11238","087614112381"
"BIOL-000023","BIOL-000023"
"ABU-57053","4820255570532"
"NCS-93760","NCS-93760"
"NCS-57212","810139572121"
"NCS-67950","810014679501"
"SNS-02823","021078028239"
"TAR-00715","358790007151"
"NCS-67184","810014671840"
"ABU-57047","4820255570471"
"ABU-57091","4820255570914"
"ABU-57073","4820255570730"
"ABU-57068","4820255570686"
"ABU-57045","4820255570457"
"ABU-57054","4820255570549"
"ABU-57052","4820255570525"
"ABU-57086","4820255570860"
"ABU-57048","4820255570488"
"ABU-57069","4820255570693"
"ABU-57062","4820255570624"
"ABU-57046","4820255570464"
"ABU-57057","4820255570570"
"ABU-57050","4820255570501"
"ABU-57064","4820255570648"
"ABU-57080","4820255570808"
"ABU-57079","4820255570792"
"ABU-57096","4820255570969"
"ABU-57090","4820255570907"
"SOR-03720","076280037203"
"ABU-57076","4820255570761"
"CAL-10023","021245100232"
"NCS-57156","810139571568"
"NCS-67874","810014678740"
"SBL-00144","896116001440"
"NTA-00798","083000007989"
"USN-16161","6009544916161"
"SMT-21583","764302215837"
"NCR-90148","727783901484"
"NOW-03394","733739033949"
"SWV-21027","087614210278"
"MTR-48101","300450481016"
"MCL-21365","810094213657"
"SOR-51284","076280512847"
"FLO-64725","061998647257"
"BAB-07184","679234071843"
"ZAH-08288","848998082888"
"SOR-45794","076280457940"
"SWV-24079","087614240794"
"SOG-19652","089836196521"
"SOG-18760","089836187604"
"SOG-19079","089836190796"
"FRO-50403","089836504036"
"KIM-02526","812325025268"
"VET-00548","797801005487"
"NCS-67924","810014679242"
"SWV-02948","087614029481"
"NCS-67041","810014670416"
"AKW-00041","9417574000410"
"AKW-00011","9417574000113"
"AKW-00170","893919001707"
"AKW-00031","9417574000310"
"NCS-67937","810014679372"
"NCS-93639","702669936392"
"MTG-95006","755571950062"
"PXL-22801","303160228018"
"PXL-22803","303160228032"
"PXL-22706","303160227066"
"IRW-40745","840081407455"
"CGN-01897","898220018970"
"MBM-00649","838287006497"
"CGN-02435","898220024353"
"NTA-16020","083000160202"
"NCS-57182","810139571827"
"BIOL-560827-1","BIOL-000064"
"SWV-14069","087614140698"
"NTH-11472","840093114723"
"SWV-02109","087614021096"
"PES-00562","766298005621"
"SWV-02438","087614024387"
"PRL-02355","807735023553"
"NWY-17700","033674177006"
"SKH-52036","810007520360"
"KLL-65014","Ч001ЗА52тА"
"NOW-01995","733739019950"
"DBE-79013","X003CNCAMT"
"SWV-02698","087614026985"
"AKW-00008","9417574000083"
"TMR-00710","878941007101"
"HDR-02132","HDR-02132"
"EVL-10002","810167100020"
"NBT-02253","089094022532"
"AGE-00835","853919008359"
"NCS-00816","857077008169"
"NCS-67089","810014670898"
"SOR-01341","076280013412"
"MME-00599","891597005994"
"DFH-40043","879452002272"
"NNOU-00813","5021807008131"
"NNOU-00816","5021807008162"
"NNOU-00810","5021807008100"
"NDG-36225","663204362253"
"NCS-67957","810014679570"
"SKH-52034","810007520346"
"RKT-53011","850039530111"
"RKT-53007","850039530074"
"NAP-33646","097467336469"
"MAV-12791","311845127914"
"JKF-00236","JKF-00236"
"NAP-30595","097467305953"
"AGE-12138","850026121384"
"SMS-55698","850019556988"
"HYB-05857","9506000058573"
"ELV-20001","5060442520035"
"NPU-22109","Ч001дЕВВ7Р"
"NPU-22101","X001KL3565"
"SWV-25001","087614250014"
"CGN-01210","898220012107"
"NCS-57226","810139572268"
"OPN-02957","748927029574"
"OPN-02706","748927027068"
"HRO-46800","850007468002"
"CAL-29151","021245291510"
"NCS-00891","857077008916"
"CAR-44400","088395444005"
"NCS-67583","810014675831"
"EUC-02667","072140026677"
"MCL-21268","810094212681"
"LEX-25213","737870252139"
"ORI-51249","801541512492"
"SWV-04019","087614040196"
"KLL-65092","Ч001ЕЕЩЛци"
"NWY-11209","033674112090"
"NWY-13294","033674132944"
"NWY-13716","033674137161"
"NWY-13901","033674139011"
"ABK-60038","020065600380"
"NWY-41310","033674413104"
"WLS-38816","371401388166"
"NWY-41420","033674414200"
"NWY-14292","033674142929"
"NWY-15857","033674158579"
"BAT-00294","308079002940"
"NWY-12400","033674124000"
"NWY-15418","033674154182"
"NWY-10294","033674102947"
"NWY-10295","033674102954"
"NWY-15652","033674156520"
"NWY-01787","763948017874"
"EMT-08239","763948082391"
"NWY-92316","371401923169"
"NWY-14601","033674146019"
"NWY-15440","033674154403"
"EMT-07722","763948077229"
"EMT-07712","763948077120"
"EMT-10228","763948102280"
"NWY-16750","033674167502"
"NWY-10746","763948107469"
"NWY-40310","033674403105"
"NWY-40312","033674403129"
"NWY-15590","033674155905"
"MCL-01814-d-1","MCL-01814-d-1"
"SNS-00779-d-1","SNS-00779-d-1"
"NOW-01408-d-1","NOW-01408-d-1"
"SOL-01316-d-1","SOL-01316-d-1"
"PTP-11944-d-1","PTP-11944-d-1"
"NOW-00342-d-1","NOW-00342-d-1"
"CAR-01571-d-1","CAR-01571-d-1"
"REN-53469-d-1","REN-53469-d-1"
"SOR-04511-d-1","SOR-04511-d-1"
"NDM-02717","031604027179"
"SSH-21452-01","7350057185742"
"SSH-21451-01","7350057185759"
"SSH-21455-01","7350057187005"
"SSH-21280-01","7350057186206"
"SSH-21278-01","7350057186329"
"SSH-21454-01","7350057187029"
"SSH-21456-01","7350057187012"
"EVL-24071","852665240716"
"CGN-01196","898220011964"
"CGN-02332","898220023325"
"EVL-02760","818901027602"
"LKN-01664","898220016648"
"CGN-01898","898220018987"
"CGN-01214","898220012145"
"CGN-01201","898220012015"
"BIO-531347","4820236531347"
"PHV-41034","850023410344"
"BAR-80103","705875801034"
"EVN-17043","5904347170431"
"NCS-67397","810014673974"
"NCS-67833","810014678337"
"SSH-22517-1","8380000000340"
"SSH-22518-1","8380000000357"
"SSH-22519-1","8380000000388"
"AAM-00174","855571001747"
"NOW-02646","733739026460"
"NBC-00521","728177005214"
"NDM-01277","031604012779"
"BIOL-560261","4820008560261"
"MIE-00677","MIE-00677"
"MIE-58291","850035582916"
"MIE-58225","MIE-58225"
"MIE-00676","MIE-00676"
"YOU-00307","853244003074"
"VIV-00038","022600000389"
"LEX-22233","737870222330"
"PES-00011","766298001661"
"DBE-79051","810110790513"
"NCS-67923","810014679235"
"CAR-05055","088395050558"
"PIF-48514","PIF-48514"
"BPI-02193","811213021931"
"BPI-02192","811213021924"
"IRM-15113","4260639151139"
"IRM-29309","4260196293099"
"IRM-29922","4260196299220"
"IRM-29295","4260196292955"
"IRM-29223","4260196292238"
"IRM-83602","4260426836027"
"IRM-83606","4260426836065"
"IRM-83012","4260426830124"
"IRM-29043","4260196290432"
"AIX-53857","8594159538573"
"AIX-53852","8594159538528"
"AIX-53848","8594159538481"
"AIX-00405","8594060004051"
"AIX-00407","8594060004075"
"AIX-00411","8594060004112"
"AIX-00404","8594060004044"
"AIX-53150","8594159531505"
"AIX-53151","8594159531512"
"AIX-53152","8594159531529"
"AIX-53148","8594159531482"
"AIX-53149","8594159531499"
"AIX-53142","8594159531420"
"AIX-53143","8594159531437"
"AIX-53530","8594159535305"
"AIX-53534","8594159535343"
"AIX-53531","8594159535312"
"AIX-53532","8594159535329"
"AIX-53536","8594159535367"
"AIX-53533","8594159535336"
"AIX-00859","8594060008592"
"AIX-53363","8594159533639"
"AIX-53164","8594159531642"
"AIX-00568","8594060005683"
"AIX-00903","8594060009032"
"AIX-00895","8594060008950"
"FOA-01905","818594019052"
"AIX-00897","8594060008974"
"AIX-00578","8594060005782"
"AIX-00574","8594060005744"
"AIX-00577","8594060005775"
"SNS-00848","021078008484"
"MTT-02270","627933022703"
"MTT-02272","627933022727"
"MTT-02271","627933022710"
"MTT-02264","627933022642"
"RDC-75921","850004759219"
"RDC-75925","850004759257"
"RUL-00683","853414006836"
"RUL-00682","853414006829"
"RUL-00475","858925004753"
"RUL-10721","837234107218"
"RUL-00876","196671008763"
"RUL-00476","858925004760"
"RUL-00451","858925004517"
"RUL-00993","196671009937"
"RUL-00994","196671009944"
"RUL-00992","196671009920"
"RUL-00441","196671004413"
"RUL-00787","196671007872"
"RUL-00650","196671006509"
"RUL-00648","196671006486"
"RUL-00649","196671006493"
"RUL-00801","196671008015"
"RUL-10756","837234107560"
"RUL-10759","837234107591"
"RUL-10761","837234107614"
"SPT-72182","4820249721827"
"SPT-72183","4820249721834"
"SPT-72187","4820249721872"
"NOW-08058","733739080585"
"FOA-01520","818594015207"
"NCS-67083","810014670836"
"SWV-14279","087614142791"
"SWV-11875","087614118758"
"VMC-80047","602343800479"
"HMX-67386","704521673865"
"ECF-23407","696859130755"
"LEX-24306","737870243069"
"UHP-42023","810003420237"
"KLL-31022","Ч002ИШИ5Л9"
"BIOL-000095","BIOL-000095"
"BIOL-560636","4820008560636"
"BIOL-000155","BIOL-000155"
"NDM-02896","031604028961"
"OGA-00782","851770007825"
"CAR-53340","088395533402"
"AMI-00030","838273000300"
"MBE-02146","898220021468"
"EFP-09731","749174097316"
"ABU-57070","4820255570709"
"DLC-15361","324286153619"
"NCS-67149","810014671499"
"NOR-30172","768990301728"
"BIT-23822","5999076238224"
"BIT-23816","5999076238163"
"BIT-23407","5999076234073"
"BIT-20698","5999076206988"
"BIT-22458","5999076224586"
"OST-11014","5902232611014"
"SWV-19016","087614190167"
"NEX-23769","3700225623769"
"SWV-01627","087614016276"
"SEV-45175","732913451753"
"NCS-67402","810014674025"
"NCS-67050","810014670508"
"SOR-01115","076280011159"
"MRO-62008","810104620086"
"AGE-33343","850043333432"
"NCS-67464","810014674643"
"ENZ-10137","670480101377"
"MBM-00670","838287006701"
"CGN-02273","898220022731"
"NCS-67086","810014670867"
"SWV-11669","087614116693"
"TMR-00713","878941007132"
"BOS-56913","306960569138"
"CLF-06000","015794060000"
"NCS-67321","810014673219"
"TEO-00744","857668007441"
"EVL-02167","818901021679"
"CGN-02035","898220020355"
"TMR-00890","878941008900"
"MCL-03249","810487032490"
"CGN-02302","898220023028"
"CGN-02377","898220023776"
"HYL-32021","354973320215"
"CGN-01808","898220018086"
"CGN-02029","898220020294"
"CGN-02319","898220023196"
"HMX-67385","704521673858"
"SWV-07086","087614070865"
"SWV-11057","087614110578"
"PTF-10778","021078107781"
"KTI-10743","035046107437"
"NCS-67054","810014670546"
"DFH-41000","879452002128"
"MET-00016","Ч0043АМР6А"
"NAU-62845","628110628459"
"AMN-02234","819209022344"
"NUU-02064","811660020648"
"NCS-00851","857077008510"
"LEX-18429-d-1","LEX-18429-d-1"
"LEX-15616-d-1","LEX-15616-d-1"
"LEX-20281-d-1","LEX-20281-d-1"
"NOW-05811-d-1","NOW-05811-d-1"
"SWV-14074","087614140742"
"ECN-00060","892985000607"
"HOG-15388","603573153885"
"HOG-15389","603573153892"
"HOG-53106","603573531065"
"CGN-02095","898220020959"
"LKN-01423","898220014231"
"CGN-01857","898220018574"
"SNS-02951","021078029519"
"SNS-02952","021078029526"
"SNS-02953","021078029533"
"INV-98455","794504984552"
"NNOU-00838","5021807008384"
"WMA-117101","99101117101"
"PTP-13232","074312132322"
"PTP-11152","074312111525"
"PTP-11655","074312116551"
"PTP-51661","025077516612"
"BTA-12121","634924121215"
"SPN-02349","898220023493"
"CGN-01562","898220015627"
"CGN-02288","898220022885"
"BSG-00001","771077741898"
"SOR-08207","076280082074"
"NCS-67213","810014672137"
"MOE-70688","3700227706880"
"MOE-70690","3700227706903"
"MOE-70691","3700227706910"
"MOE-70697","3700227706972"
"MOE-70692","3700227706927"
"MOE-70693","3700227706934"
"MOE-70700","3700227707009"
"MOE-70694","3700227706941"
"MOE-70695","3700227706958"
"MOE-70696","3700227706965"
"MOE-70938","3700227709386"
"MOE-70939","3700227709393"
"MOE-70950","3700227709508"
"MOE-70947","3700227709478"
"MCL-21272","810094212728"
"ICB-70735","3700227707351"
"ICB-70736","3700227707368"
"ICB-70730","3700227707306"
"ICB-70775","3700227707757"
"ICB-70776","3700227707764"
"ICB-70727","3700227707276"
"ICB-70728","3700227707283"
"ICB-70830","3700227708303"
"ICB-70720","3700227707207"
"ICB-70719","3700227707191"
"ICB-70723","3700227707238"
"ICB-70722","3700227707221"
"ICB-70721","3700227707214"
"ICB-70993","3700227709935"
"ICB-70724","3700227707245"
"ICB-70725","3700227707252"
"ICB-70744","3700227707443"
"ICB-70893","3700227708938"
"ICB-70897","3700227708976"
"ICB-70895","3700227708952"
"ICB-70900","3700227709003"
"ICB-70899","3700227708990"
"ICB-70898","3700227708983"
"ICB-70925","3700227709256"
"ICB-70926","3700227709263"
"ICB-70927","3700227709270"
"ICB-70999","3700227709997"
"ICB-70998","3700227709980"
"ICB-70997","3700227709973"
"ICB-70996","3700227709966"
"SOR-04791","076280047912"
"BLB-00159","743715001596"
"NAP-04452","097467044524"
"NAP-45966","097467459663"
"GOL-12214","658010122146"
"NCS-67911","810014679112"
"MST-161393","4260641161393"
"SRE-09000","023249090007"
"FSM-02180","816897021802"
"MOE-70689","3700227706897"
"PUS-70951","3700227709515"
"PUS-70952","3700227709522"
"AZO-76002","787651760025"
"CBL-93051","4820263930519"
"MIE-00633","854102006336"
"CLF-04135-d-1","CLF-04135-d-1"
"PTP-13201-d-1","PTP-13201-d-1"
"CSL-519029-d-1","CSL-519029-d-"
"CSL-519708-d-1","CSL-519708-d"
"SOL-01287-d-1","SOL-01287-d-1"
"NOW-00677-d-1","NOW-00677-d-1"
"PTP-15691-d-1","PTP-15691-d-1"
"PTP-10070-d-1","PTP-10070-d-1"
"NOW-03005-d-1","NOW-03005-d-1"
"BIO-530012-d-1","4820236530"
"CDL-10100-d-1","CDL-10100-d-1"
"NOW-04233-d-1","NOW-04233-d-1"
"LEX-17406-d-1","LEX-17406-d-1"
"LEX-33206-d-1","LEX-33206-d-1"
"LEX-25096-d-1","LEX-25096-d-1"
"LEX-24031-d-1","LEX-24031-d-1"
"NOW-02934-d-1","NOW-02934-d-1"
"USN-16161-d-1","USN-16161-d-1"
"LEX-12176-d-1","LEX-12176-d-1"
"MER-28017","MER-28017"
"NCS-81217","700425812171"
"CGN-02307","898220023073"
"LKN-01676","898220016761"
"LFB-73079","810102730794"
"SOR-01110","076280011104"
"OST-23262","5903246223262"
"MTG-95098","755571950987"
"MCL-21217","810094212179"
"SOR-08006","076280080063"
"NOW-00906","733739009067"
"CGN-02317","898220023172"
"SOR-14671","076280146714"
"BIT-25761","5999076257614"
"DFH-40004","879452001565"
"DFH-40089","DFH-40089"
"UEC-70141","780707701416"
"LFB-73066","810102730664"
"MCL-03295","810487032957"
"SNS-00503","021078005032"
"NEX-00028","3700225620744"
"NCS-67072","810014670720"
"SOR-11099","076280110999"
"BYN-07592","618192075920"
"TRA-00252","032917002525"
"CLG-00703","855102007033"
"SKH-52138","810007521381"
"ADC-00801","819265008016"
"OJL-32024","310310320249"
"BIT-23406","5999076234066"
"IRW-59440","710363594404"
"NTA-00638","083000006388"
"SWV-11324","087614113241"
"SWV-14077","087614140773"
"ZAH-08229","848998082291"
"BYN-02101","618192021019"
"SOR-04990","076280049909"
"AZO-76011","787651760117"
"CAL-46471","021245464716"
"VMC-47312","810078473121"
"PEN-00557","026664005571"
"CGN-01198","898220011988"
"CAR-69400","088395694004"
"BIO-531354","4820236531354"
"BIO-531361","4820236531361"
"FRI-531484","4820236531484"
"FRI-531453","4820236531453"
"FRI-531439","4820236531439"
"FRI-531545","4820236531545"
"FRI-531552","4820236531552"
"FRI-531422","4820236531422"
"FRI-531415","4820236531415"
"FRI-531408","4820236531408"
"FRI-531460","4820236531460"
"FRI-531507","4820236531507"
"FRI-531514","4820236531514"
"FRI-531385","4820236531385"
"FRI-531477","4820236531477"
"FRI-531446","4820236531446"
"FRI-531392","4820236531392"
"FRI-531491","4820236531491"
"FRI-531569","4820236531569"
"FRI-531378","4820236531378"
"FRI-531538","4820236531538"
"FRI-531521","4820236531521"
"SWV-11846","087614118468"
"CGN-01504","898220015047"
"NTA-16352","083000163524"
"BRY-67888","752830678880"
"MBM-00110","838287001102"
"SMO-45812","850005458128"
"LLX-74861","353100748618"
"NCS-67230","810014672304"
"GSN-03230","646511032309"
"FOA-66063","810126660633"
"NTF-08241","810102111111"
"ANS-26445","675757264427"
"NAU-62810","628110628107"
"CAR-04466","088395044663"
"NCS-67142","810014671420"
"NCS-67247","810014672472"
"NPU-22136","Ч001ЬПЗ4ЙР"
"PES-01196","766298011967"
"MGF-10105","051494101056"
"WIF-01007","850044010073"
"NLI-12187","040647121874"
"PRT-10993","707359109933"
"PRT-12197","707359121973"
"PRT-13046","707359130463"
"PRT-10497","707359104976"
"PRT-10406","707359104068"
"PRT-10492","707359104921"
"PRT-13557","707359135574"
"PRT-13140","707359131408"
"PRT-13142","707359131422"
"PRT-14642","707359146426"
"PRT-12928","707359129283"
"PRT-13208","707359132085"
"PRT-10072","707359100725"
"PRT-11662","707359116627"
"PRT-11811","707359118119"
"PRT-12923","707359129238"
"PRT-14638","707359146389"
"PRT-10185","707359101852"
"PRT-11554","707359115545"
"PRT-10496","707359104969"
"PRT-13788","707359137882"
"PRT-10818","707359108189"
"PRT-14603","707359146037"
"PRT-12810","707359128101"
"PRT-10491","707359104914"
"PRT-10076","707359100763"
"PRT-13282","707359132825"
"PRT-13042","707359130425"
"PRT-10035","707359100350"
"PRT-12251","707359122512"
"PRT-12919","707359129191"
"PRT-12958","707359129580"
"PRT-10471","707359104716"
"PRT-11228","707359112285"
"PRT-14936","707359149366"
"PRT-13303","707359133037"
"PRT-11120","707359111202"
"PRT-11675","707359116757"
"PRT-12645","707359126459"
"PRT-10472","707359004726"
"PRT-12375","707359123755"
"PRT-11612","707359116122"
"PRT-10906","707359109063"
"PRT-10498","707359104983"
"PRT-10089","707359100893"
"PRT-11814","707359118140"
"PRT-14686","707359146860"
"PRT-13170","707359131705"
"PRT-13172","707359131729"
"PRT-13155","707359131552"
"PRT-11444","707359114449"
"PRT-10384","707359103849"
"PRT-10104","707359101043"
"PRT-10166","707359101661"
"PRT-14777","707359147775"
"PRT-11298","707359112988"
"PRT-11290","707359112902"
"PRT-10499","707359104990"
"PRT-14739","707359147393"
"PRT-12120","707359121201"
"PRT-13055","707359130555"
"PRT-13880","707359138803"
"PRT-13802","707359138025"
"PRT-13816","707359138162"
"PRT-13340","707359133402"
"PRT-13168","707359131682"
"PRT-13346","707359133464"
"PRT-13348","707359133488"
"PRT-12926","707359129269"
"PRT-12906","707359129061"
"PRT-10716","707359107168"
"PRT-12390","707359123908"
"PRT-12957","707359129573"
"PRT-13321","707359133211"
"PRT-13500","707359135000"
"PRT-13353","707359133532"
"PRT-14852","707359148529"
"PRT-11485","707359114852"
"PRT-12973","707359129733"
"PRT-10142","707359101425"
"PRT-11661","707359116610"
"PRT-11663","707359116634"
"PRT-12168","707359121683"
"PRT-10365","707359103658"
"PRT-10345","707359103450"
"PRT-10367","707359103672"
"PRT-10994","707359109940"
"B0039N54F6","879452001152"
"GNC-128215","048107211394"
"SWV-14162","087614141626"
"NCS-93637","702669936378"
"NCS-67124","810014671246"
"CET-91753","302993917533"
"SWV-11352","087614113524"
"CGN-01566","898220015665"
"MBE-01405","898220014057"
"SOR-04357","076280043570"
"ATY-68969","x002w33NtJ"
"BLB-04018","743715040182"
"AMN-02126","810180021265"
"PES-00701","766298007014"
"VMC-47132","810078471325"
"CEM-45174","305734451747"
"MTG-93330","755571933300"
"CGN-01781","898220017812"
"HMX-67378","704521673780"
"CBU-13008","4820269130081"
"CBU-13009","4820269130098"
"CBU-13010","4820269130104"
"CBU-13013","4820269130135"
"CBU-13014","4820269130142"
"CBU-19027","4820289190270"
"CBU-19024","4820289190249"
"CBU-19026","4820289190263"
"CBU-19023","4820289190232"
"CBU-19025","4820289190256"
"CBU-19005","4820289190058"
"CBU-08171","4820272081714"
"CBU-190096","4820289190096"
"CBU-190119","4820289190119"
"CBU-19010","4820289190102"
"CBU-190072","4820289190072"
"CBU-190065","4820289190065"
"CBU-19004","4820289190041"
"CBU-190089","4820289190089"
"CBU-13003","4820269130036"
"CBU-13004","4820269130043"
"CBU-13005","4820269130050"
"CBU-13006","4820269130067"
"CBU-13007","4820269130074"
"GOL-13075","658010130752"
"LEX-22421","737870224211"
"LEX-24161","737870241614"
"LEX-24343","737870243434"
"CUR-86201","8809732862014"
"CUR-86175","8809732861758"
"CUR-86182","8809732861826"
"CUR-86202","CUR-86202"
"CUR-79050","CUR-79050"
"CUR-86052","8809732860522"
"CUR-86173","8809732861734"
"OLP-41631","5901330041631"
"CAR-04432","088395044328"
"MRO-00833","856645008334"
"NHP-99960","621983999602"
"DFH-40118","879452003286"
"CLF-07061","015794070610"
"HBL-00220","076791002202"
"MFH-77192","4820222771924"
"MFH-77249","4820222772495"
"MFH-77195","4820222771955"
"MFH-77145","4820222771450"
"MFH-77226","4820222772266"
"MFH-77158","4820222771580"
"MFH-77191","4820222771917"
"MFH-77193","4820222771931"
"MFH-77272","4820222772723"
"MFH-77261","4820222772617"
"MFH-77140","4820222771405"
"MFH-77264","4820222772648"
"MFH-77246","4820222772464"
"MFH-77265","4820222772655"
"MFH-77266","4820222772662"
"MFH-77243","4820222772433"
"MFH-77283","4820222772839"
"MFH-77241","4820222772419"
"MFH-77239","4820222772396"
"MFH-77103","4820222771030"
"MFH-77270","4820222772709"
"MFH-77242","4820222772426"
"MFH-77240","4820222772402"
"MFH-77138","4820222771382"
"MFH-77116","4820222771160"
"MFH-77259","4820222772594"
"MFH-77159","4820222771597"
"MFH-77245","4820222772457"
"MFH-77135","4820222771351"
"MFH-77244","4820222772440"
"MFH-77285","4820222772853"
"MFH-77172","4820222771726"
"MFH-77284","4820222772846"
"MFH-77094","4820222770941"
"MFH-77095","4820222770958"
"MFH-77271","4820222772716"
"MFH-77224","4820222772242"
"MFH-77276","4820222772761"
"MFH-77277","4820222772778"
"MFH-77263","4820222772631"
"MFH-77146","4820222771467"
"MFH-77147","4820222771474"
"MFH-77225","4820222772259"
"MFH-77275","4820222772754"
"MFH-77248","4820222772488"
"VSL-04116","305210041165"
"SOR-00866","076280008661"
"MFH-77267","4820222772679"
"MFH-77268","4820222772686"
"HEC-51716","765704517161"
"NCA-59980","793611599802"
"SNS-01429","021078014294"
"DAN-15014","618825150147"
"GAI-15166","751063151665"
"NCS-67022","810014670225"
"MTG-03061","755571030610"
"PES-00229","766298002293"
"NLI-00155","040647001558"
"EVL-02897","818901028975"
"PTP-box1","2000000442297"
"SNS-02891","021078028918"
"OST-17566","5902232617566"
"MTG-94997","755571949974"
"MCL-21049","810094210496"
"SWV-06029","087614060293"
"SWV-11188","087614111889"
"SWV-11280","087614112800"
"HRM-50006","850006500062"
"MCU-00008","4019042000080"
"MCU-70095","4019042700959"
"MCU-00006","4019042000066"
"MCU-00002","4019042000028"
"MCU-70124","4019042701246"
"MCU-70127","4019042701277"
"MCU-01032","4019042010324"
"MCU-70099","4019042700997"
"MCU-70102","4019042701024"
"MCU-00093","4019042000936"
"MCU-70014","4019042700140"
"MCU-70015","4019042700157"
"MCU-00063","4019042000639"
"MCU-00007","4019042000073"
"MCU-00003","4019042000035"
"MCU-00005","4019042000059"
"MCU-70068","4019042700683"
"MCU-00035","4019042000356"
"MCU-05010","4019042050108"
"MCU-70011","4019042700119"
"MCU-07502","4019042075026"
"VIA-09448","9556564094487"
"VIA-13001","9556807130019"
"VIA-13002","9556807130026"
"VIA-13004","9556807130040"
"VIA-13003","9556807130033"
"VIA-13005","9556807130057"
"VIA-18010","9556807180106"
"VIA-18006","9556807180069"
"VIA-18007","9556807180076"
"VIA-18009","9556807180090"
"VIA-18008","9556807180083"
"UKR-80041","4820205800412"
"MMT-50476","4032731504768"
"MMT-50478","4032731504782"
"BTR-86022","4820214860223"
"BTR-86025","4820214860254"
"UKR-86027","4820214860278"
"UKR-86028","4820214860285"
"PIA-86020","4820214860209"
"PIA-86019","4820214860193"
"PIA-86018","4820214860186"
"NBS-01604","850011016046"
"VMC-47395","810078473954"
"ESY-63020","810038630205"
"CBU-190157","4820289190157"
"CBU-190133","4820289190133"
"NOW-02226","733739022264"
"CGN-01346","898220013463"
"PUR-26112","659670261121"
"SOR-12444","076280124446"
"ARH-19714","033200197140"
"SWV-11240","087614112404"
"SOR-00210","076280002102"
"NCS-57252","810139572527"
"PTG-34406","840230344068"
"NCS-67051","810014670515"
"NCS-00800","857077008008"
"AIL-13305","AIL-13305"
"IRW-40547","840081405475"
"TEO-00766","857668007663"
"FOA-01858","818594018581"
"GOF-46300","715783463002"
"SWV-11761","087614117614"
"HWY-00009","HWY-00009"
"HWY-00069","616659000690"
"HWY-00047","616659000478"
"HWY-00063","616659000638"
"HWY-00135","616659001352"
"HWY-00035","616659000355"
"HWY-00151","616659001512"
"HWY-00251","616659002519"
"HWY-00147","616659001475"
"HWY-00109","616659001093"
"HWY-00114","616659001147"
"HWY-00014","616659000140"
"HWY-00061","616659000614"
"HWY-00048","616659000485"
"HWY-00092","616659000928"
"HWY-00133","616659001338"
"HWY-00159","616659001598"
"HWY-00097","616659000973"
"HWY-00197","616659001970"
"HWY-00071","616659000713"
"HWY-00171","616659001710"
"HWY-00023","616659000232"
"HWY-00025","616659000256"
"HWY-00155","616659001550"
"CLF-02489-d-1","CLF-02489-d-1"
"LEX-02016-d-1","LEX-02016-d-1"
"LEX-23166-d-1","LEX-23166-d-1"
"LEX-32906-d-1","LEX-32906-d-1"
"NAP-29923-d-1","NAP-29923-d-1"
"NOW-04683-d-1","NOW-04683-d-1"
"NOW-08300-d-1","NOW-08300-d-1"
"SNS-00050-d-1","SNS-00050-d-1"
"THR-13102-d-1","THR-13102-d-1"
"GNC-20791","048107215873"
"NCS-67015","810014670157"
"NRT-00491","074312004919"
"CEY-66577","678112665778"
"NCS-67856","810014678566"
"CAR-10920","088395109201"
"SMT-23203","764302232032"
"DOP-13252","4009932132526"
"DOP-13440","-16879158"
"DOP-13465","4009932134650"
"DOP-13542","4009932135428"
"DOP-52235","4009932522358"
"DOP-52352","4009932523522"
"DOP-52602","4009932526028"
"DOP-52652","4009932526523"
"DOP-52661","4009932526615"
"DOP-52760","4009932527605"
"DOP-52838","4009932528381"
"DOP-52776","4009932527766"
"POY-79887","300810798877"
"NCS-57099","810139570998"
"OGA-00614","851770006149"
"SWV-11698","087614116983"
"SWV-04006","087614040066"
"CAL-42990","021245429906"
"VNU-41711","693465417119"
"SWV-02076","087614020761"
"NOW-01284","733739012845"
"SSH-22730-01","2000000442389"
"SSH-11022-01","2000000442341"
"SSH-11468-01","2000000442365"
"NHY-22480","X003BXJXBL"
"LKN-02090","898220020904"
"JRW-07707","790011077077"
"NTH-12241","840093122414"
"PTF-10657","021078106579"
"GIO-18040","716237180407"
"SNS-02767","021078027676"
"NCS-57237","810139572374"
"SWV-02493","087614024936"
"TYN-44905","300450449054"
"SWV-02464","087614024646"
"NCS-67337","810014673370"
"NCS-67942","810014679426"
"OGA-00317","851770003179"
"VSA-66003","4820222660037"
"VSA-66008","4820222660082"
"VSA-66081","4820222660815"
"VSA-66083","4820222660839"
"VSA-66084","VSA-66084"
"VSA-66015","4820222660150"
"VSA-66024","4820222660242"
"VSA-66013","4820222660136"
"VSA-66076","4820222660761"
"VSA-66100","4820222661003"
"VSA-66169","4820222661690"
"VSA-66172","4820222661720"
"VSA-66179","VSA-66179"
"PTF-10780","021078107804"
"OAD-58694","016500586944"
"NCS-67460","810014674605"
"MCL-21045","810094210458"
"SPN-02380","898220023806"
"NOW-03328","733739033284"
"PUU-140033","850043014003"
"SWV-11742","087614117423"
"NCA-63967","850050639671"
"SWV-11176","087614111766"
"AUN-64820","628504648209"
"OGA-00396","851770003964"
"BIO-531798","4820236531798"
"CAR-12610","088395126109"
"WMA-109101-1","99101109101"
"CGN-02295","898220022953"
"BIP-00004","850048284005"
"NCS-67303","810014673035"
"BLB-00155","743715001558"
"HBP-01504","090700015046"
"NTA-26139","083000261398"
"USN-29260","6009698929260"
"DAN-15022","618825150222"
"MTG-01338","MTG-01338"
"SRA-23075","303160230752"
"IPS-33082","860005330829"
"SWV-02526","087614025261"
"PTF-10777","021078107774"
"SWV-02356","087614023564"
"NTH-11546","840093115461"
"CGN-01224","898220012244"
"NOW-01287","733739012876"
"GSB-68060","810037680607"
"DVI-00332","026664003324"
"NCS-67264","810014672649"
"SOL-30094","033984300941"
"MCL-03494","810487034944"
"MCL-21385","810094213855"
"NNOU-45400","5021807454006"
"PES-01127","766298011271"
"PUV-71001","PUV-71001"
"JKF-67059","628250670592"
"MBM-00118","838287001188"
"FOA-66082","810126660824"
"CGN-01900","898220019007"
"NFS-02806","068958028064"
"CGN-02020","898220020201"
"LKN-01528","898220015283"
"OST-01350","5903933901350"
"ORT-17444652","-17444652"
"AHR-06100","665231061000"
"CBU-450013","4820274450013"
"NCS-67209","810014672090"
"DVR-00726","9326123007261"
"DVR-00728","9326123007285"
"DVR-00736","9326123007360"
"DVR-00738","9326123007384"
"DVR-00743","9326123007438"
"DVR-00749","9326123007490"
"DVR-00986","9326123009869"
"DVR-00987","9326123009876"
"DVR-00806","9326123008060"
"DVR-00757","9326123007575"
"FCD-02867","818901028678"
"CDL-12700","608274127005"
"NTH-10219","840093102195"
"SWV-02675","087614026756"
"NCS-93512","702669935128"
"SYN-00467","852971004675"
"SOR-48947","076280489477"
"AMX-23011","665553230115"
"SOR-00868","076280008685"
"SWV-14278","087614142784"
"PMF-02002","811445020023"
"SWV-11465","087614114651"
"NCS-57273","810139572732"
"ANS-53478","789185534783"
"NAP-45969","097467459694"
"NOW-07638","733739076380"
"GNC-472723","048107170646"
"GOL-12470","658010124706"
"RTG-00001","RTG-00001"
"CAR-05330","088395053306"
"SWV-11809","087614118093"
"SKH-52043","810007520438"
"CBU-190218","CBU-190218"
"CBU-190195","4820289190195"
"CBU-190201","4820289190201"
"CBU-190140","4820289190140"
"CBU-190164","4820289190164"
"CBU-190171","4820289190171"
"CBU-190188","4820289190188"
"CBU-19012","4820289190126"
"MTG-94799","755571947994"
"NCA-66103","793597661036"
"SWV-14190","087614141909"
"PTF-10559","021078105596"
"MTG-93747","MTG-93747"
"USN-917090","6009544917090"
"NTH-12230","840093122308"
"AMN-02931","810180029315"
"CBL-93046","4820263930465"
"PRN-06073","4779050060734"
"PRN-06061","4779050060611"
"PRN-06059","4779050060598"
"PRN-06053","4779050060536"
"PRN-06051","4779050060512"
"PRN-06122","4779050061229"
"PRN-06121","4779050061212"
"PRN-06157","4779050061571"
"PRN-06158","4779050061588"
"PRN-06067","4779050060673"
"PRN-06070","4779050060703"
"PRN-06069","4779050060697"
"PRN-23587","5999076235872"
"PRN-06155","4779050061557"
"METU-230961","5400433230961"
"SWV-07028","087614070285"
"GAT-02110","816170021109"
"ATN-02219","816401022196"
"NOW-00900","733739009005"
"NOR-01534","768990015342"
"NCS-67166","810014671666"
"VNU-30611","693465306116"
"CGN-01978","898220019786"
"ENZ-10141","670480101414"
"XGH-00001","Ч002ЧСФГ1В"
"CDL-14550","608274145504"
"NCS-67505","810014675053"
"GOL-11773","658010117739"
"NOW-00689","733739006899"
"GAI-26010","850026260106"
"NOR-30194","768990301940"
"NTH-11284","840093112842"
"LM-00001","Ч002ИОЦРыР"
"MRO-62057","810104620574"
"SWV-06052","087614060521"
"SRE-09152","023249091523"
"CAL-78287","021245782872"
"SWV-02466","087614024660"
"TMR-00840","878941008405"
"EVL-02461","818901024618"
"ATT-10510","626232105100"
"ATY-58775","705105258775"
"OLA-40616","896364002428"
"INOA-000001","7898581083603"
"OWN-01114","812281011145"
"NOW-04690","733739046901"
"AGE-00834","853919008342"
"ABU-57087","4820255570877"
"ABU-57081","4820255570815"
"ABU-57066","4820255570662"
"ABU-57071","4820255570716"
"ABU-57063","4820255570631"
"AGE-00850","853919008502"
"ABU-57059","4820255570594"
"ABU-57077","4820255570778"
"ABU-57095","4820255570952"
"ABU-57092","4820255570921"
"ABU-57093","4820255570938"
"AGE-33399","850043333999"
"BIO-531804","4820236531804"
"NCR-90413","727783904133"
"FOA-00211","852496002118"
"NCS-67927","810014679273"
"ERT-37381","760488373811"
"MRO-62237","MRO-62237"
"HOG-42022","603573420222"
"HOG-70001","603573700010"
"HOG-70003","603573700034"
"HOG-15390","603573153908"
"HOG-15391","603573153915"
"HOG-15393","603573153939"
"HOG-15394","603573153946"
"AMN-02487","819209024874"
"NOW-02396","733739023964"
"SWV-21097","087614210971"
"CAL-94939-d-1","CAL-94939-d-1"
"GOL-11603-d-1","GOL-11603-d-1"
"LEX-22272-d-1","LEX-22272-d-1"
"NOW-00377-d-1","NOW-00377-d-1"
"SOL-35872-d-1","SOL-35872-d-1"
"HOG-35015-d-1","HOG-35015-d-1"
"HOG-15376-d-1","HOG-15376-d-1"
"ENZ-13051-d-1","ENZ-13051-d-1"
"ENZ-29010-d-1","ENZ-29010-d-1"
"DOU-01209-d-1","DOU-01209-d-1"
"NWY-13371-d-1","NWY-13371-d-1"
"NWY-10486-d-1","NWY-10486-d-1"
"SOR-28246-d-1","SOR-28246-d-1"
"SOL-03082-d-1","SOL-03082-d-1"
"NWY-10482-d-1","NWY-10482-d-1"
"NWY-11973-d-1","NWY-11973-d-1"
"NWY-15897-d-1","NWY-15897-d-1"
"NWY-15902-d-1","NWY-15902-d-1"
"NWY-15900-d-1","NWY-15900-d-1"
"NWY-15898-d-1","NWY-15898-d-1"
"LEX-20406-d-1","LEX-20406-d-1"
"SOL-03341-d-1","SOL-03341-d-1"
"SOL-01039-d-1","SOL-01039-d-1"
"SNS-02161-d-1","SNS-02161-d-1"
"SOR-17404-d-1","SOR-17404-d-1"
"NWY-10255-d-1","NWY-10255-d-1"
"NWY-10484-d-1","NWY-10484-d-1"
"NOW-00436-d-1","NOW-00436-d-1"
"PTP-78826-d-1","PTP-78826-d-1"
"NTL-05964-d-1","NTL-05964-d-1"
"NWY-15899-d-1","NWY-15899-d-1"
"NWY-15903-d-1","NWY-15903-d-1"
"PTP-13046-d-1","PTP-13046-d-1"
"NWY-10488-d-1","NWY-10488-d-1"
"DOU-02066-d-1","DOU-02066-d-1"
"LEX-24206","737870242062"
"NFS-35556","068958355566"
"NCS-57101","810139571018"
"NWY-13752","033674137529"
"THR-01358","693749013587"
"THR-01325","693749013259"
"THR-72403","693749724032"
"THR-01436","693749014362"
"THR-01422","693749014225"
"TNN-31111","TNN-31111"
"FCD-02894","818901028944"
"NOO-00004","ч00105ЫТ0о"
"CYM-18711","850025187114"
"NIV-01510","072140015107"
"GOL-12463","658010124638"
"AGE-00827","853919008274"
"TGH-47550","860010475508"
"ZTP-00710","856521007109"
"TYN-44454","300450444547"
"AGE-00847","853919008472"
"HRM-87577","646648875770"
"NCS-00872","857077008725"
"TMR-00754","878941007545"
"MTG-91232","755571912329"
"SWV-06079","087614060798"
"MTG-91317","MTG-91317"
"BIO-531774","4820236531774"
"DUX-02003","681421020039"
"NOW-03558","733739035585"
"GRW-361479","4820183361479"
"BIO-531781","4820236531781"
"BIO-531828","4820236531828"
"BOS-79724","306962797249"
"BOS-56931","306960569312"
"DBE-79073","Ч0044КФ3З3"
"SMF-64103","850045641030"
"PXL-14315","303160143151"
"QNL-00106","898440001066"
"NLI-00687","040647006874"
"NTH-10074","840093100740"
"MCL-21274","810094212742"
"LFH-83107","645951831077"
"MTG-95050","755571950505"
"NNOU-45975","5021807459759"
"NHP-99046","621983990463"
"NAP-29903","097467299030"
"PNA-01126","Ч0045Щ8я5Я"
"DEM-95658","850002956580"
"SKH-52061","810007520612"
"TEO-00758","857668007588"
"METU-224397","5400433224397"
"METU-340271","5400433340271"
"METU-290897","5400433290897"
"PES-02560","766298025605"
"VSL-23251","305210232518"
"METU-261354","5400433261354"
"METU-071038","5400433071038"
"CGN-01899","898220018994"
"NCS-67304","810014673042"
"XTL-02159","9421901419257"
"NCS-67372","810014673721"
"OST-11540","5902232611540"
"LIO-99473","810037994735"
"GNC-201555","X004GIz819"
"ABU-57072","4820255570723"
"ABU-57098","4820255570983"
"ABU-57065","4820255570655"
"ABU-37782","4780201377823"
"ABU-57044","4820255570440"
"ABU-57051","4820255570518"
"VTP-95590","810089955906"
"GEN-02306","883196148608"
"HMX-73573","Ч003КмАР3З"
"NAU-62851","628110628510"
"SWV-01986","087614019864"
"SRE-09166","023249091660"
"FHH-00280","896593002800"
"OLE-00546","858158005466"
"NTL-07683","047469076832"
"RNA-02592","816820025921"
"RNA-02691","816820026911"
"PTP-13231","074312132315"
"CGN-01243","898220012435"
"PES-01821","766298018218"
"SWV-11879","087614118796"
"NNT-04345","183405043459"
"NOW-03494","733739034946"
"ECF-23406","ECF-23406"
"HEC-33321","765704333211"
"HEC-50701","765704507018"
"HEC-50936","765704509364"
"TMR-00349","878941003493"
"MCL-01913","813006019132"
"AAM-00176","855571001761"
"SWV-11137","087614111377"
"CBL-93032","4820263930328"
"AGE-60902","850049609029"
"FOA-66031","810126660312"
"SWV-19025","087614190259"
"MGF-10367","051494103678"
"NAV-02091","811961020910"
"LEP-42926","755419429262"
"BIO-531811","4820236531811"
"BIO-box-1","BIO-box-1"
"BIO-box-2","BIO-box-2"
"BIO-box-3","BIO-box-3"
"BIO-box-4","BIO-box-4"
"BIO-box-5","BIO-box-5"
"NTH-10059","840093100597"
"DTN-00001","852546005946"
"GNM-00001","850010075037"
"DAP-00001","DAP-00001"
"DTN-00002","674276988326"
"NLI-00355","040647003552"
"SNS-00906","021078009061"
"NCA-59612","806802596129"
"MCL-21264","810094212643"
"NOW-02642","733739026422"
"SWV-02959","087614029597"
"VTP-49447","850026494471"
"SOR-04790","076280047905"
"SWV-19057","087614190570"
"BRR-80003","810071800030"
"SMF-64112","850045641122"
"WMA-19101","99100919101"
"CGN-02335","898220023356"
"FCD-02932","818901029323"
"WMA-164101","99100164101"
"WMA-204101","99101204101"
"WMA-00101","99101100101"
"WMA-203101","99101203101"
"WMA-395101","99100395101"
"WMA-907101","99100907101"
"WMA-911101","99100911101"
"ISN-620607","3700225620607"
"MBM-00432","838287004325"
"NPU-22050","ч001цд23Сз"
"WMA-113101","99101113101"
"CAL-89958","021245899587"
"BIO-532023","4820236532023"
"BIO-532030","4820236532030"
"NCS-67340","810014673400"
"LVB-71621","850002716214"
"CEM-75652","305734756521"
"BIO-531835","4820236531835"
"NOW-08069","733739080691"
"NHP-50096","621983500969"
"EUC-02461","072140024611"
"CAL-52312","021245523123"
"CAL-53570","021245535706"
"CUR-86167","8809732861673"
"CUR-70735","8809121707353"
"BJA-70672","7350001706726"
"BJA-70693","7350001706931"
"OST-14152","5903933914152"
"OST-04276","5903933904276"
"NHS-00004","635824000044"
"KRK-10056","096619928118"
"CAR-06640","088395066405"
"AMX-12291","665553122915"
"PUM-01403","850043014034"
"CGN-02275","898220022755"
"METU-280225","5400433280225"
"METU-273999","5400433273999"
"METU-277348","5400433277348"
"METU-319543","5400433319543"
"METU-330395","5400433330395"
"METU-345405","5400433345405"
"METU-245057","5400433245057"
"METU-337806","5400433337806"
"NTL-07697","047469076979"
"NWY-14240","033674142400"
"NOW-02235","733739022356"
"NOW-04307","733739043078"
"LFB-73107","810102731074"
"NAP-41007","097467410077"
"FOA-66112","810126661128"
"METU-166994","5400433166994"
"AME-04029","092961040294"
"CGN-02278","898220022786"
"FOA-66019","810126660190"
"MTG-93050","75557193050"
"NCS-67143","810014671437"
"OWH-00041","706195000411"
"SWV-11423","087614114231"
"CEM-75792","305734757924"
"SOL-02208-d-1","SOL-02208-d-1"
"NTH-12022","840093120229"
"AGE-60934","850049609340"
"PED-02757","3700225602757"
"HRM-50045","850006500451"
"NOW-03873","733739038739"
"YUV-61013","810048610136"
"FOA-01686","818594016860"
"WMA-93101","WMA-01003"
"WMA-910101","99100910101"
"WMA-099101","99101099101"
"WMA-097101","99101097101"
"WMA-30101","99101230101"
"WMA-018101","99101018101"
"WMA-017101","99101017101"
"WMA-019101","99101019101"
"WMA-878101","99100878101"
"PUD-00610","851615006105"
"SMS-55696","850019556964"
"PES-00454-d-1","PES-00454-d-1"
"SBLU-560168-d-1","SBLU-560168-d"
"NOW-01683-d-1","NOW-01683-d-1"
"SOR-36510-d-1","SOR-36510-d-1"
"ENZ-20140-d-1","ENZ-20140-d-1"
"CAR-01524-d-1","CAR-01524-d-1"
"CAR-17510-d-1","CAR-17510-d-1"
"SOR-04797-d-1","SOR-04797-d-1"
"PRN-06069-d-1","PRN-06069-d-1"
"THR-12801-d-1","THR-12801-d-1"
"PTP-19377-d-1","PTP-19377-d-1"
"LEX-23136-d-1","LEX-23136-d-1"
"BIT-22458-d-1","BIT-22458-d-1"
"CAL-27691-d-1","CAL-27691-d-1"
"JRW-01006-d-1","JRW-01006-d-1"
"SOL-19377-d-1","SOL-19377-d-1"
"NOW-01471-d-1","NOW-01471-d-1"
"OEX-10018-d-1","OEX-10018-d-1"
"SOL-01417-d-1","SOL-01417-d-1"
"ICB-70725-d-1","ICB-70725-d-1"
"LEX-20329-d-1","LEX-20329-d-1"
"NOW-01627-d-1","NOW-01627-d-1"
"PTP-17732-d-1","PTP-17732-d-1"
"MFN-34011","071022340115"
"SBLU-564463","5060216564463"
"SOL-01181-d-1","SOL-01181-d-1"
"CAL-36539-d-1","CAL-36539-d-1"
"NCS-67841","810014678412"
"EVL-02752","818901027527"
"NCS-67512","810014675121"
"SOR-04300","076280043006"
"HAV-46413","850008464133"
"JRW-35002","790011350026"
"NCA-38611","850034386119"
"SOR-08930","076280089301"
"NCS-57168","810139571681"
"MCL-03684","810487036849"
"NFS-01756","068958017563"
"SYN-00482","852971004828"
"AGE-33312","850043333128"
"FRO-00359","089836003591"
"NFS-01379","068958013794"
"SKH-52019","810007520193"
"YUV-61008","810048610082"
"SOR-04318","076280043181"
"GLD-04366","041167043660"
"CAL-48547","021245485476"
"CAR-01161","088395011610"
"PTP-00178","025077001781"
"VFU-01723","027917017235"
"SWV-02849","087614028491"
"DOP-52213","4009932522136"
"DOP-52216","4009932522167"
"DOP-00232","4009932002324"
"DOP-00220","4009932002201"
"DOP-00221","4009932002218"
"CFA-01496","898220014965"
"SWV-19012","087614190129"
"CBU-19028","4820289190287"
"MTG-94685","755571946850"
"SOR-15483","076280154832"
"SWV-14053","087614140537"
"NCS-67867","810014678672"
"SWV-43002","087614430027"
"MTG-92903","MTG-92903"
"FOA-01479","818594014798"
"METU-321232","5400433321232"
"METU-269985","5400433269985"
"METU-221044","5400433221044"
"METU-270448","5400433270448"
"METU-047064","5400433047064"
"VKS-02326","323900023260"
"SOR-04516","076280045161"
"NCS-57250","810139572503"
"UAF-97496","616450974961"
"CAR-00880","088395008801"
"NCS-67993","810014679938"
"SWV-24152","087614241524"
"DIO-99320","743474993200"
"SNS-01604","021078016045"
"DYZ-60033","705016600335"
"WMA-146101","99100146101"
"GOO-03588","5900617035882"
"GOO-03590","5900617035905"
"SPO-72018","4820249720189"
"SPO-72019","4820249720196"
"SPO-72017","4820249720172"
"SPO-72294","4820249722947"
"SPO-72275","4820249722756"
"CRR-32025","037000320258"
"IRW-40591","840081405918"
"MCL-03492","810487034920"
"AGE-12162","850026121629"
"CSI-41725","850005417255"
"DWS-27204","810142230100"
"NWY-14283","033674142837"
"NOW-00997","733739009975"
"SOR-22314","076280223149"
"SOR-19325","076280193251"
"AUN-64824","628504648247"
"SRE-09018","023249090182"
"CEM-36901","305731369014"
"NLI-83459","040647834590"
"EVL-02066","818901020665"
"BAB-07640","679234076404"
"NTH-12151","840093121516"
"SWV-14205","087614142050"
"WMA-001151","WMA-001151"
"NFB-39054","5425010390548"
"PHV-41008","850023410085"
"NCS-67537","810014675374"
"MBN-01358","898220013586"
"SWV-02685","087614026855"
"SWV-14231","087614142319"
"BAB-10633","679234106330"
"BAB-05181","679234051814"
"BAB-06106","679234061066"
"BAB-05006","679234050060"
"NOW-00387","733739003874"
"NCS-67031","810014670317"
"MTG-95303","755571953032"
"PTG-04349","183405043497"
"HYL-29566","354973295667"
"NOW-01549","733739015495"
"AGE-12121","850026121216"
"BAC-40378","741273403784"
"OLE-00502","858158005022"
"FOA-01694","818594016945"
"NCS-67536","810014675367"
"NCS-67466","810014674667"
"TMR-00848","878941008481"
"MCL-21266","810094212667"
"SOR-04352","076280043525"
"IDE-01887","898220018871"
"NTH-12267","840093122674"
"NOW-07482","733739074829"
"NCS-57412","810139574125"
"CGN-01268","898220012688"
"LFB-73067","810102730671"
"PTF-10665","021078106654"
"HRO-00044","864475000442"
"GNB-04652","750748046524"
"SMT-23144","764302231448"
"VMC-47275","810078472759"
"OAD-57121","016500571216"
"NHP-99977","621983999770"
"TMR-00239","878941002397"
"SRE-01017","023249010173"
"CAR-04405","088395044052"
"SWV-11791","087614117911"
"SWV-11684","087614116846"
"NCS-67085","810014670850"
"OGA-00311","851770003117"
"CLF-00001","679909000017"
"BOI-05709","306969057094"
"LLN-00002","LLN-00002"
"PXL-25916","303160259166"
"BIO-531989","4820236531989"
"BIO-531996","4820236531996"
"BIO-532009","4820236532009"
"BIO-531873","4820236531873"
"FRI-531934","4820236531934"
"FRI-531972","4820236531972"
"FRI-531965","4820236531965"
"FRI-531958","4820236531958"
"FRI-531941","4820236531941"
"FRI-531927","4820236531927"
"FRI-531910","4820236531910"
"FRI-531903","4820236531903"
"FRI-531897","4820236531897"
"FRI-531880","4820236531880"
"BIO-532061","4820236532061"
"BIO-532078","4820236532078"
"BIO-532047","4820236532047"
"BIO-532054","4820236532054"
"SWV-11458","087614114583"
"AGE-12174","850026121742"
"NCS-67298","810014672984"
"SOR-01184","076280011845"
"SWV-02062","087614020624"
"CLF-05048","015794050483"
"IRW-59352","710363593520"
"ZAH-08102","848998081027"
"PAP-62335","687735623355"
"SUN-531866","4820236531866"
"SUN-531859","4820236531859"
"SUN-531842","4820236531842"
"TEZ-04018","5060630040185"
"TEZ-68454","5060926684543"
"TEZ-04299","5060630042998"
"TEZ-68456","5060926684567"
"TEZ-04538","5060630045388"
"TEZ-04373","5060630043735"
"TEZ-04061","5060630040611"
"TEZ-04720","5060630047207"
"TEZ-68472","5060926684727"
"TEZ-04415","5060630044152"
"TEZ-68104","5060926681047"
"TEZ-68452","5060926684529"
"TEZ-04421","5060630044213"
"TEZ-04738","5060630047382"
"TEZ-68101","5060926681016"
"TEZ-68451","5060926684512"
"TEZ-68092","5060926680927"
"TEZ-37585","5060173375850"
"TEZ-68066","5060926680668"
"TEZ-37621","5060173376215"
"TEZ-37623","5060173376239"
"TEZ-68167","5060926681672"
"TEZ-68471","5060926684710"
"TEZ-04876","5060630048761"
"TEZ-68170","5060926681702"
"TEZ-68547","5060926685472"
"TEZ-68453","5060926684536"
"TEZ-04131","5060630041311"
"TEZ-04704","5060630047047"
"TEZ-68450","5060926684505"
"TEZ-68498","5060926684987"
"TEZ-04795","5060630047955"
"TEZ-68233","5060926682334"
"TEZ-04797","5060630047979"
"TEZ-04799","5060630047993"
"TEZ-04801","5060630048013"
"TEZ-04398","5060630043988"
"TEZ-04392","5060630043926"
"TEZ-04384","5060630043841"
"TEZ-04404","5060630044046"
"TEZ-04776","5060630047764"
"AME-04023","092961040232"
"CEN-28037","740985280379"
"SNS-02782","021078027829"
"LFB-06235","850023062352"
"MSC-61017","631656610178"
"CAL-37187","021245371878"
"MVN-27328","850018273282"
"FCD-02872","818901028722"
"MCL-01835","813006018357"
"CGN-02223","898220022236"
"ANH-20425","5056555204252"
"SWV-14154","087614141541"
"IMF-00019","8809525930531"
"OST-00407","5903933900407"
"CGN-01818","898220018185"
"BGL-80581","647125805815"
"YUV-61122","810048611225"
"PRN-06061-d-1","PRN-06061-d-1"
"PRN-06108-d-1","PRN-06108-d-1"
"USN-00153-d-1","USN-00153-d-1"
"THR-00631-d-1","THR-00631-d-1"
"THR-00366-d-1","THR-00366-d-1"
"JRW-16033-d-1","JRW-16033-d-1"
"NOW-02260-d-1","NOW-02260-d-1"
"NOW-03159-d-1","NOW-03159-d-1"
"OPN-02385-d-1","OPN-02385-d-1"
"SNS-00033-d-1","SNS-00033-d-1"
"CAR-01523-d-1","CAR-01523-d-1"
"TMR-00287-d-1","TMR-00287-d-1"
"NOW-01676-d-1","NOW-01676-d-1"
"PTP-17896-d-1","PTP-17896-d-1"
"CGN-01092-d-1","CGN-01092-d-1"
"NOR-01665-d-1","NOR-01665-d-1"
"HOG-23694-d-1","HOG-23694-d-1"
"HOG-15144-d-1","HOG-15144-d-1"
"NOW-02026-d-1","NOW-02026-d-1"
"CAR-17240-d-1","CAR-17240-d-1"
"CGN-02021-d-1","CGN-02021-d-1"
"HOG-41334-d-1","HOG-41334-d-1"
"SOR-04814-d-1","SOR-04814-d-1"
"NAP-29949-d-1","NAP-29949-d-1"
"NOW-04742-d-1","NOW-04742-d-1"
"NOW-00478-d-1","NOW-00478-d-1"
"SBLU-820094-d-1","SBLU-820094-d"
"CEN-27504-d-1","CEN-27504-d-1"
"SOL-01450-d-1","SOL-01450-d-1"
"DRB-00251-d-1","DRB-00251-d-1"
"LEX-14326-d-1","LEX-14326-d-1"
"CEN-22702-d-1","CEN-22702-d-1"
"THR-01174-d-1","THR-01174-d-1"
"NOW-07715-d-1","NOW-07715-d-1"
"PTP-11380-d-1","PTP-11380-d-1"
"PTP-12570-d-1","PTP-12570-d-1"
"PTP-15315-d-1","PTP-15315-d-1"
"MCL-01458-d-1","MCL-01458-d-1"
"PTP-16250-d-1","PTP-16250-d-1"
"JRW-23007-d-1","JRW-23007-d-1"
"NOW-01656-d-1","NOW-01656-d-1"
"NOW-03878-d-1","NOW-03878-d-1"
"NOW-03308-d-1","NOW-03308-d-1"
"BIT-25761-d-1","BIT-25761-d-1"
"NOW-02448-d-1","NOW-02448-d-1"
"PTP-35872-d-1","PTP-35872-d-1"
"NOW-00680-d-1","NOW-00680-d-1"
"SOL-01699-d-1","SOL-01699-d-1"
"NCS-67885","810014678856"
"REN-15863","631257158635"
"PET-68041","5060926680415"
"RET-99550","638142995504"
"PET-68614","5060926686141"
"PET-68057","5060926680576"
"PET-68045","5060926680453"
"PET-37835","5060173378356"
"PET-04171","5060630041717"
"DRB-00623","753950006232"
"FOA-01733","818594017331"
"NBP-03036","NBP-03036"
"CAR-55910","088395559105"
"NBS-01613","850011016138"
"PRT-13121","707359131217"
"PRT-12912","707359129122"
"PRT-11649","707359116498"
"NDX-01450","728650014504"
"NCS-67138","810014671383"
"SOR-39904","076280399042"
"CLF-05301","015794053019"
"NTW-00607","858081006073"
"BRY-16010","646858160109"
"LRE-76600","860002766003"
"BPF-02425","815709024253"
"PHF-00166","349597001664"
"CAL-52260","021245522607"
"TEO-00714","857668007144"
"NCS-67328","810014673288"
"MTG-94742","755571947420"
"CEN-28063","740985280638"
"BKN-14209","628055142096"
"SMA-02082","817053020820"
"SMA-02081","817053020813"
"KIM-02188","812325021888"
"NCS-67305","810014673059"
"NCS-67949","810014679495"
"SPN-02442","898220024421"
"AMG-00687","829835006878"
"BioticsResearch5100","ч001Т6Е7уМ"
"NOW-01647","733739016478"
"CAR-01711","088395017117"
"PRN-25774","5999076257744"
"EFP-09742","749174097422"
"SNS-02371","021078023715"
"GNC-283312","048107182571"
"EID-00030","640923000307"
"LFB-06257","850023062574"
"LFB-73063","810102730633"
"MCL-03881","810487038812"
"NCS-57401","810139574019"
"SPN-02516","898220025169"
"OGA-00735","851770007351"
"NOB-27437","850018274371"
"PES-00357","766298003573"
"NBC-00520","728177005207"
"MTG-95230","755571952301"
"NTF-08395","810102111135"
"SWV-01283","087614012834"
"MTG-91245","755571912459"
"NAV-00028","858847000284"
"PPT-83563","8809890835639"
"PPT-00001","PPT-00001"
"FOA-01685","818594016853"
"ADC-03720","810400037205"
"TMR-00747","878941007477"
"YOU-00721","850502007218"
"ATN-02475","816401024756"
"NPU-22010","Ч0018И1Й8Д"
"IRW-41163","840081411636"
"NCS-67068","810014670683"
"MCL-21304","810094213046"
"SKH-52152","810007521527"
"PES-01459","766298014593"
"ITH-16081","871791004061"
"SKH-52014","810007520148"
"SKH-52008","810007520087"
"SKH-52164","810007521640"
"MCL-03412","810487034128"
"GOL-11841","658010118415"
"SWV-17008","087614170084"
"ADC-03118","810400031180"
"DWS-00739","DWS-00739"
"PHP-35412","312843541207"
"SWV-11811","087614118116"
"AGE-60959","850049609593"
"AGE-60931","850049609319"
"NTH-12356","840093123565"
"SWV-11143","087614111438"
"WMA-947101","99100947101"
"SWV-17046","087614170466"
"LEX-24336","737870243366"
"FOA-66153","810126661531"
"MTG-94384","MTG-94384"
"NCS-67405","810014674056"
"LKN-01554","898220015542"
"NCS-67916","810014679167"
"MTC-00000","633924000001"
"NCA-59965","793611599659"
"SWV-11524","087614115245"
"CAL-16283","021245162834"
"MRO-00868","856645008686"
"CLF-05807","015794058076"
"ZAH-08269","848998082697"
"NCS-67376","810014673769"
"NCS-67210","810014672106"
"AMX-12192","665553121925"
"NOR-30187","768990301872"
"LEX-25277","737870252771"
"NCS-67846","810014678467"
"WSY-25782","860003257821"
"YUV-61051","810048610518"
"WIF-01008","850044010080"
"BIO-532207","4820236532207"
"NTH-11655","840093116550"
"AGE-00811","853919008113"
"TMR-00888","878941008887"
"EUR-41009","367703410094"
"EUR-40606","367703406066"
"NFS-04573","068958045733"
"NIV-02554","NIV-02554"
"MTG-01950","755571019509"
"BIT-22838","5999076228386"
"BIT-24064","5999076240647"
"BIT-22837","5999076228379"
"HYL-40871","354973408715"
"CAL-10577","021245105770"
"CGN-02379","898220023790"
"RNA-02399","816820023996"
"EVL-02069","818901020696"
"MCL-21350","810094213503"
"AGE-33389","850043333890"
"GNC-553723","048107177768"
"NCS-67223","810014672236"
"NWY-11582","033674115824"
"MTB-51434","764779514341"
"SWV-24030","087614240305"
"LKN-01663","898220016631"
"SFD-01062","803813010620"
"HYB-25229","9504000252298"
"WOR-59787","726899597871"
"GBR-04962","015000049621"
"YUV-61059","810048610594"
"DLC-15159","024286151591"
"HRM-50013","850006500130"
"YOU-00309","853244003098"
"SOL-00800-d-1","SOL-00800-d-1"
"PTP-50779-d-1","PTP-50779-d-1"
"NOW-00446-d-1","NOW-00446-d-1"
"NOW-02700-d-1","NOW-02700-d-1"
"NTD-86021-d-1","NTD-86021-d-1"
"NOW-02958-d-1","NOW-02958-d-1"
"NOR-02770-d-1","NOR-02770-d-1"
"PTP-13231-d-1","PTP-13231-d-1"
"LEX-23141-d-1","LEX-23141-d-1"
"NOW-03556-d-1","NOW-03556-d-1"
"OPN-05249-d-1","OPN-05249-d-1"
"THR-00435-d-1","THR-00435-d-1"
"SOL-00520-d-1","SOL-00520-d-1"
"SOL-35832-d-1","SOL-35832-d-1"
"LEX-95410-d-1","LEX-95410-d-1"
"PED-02610-d-1","PED-02610-d-1"
"SOL-57600-d-1","SOL-57600-d-1"
"SOL-01151-d-1","SOL-01151-d-1"
"SOL-01016-d-1","SOL-01016-d-1"
"MCL-01732-d-1","MCL-01732-d-1"
"SOL-02820-d-1","SOL-02820-d-1"
"THR-13801-d-1","THR-13801-d-1"
"SOL-36204-d-1","SOL-36204-d-1"
"NWY-64600-d-1","NWY-64600-d-1"
"OPN-02647-d-1","OPN-02647-d-1"
"FRI-531422-d-1","FRI-531422-d-"
"FRI-531521-d-1","FRI-531521-d-"
"FRI-531545-d-1","FRI-531545-d-"
"NCS-00888","857077008886"
"NRB-51766","649908517663"
"TEZ-04275","5060630042752"
"TEZ-04063","5060630040635"
"TEZ-04636","5060630046361"
"MTB-50759","764779507596"
"SWV-02900","087614029009"
"AMN-02375","810180023757"
"SPN-02427","898220024278"
"NCS-57236","810139572367"
"NAV-02263","811961022631"
"CGN-02167","898220021673"
"NAI-21031","022600210313"
"CGN-01874","898220018741"
"OLE-01566","858158015663"
"NOW-04633","733739046338"
"BIOL-000038","BIOL-000038"
"BIOL-000150","BIOL-000150"
"BIOL-560162","4820008560162"
"BIOL-560681","4820008560681"
"BIOL-560179","4820008560179"
"BIOL-000018","BIOL-000018"
"BIOL-560322","BIOL-560322"
"METU-900025","6689149"
"NOW-04959","733739049599"
"DFH-40133","879452002425"
"NCS-67513","810014675138"
"PAR-77906","601944779061"
"LFB-73023","810102730237"
"PTF-10076","021078100768"
"GBR-04941","015000049416"
"SNS-02889","021078028895"
"NTH-10369","840093103697"
"NHP-99018","621983990180"
"SFD-10105","803813101052"
"DRB-00512","753950005129"
"SRE-01234","023249012344"
"TMR-00555","878941005558"
"WGH-01422","656490014227"
"WGH-55522","656490555225"
"SWV-11544","087614115443"
"NOW-03395","733739033956"
"SRE-09158","023249091585"
"NCS-67469","810014674698"
"SWV-11464","087614114644"
"PTF-10538","021078105381"
"NOW-07907","733739079077"
"HMX-72997","756029729971"
"SPN-02490","898220024902"
"PHV-41071","850023410719"
"CGN-02526","898220025268"
"CMX-00949","CMX-00949"
"BIT-20742","5999076207428"
"BIT-20743","5999076207435"
"NCS-67108","810014671086"
"EVL-02921","818901029217"
"CSR-00003","747889000034"
"AGE-12129","850026121292"
"NTH-10081","840093100818"
"DNH-10154","790223101546"
"PFF-00001","X0044nFCJT"
"CEM-75765","305734757658"
"ABU-57049","4820255570495"
"ABU-57082","4820255570822"
"ABU-57055","4820255570556"
"AGE-12185","850026121858"
"MTG-94362","755571943620"
"NFS-02820","068958028200"
"CGN-01725","898220017256"
"FIZ-54009","4820262540092"
"FIZ-54039","4820262540399"
"FIZ-54034","4820262540344"
"FIZ-54033","4820262540337"
"FIZ-54066","4820262540665"
"FIZ-54065","4820262540658"
"NDX-05808","728650058089"
"YOU-92035","850021920357"
"IRM-13527","4260648135274"
"RUL-00336","196671003362"
"NTN-17199","8594073171993"
"NTN-17495","8594073174956"
"NTN-17087","8594073170873"
"NTN-86492","8594014864922"
"PTF-10781","021078107811"
"NWY-10004","020065100040"
"AGE-00819","853919008199"
"TNQ-99960","850037999606"
"VMC-47460","810078474609"
"NCA-38619","850034386195"
"USN-62076","6009544962076"
"USN-62106","6009544962106"
"PBY-00753","858416007539"
"NTN-17201","8594073172013"
"NCA-59948","793611599482"
"AGE-60967","850049609678"
"DBE-79015","Ч003ЗЧ8561"
"OPN-06092","748927060928"
"SOR-04589","076280045895"
"FOA-66158","810126661586"
"BIO-532092","4820236532092"
"PES-00205","766298002057"
"ENZ-10078","670480100783"
"AMN-02167","810180021678"
"WIF-00466","857188004661"
"NTH-12346","840093123466"
"SPN-02449","898220024490"
"CSR-01180","747889011801"
"FOA-66040","810126660404"
"BIO-532085","4820236532085"
"SNS-01449","021078014492"
"OLP-03194","5901330031946"
"LEX-20331","737870203315"
"NOR-30166","768990301667"
"FIZ-54003","4820262540030"
"NCS-67396","810014673967"
"MTT-02269","627933022697"
"FRO-31074","089836310743"
"NFU-74001","741459740016"
"GEN-02184","883196137107"
"NDX-06935","728650069351"
"SWV-01984","087614019840"
"ZAH-08253","848998082536"
"SWV-14114","087614141145"
"LKN-01660","898220016600"
"FOA-66111","810126661111"
"SWV-02659","087614026596"
"LTD-40132","026395401321"
"MCL-03347","810487033473"
"LFB-73105","810102731050"
"METU-342787","5400433342787"
"SOR-04772","076280047721"
"NCS-67943","810014679433"
"RMS-06838","628110068385"
"GLD-04330","041167043301"
"TUT-02142","075371021428"
"TUT-02130","075371021305"
"TUT-02128","075371021282"
"TUT-02129","075371021299"
"TUT-02117","075371021176"
"TUT-02123","075371021237"
"TUT-02112","075371021121"
"TUT-02109","075371021091"
"NOW-04794","733739047946"
"PRT-10487","707359104877"
"MTF-00004","830568000040"
"BGA-46029","602359460292"
"NHP-99047","621983990470"
"VSL-20677","305210206779"
"FOA-66049","810126660497"
"NCS-00874","857077008749"
"CAR-46720","088395467202"
"CAR-86680","088395866807"
"NCS-93417","NCS-93417"
"OLE-20061","840160200618"
"BTZ-75102","737212751023"
"CAL-13794","021245137948"
"SWV-01920","087614019208"
"SMO-45889","850005458890"
"SWV-01316","087614013169"
"CEY-25433","678112254330"
"LKN-01417","898220014170"
"SOR-88289","076280882896"
"SOR-64016","076280640168"
"EVL-02972","818901029729"
"EVL-02898","818901028982"
"SWV-02843","087614028439"
"HCM-14002","050000140022"
"PHV-77945","850030779458"
"YUV-61259","810048612598"
"NCS-57276","810139572763"
"PRT-13301","707359133013"
"VMC-47407","810078474074"
"RMS-06805","628110068057"
"PRT-12235","707359122352"
"TOM-01164","827854011644"
"AGE-12116","850026121162"
"PES-00075","766298000756"
"IRW-40436","840081404362"
"CAL-72660","021245726609"
"RNA-02395","816820023958"
"EUC-02553","072140025533"
"SWV-11290","087614112909"
"EVL-02907","818901029071"
"KIM-02140","812325021406"
"KIM-02507","812325025077"
"FBS-50080","049479500802"
"ART-190033","4820280190033"
"ART-190019","4820280190019"
"ART-190026","4820280190026"
"ART-809093","4823000809093"
"SKH-52160","810007521602"
"GNC-424630","048107173890"
"NUU-02067","811660020679"
"NCS-57423","810139574231"
"MTG-94875","755571948755"
"SWV-02366","087614023663"
"OLP-2268","5901330022685"
"MTG-91057","755571910578"
"CLF-02679","015794026792"
"MBN-01360","898220013609"
"NTH-11348","840093113481"
"SWV-11059","087614110592"
"DFH-00218","879452002180"
"NAP-33609","097467336094"
"DRB-00626","753950006263"
"SWV-01797","087614017976"
"CGN-02527","898220025275"
"NCS-67183","810014671833"
"PTR-02197","Ч001КЙЕ1МИ"
"MSC-70318","631656703184"
"CAR-08534","088395085345"
"WSY-25784","860003257845"
"VVA-74796","701722747968"
"PRN-06120","4779050061205"
"PRN-06125","4779050061250"
"PRN-12235","1354200122352"
"PRN-12067","1354200120679"
"PRN-12069","1354200120693"
"SPN-02180","898220021802"
"BIO-532108","4820236532108"
"NCS-67148","810014671482"
"TEZ-04270","5060630042707"
"TEZ-37397","5060173373979"
"TEZ-68549","5060926685496"
"TEZ-68440","5060926684406"
"AGE-60901","850049609012"
"DFH-40155","879452000216"
"IRW-41068","840081410684"
"NAV-02251","811961022518"
"NAV-02250","811961022501"
"AMX-20214","665553202143"
"MRM-71055","609492710550"
"VSI-02901","766536029013"
"SWV-11583","087614115832"
"CTL-40149","049100401492"
"DBE-79004","DBE-79004"
"SOR-12743","076280127430"
"SOR-00170","076280001709"
"NCA-38689","850034386898"
"AGE-00843","853919008434"
"INV-98485","794504984859"
"SWV-01847","087614018478"
"OAD-59642","016500596424"
"NWY-03502-d-1","NWY-03502-d-1"
"PTP-16128-d-1","PTP-16128-d-1"
"HOG-15356-d-1","HOG-15356-d-1"
"NCR-00371-d-1","NCR-00371-d-1"
"NCR-00327-d-1","NCR-00327-d-1"
"NOW-02271-d-1","NOW-02271-d-1"
"PTP-10005-d-1","PTP-10005-d-1"
"ICB-70724-d-1","ICB-70724-d-1"
"SWV-01883-d-1","SWV-01883-d-1"
"SOL-00509-d-1","SOL-00509-d-1"
"FRI-531491-d-1","FRI-531491-d-"
"CEN-28063-d-1","CEN-28063-d-1"
"CBL-93032-d-1","CBL-93032-d-1"
"MGF-10106-d-1","MGF-10106-d-1"
"SOL-01935-d-1","SOL-01935-d-1"
"PTP-11370-d-1","PTP-11370-d-1"
"MCL-01848-d-1","MCL-01848-d-1"
"SWV-02101-d-1","SWV-02101-d-1"
"SKH-52098","810007520988"
"NFS-02070","068958020709"
"NFS-02800","068958028002"
"TOM-01171","827854011712"
"BOG-02997","818423029979"
"OLP-034756","5901330034756"
"BIO-532184","4820236532184"
"BIO-532191","4820236532191"
"LEX-25206","737870252061"
"NOW-00215-d-1","NOW-00215-d-1"
"NCA-94745","850047947451"
"DLC-15165","024286151652"
"NCS-57155","810139571551"
"BIT-23403-d-1","BIT-23403-d-1"
"ISN-64083","3700225640834"
"GLD-05400","041167054000"
"NCS-93779","810014675336"
"DBE-79003","DBE-79003"
"FOA-66039","810126660398"
"RNA-02050","816820020506"
"NHP-50057","621983500570"
"CGN-02484","898220024841"
"DBE-79086","DBE-79086"
"NCS-67869","810014678696"
"MBM-00529","838287005292"
"THR-01509","693749015093"
"UAF-80334","4820258803347"
"UAF-80335","4820258803354"
"UAF-80329","4820258803293"
"UAF-80330","4820258803309"
"UAF-80331","4820258803316"
"UAF-80332","4820258803323"
"UAF-80327","4820258803279"
"UAF-80328","4820258803286"
"UAF-80333","4820258803330"
"UAF-80325","4820258803255"
"UAF-80322","4820258803224"
"UAF-80321","4820258803217"
"UAF-66425","5060318664252"
"UAF-66428","5060318664283"
"UAF-66419","5060318664191"
"NTH-11137","840093111371"
"NCS-57436","810139574361"
"SWV-01532","087614015323"
"NOW-01291","733739012913"
"ZHO-97947","669191979474"
"LPO-00003","864548000034"
"NTH-12098","840093120984"
"MRO-62285","810104622851"
"SOR-04390","076280043907"
"SWV-02860","087614028606"
"LFB-73080","LFB-73080"
"LFB-73102","810102731029"
"MGF-10169","051494101698"
"SWV-11814","087614118147"
"SMO-55250","850045552503"
"NTH-10100","840093101006"
"NCS-57343","810139573432"
"BIOL-560117-d-1","BIOL-560117-d"
"GOL-13181","658010131810"
"ENZ-11015","670480110157"
"NCS-67909","810014679099"
"MNW-532467","4820236532467"
"MNW-532450","4820236532450"
"MNW-532443","4820236532443"
"MNW-532559","4820236532559"
"MNW-532542","4820236532542"
"MNW-532535","4820236532535"
"MNW-532528","4820236532528"
"DMR-73020","363736730208"
"MNW-532511","4820236532511"
"MNW-532504","4820236532504"
"MNW-532498","4820236532498"
"MNW-532481","4820236532481"
"MNW-532474","4820236532474"
"MNW-532580","4820236532580"
"MNW-532573","4820236532573"
"MNW-532566","4820236532566"
"MNW-532665","4820236532665"
"MNW-532634","4820236532634"
"MNW-532627","4820236532627"
"MNW-532610","4820236532610"
"MNW-532603","4820236532603"
"MNW-532597","4820236532597"
"MNW-532658","4820236532658"
"MNW-532641","4820236532641"
"NCS-67040","810014670409"
"PRT-10157","707359101579"
"PRT-10370","707359103702"
"PRT-10371","707359103719"
"PRT-10379","707359103795"
"PRT-11287","707359112872"
"PRT-11614","707359116146"
"PRT-12253","707359122536"
"PRT-12943","707359129436"
"PRT-13134","707359131347"
"PRT-13175","707359131750"
"PRT-14633","707359146334"
"PRT-14732","707359147324"
"PRT-15905","707359159051"
"PRT-12396","707359123960"
"CAR-02211","088395022111"
"MNW-532795","4820236532795"
"PRT-13049","707359130494"
"MVN-27359","850018273596"
"NRX-75538","850005755388"
"VKS-04056","323900040564"
"PTF-10749","021078107491"
"MNW-532801","4820236532801"
"MNW-532818","4820236532818"
"MNW-532825","4820236532825"
"MNW-532832","4820236532832"
"BNR-01267","817716012674"
"FES-21041","782932210411"
"NRT-00526","074312005268"
"MTG-95229","755571952295"
"BTB-00501","852451005017"
"CAL-98645","021245986454"
"NOR-31165","768990311659"
"BNR-01078","817716010786"
"SPN-02357","898220023578"
"PHV-41017","850023410177"
"NCS-67922","810014679228"
"CGN-01893","898220018932"
"OGA-00325","851770003254"
"FOA-01683","818594016839"
"SWV-11855","087614118550"
"PBY-00747","858416007478"
"FOA-66067","810126660671"
"HOG-15396","603573153960"
"HOG-15398","603573153984"
"HOG-15399","603573153991"
"NTH-10208","840093102089"
"OLE-20062","840160200625"
"SNS-02801","021078028017"
"ACG-02010","894612020101"
"NCS-67532","810014675329"
"PES-02521","766298025216"
"SWV-11304","087614113043"
"CAR-10910","088395109102"
"NPU-22106","ч0027гьефи"
"DMY-35317","850010353173"
"NCA-45787","806810457870"
"PUM-01409","850043014096"
"VMC-47371","810078473718"
"CAR-82810","088395828102"
"DBA-29735","197644297351"
"SNS-00870","SNS-00870"
"AME-04034","092961040348"
"RSK-25098","4820064250984"
"RSK-25086","4820064250861"
"RSK-25034","4820064250342"
"RSK-25067","4820064250670"
"RSK-25075","4820064250755"
"RSK-25074","4820064250748"
"RSK-25093","4820064250939"
"RSK-25047","4820064250472"
"RSK-25041","4820064250410"
"RSK-25050","4820064250502"
"RSK-25053","4820064250533"
"RSK-25092","4820064250922"
"RSK-25030","4820064250304"
"RSK-25071","4820064250717"
"RSK-25037","4820064250373"
"RSK-25044","4820064250441"
"RSK-25059","RSK-25059"
"RSK-25051","4820064250519"
"RSK-25110","4820064250878"
"RSK-25079","4820064250793"
"ECN-00028","892985000287"
"SOR-56619","076280566192"
"SOR-04168","076280041682"
"TSL-00044","187451000442"
"PBL-00338","855757003381"
"LLX-46925","353100469254"
"WOR-51824","726899518241"
"NCS-57437","810139574378"
"SWV-11505","087614115054"
"FLR-00009","704142000248"
"CBU-130234","4820269130234"
"CBU-130241","4820269130241"
"HYL-82007","810087820077"
"CBU-13022","4820269130227"
"NCS-67370","810014673707"
"TYN-44910","TYN-44910"
"NCS-93503","702669935036"
"PHF-00135","349597001350"
"MTG-91442","MTG-91442"
"CAR-00866","088395008665"
"NCS-67859","810014678597"
"AOR-08333","624917083330"
"NBG-10287","812806102877"
"CGN-02385","898220023851"
"BRA-05116","074305051166"
"EVL-02848","818901028487"
"AMX-22822","665553228228"
"SWV-06083","087614060835"
"MCL-03237","810487032377"
"MII-61601","850015616013"
"NEX-62395","3700225623950"
"BTZ-75123","BTZ-75123"
"GAI-26012","850026260120"
"NCS-57246","810139572466"
"MAV-17639","311845176394"
"BIO-532856","4820236532856"
"NHI-01002","732894010024"
"NTH-11575","840093115751"
"SOR-20055","076280200553"
"SWV-01673","087614016733"
"NEL-13287","016185132870"
"NTH-10073","840093100733"
"NTH-10112","840093101129"
"NTH-10152","840093101525"
"NTH-10161","840093101617"
"NTH-10169","840093101693"
"NTH-10206","840093102065"
"NTH-10529","840093105295"
"NTH-10579","840093105790"
"NTH-10583","840093105837"
"NTH-10597","840093105974"
"NTH-10598","840093105981"
"NTH-10762","840093107626"
"NTH-10959","840093109590"
"NTH-10982","840093109828"
"NTH-11098","840093110985"
"NTH-11136","840093111364"
"NTH-11213","840093112132"
"NTH-10594","840093105943"
"SWV-01746","087614017464"
"NTH-11214","840093112149"
"NTH-11224","840093112248"
"NTH-11253","840093112538"
"NTH-11318","840093113184"
"NTH-11344","840093113443"
"NTH-11346","840093113467"
"NTH-11473","840093114730"
"NTH-11550","840093115508"
"NTH-12086","840093120861"
"NTH-12126","840093121264"
"NTH-12157","840093121578"
"NTH-12514","840093125149"
"RLT-21705","021888217052"
"NCA-99461","793574994614"
"CLF-05300","015794053002"
"EMR-00356","743650003563"
"SWE-31322","3800003313223"
"SWE-32296","7640162322966"
"SWE-32419","7640162324199"
"SWE-32295","7640162322959"
"SWE-32420","7640162324205"
"SWE-15378","7640341153787"
"SWE-96217","7640296962175"
"SWE-32426","7640162324267"
"SWE-32451","7640162324519"
"SWE-32422","7640162324229"
"SWE-15875","7640341158751"
"SWE-15100","7640341151004"
"SWE-15873","7640341158737"
"SWE-15871","7640341158713"
"SWE-15867","7640341158676"
"SWE-15869","7640341158690"
"SWE-32427","7640162324274"
"SWE-32450","7640162324502"
"SWE-32487","7640162324878"
"SWE-32814","7640162328142"
"SWE-32488","7640162324885"
"SWE-32678","7640162326780"
"SWE-25176","7649995251764"
"SWE-32690","7640162326902"
"SWE-25178","7649995251788"
"SWE-32677","7640162326773"
"SWE-25180","7649995251801"
"SWE-15801","7640341158010"
"SWE-15793","7640341157938"
"SWE-32549","7640162325493"
"SWE-32486","7640162324861"
"SWE-32485","7640162324854"
"SWE-32421","7640162324212"
"SWE-96219","7640296962199"
"SWE-32302","7640162323024"
"SWE-32300","7640162323000"
"SWE-32418","7640162324182"
"SWE-32301","7640162323017"
"SWE-96215","7640296962151"
"SWE-32423","7640162324236"
"SWE-32837","7640162328371"
"SWE-32822","7640162328227"
"SWE-32839","7640162328395"
"SWE-32838","7640162328388"
"SWE-15865","7640341158652"
"SWE-32424","7640162324243"
"SWE-15863","7640341158638"
"SWE-32339","7640162323390"
"SWE-32453","7640162324533"
"SWE-32425","7640162324250"
"SWE-32334","7640162323345"
"SWE-32298","7640162322980"
"SWE-15098","7640341150984"
"SPN-02421","898220024216"
"PES-02580","766298025803"
"MCL-21416","810094214166"
"ADC-03036","810400030367"
"ORZ-87232","8697595872321"
"ORZ-87162","8697595871621"
"ORZ-87189","8697595871898"
"ORZ-87372","ORZ-87372"
"ORZ-87239","8697595872390"
"ORZ-87056","8697595870563"
"ORZ-87223","8697595872239"
"ENZ-20127","670480201275"
"EVL-02799","818901027992"
"NCA-94774","850047947741"
"NCS-57409","810139574095"
"NCA-63900","850050639008"
"SKH-52999","810007529998"
"DYZ-35720","705016357208"
"RMS-06882","628110068828"
"SRE-09211","023249092117"
"NLI-00625","040647006256"
"VSL-23159","305210231597"
"TGH-47551","860010475515"
"TGH-47552","860010475522"
"NSK-13071","850038130718"
"SKH-52049","810007520490"
"ARH-18013","033200180135"
"NOW-01416","733739014160"
"NOW-03089","733739030894"
"CAR-55920","088395559204"
"EVL-02253","818901022539"
"CAL-67197","021245671978"
"CLF-05028","015794050285"
"MCL-03299","810487032995"
"CGN-01427","898220014279"
"NWY-13922","033674139226"
"NWY-13983","033674139837"
"NWY-14066","033674140666"
"NWY-14067","033674140673"
"NWY-14069","033674140697"
"NWY-14602","033674146026"
"NWY-15134","033674151341"
"NWY-06800","033674068007"
"EMT-60618","750856606184"
"EMT-05336","763948053360"
"AGE-00816","853919008168"
"BIO-532047-d-1","BIO-532047-d-"
"AMH-30413-d-1","AMH-30413-d-1"
"NOW-01726-d-1","NOW-01726-d-1"
"NOW-02313-d-1","NOW-02313-d-1"
"NWY-14690-d-1","NWY-14690-d-1"
"SOL-03260-d-1","SOL-03260-d-1"
"NOW-00260-d-1","NOW-00260-d-1"
"JRW-23014-d-1","JRW-23014-d-1"
"SOL-02295-d-1","SOL-02295-d-1"
"NOW-03166-d-1","NOW-03166-d-1"
"SOL-03351-d-1","SOL-03351-d-1"
"NOW-00811-d-1","NOW-00811-d-1"
"HOG-10093-d-1","HOG-10093-d-1"
"BIO-531224-d-1","BIO-531224-d-"
"BIO-531781-d-1","BIO-531781-d"
"NOW-00030-d-1","NOW-00030-d-1"
"PRT-13092","707359130920"
"SKH-52007","810007520070"
"BIO-532016","4820236532016"
"AIL-19620","305730196208"
"NFU-74280","810102742803"
"ABU-37951","4780201379513"
"LSE-44161","810034441614"
"QUA-90992","046985909921"
"NRB-26876","649908268763"
"SWV-11110","087614111100"
"AGE-00815","853919008151"
"LEX-24253","737870242536"
"ODV-00006","Ч002ОЩШ5З3"
"ORZ-87208","8697595872086"
"NCS-67510","810014675107"
"NCS-67331","810014673318"
"SPN-02423","898220024230"
"FOA-01578","818594015788"
"NTH-12355","840093123558"
"NCS-67585","810014675855"
"BLB-00135","743715001350"
"NRB-23016","649908230166"
"SNS-00677","021078006770"
"NCS-67042","810014670423"
"VMC-47227","810078472278"
"NOW-03169","733739031693"
"KIM-02191","812325021918"
"SWV-14226","087614142265"
"EUR-37102","367703371029"
"NCS-57251","810139572510"
"GNC-253128","048107207694"
"DBE-79087","x004d735vx"
"VMC-47402","810078474029"
"DBE-79093","Ч004ЛЫ6Щ8М"
"NTH-11370","840093113702"
"SWV-11313","087614113135"
"SWV-02926","087614029269"
"DRB-00621","753950006218"
"AGE-33330","850043333302"
"AGE-12164","850026121643"
"SOR-01235","076280012354"
"MTG-03051","755571030511"
"LKN-01677","898220016778"
"FOA-01857","818594018574"
"IRW-40603","840081406038"
"NWY-14031","033674140314"
"MSC-61077","631656610772"
"SOR-70065","076280700657"
"MCL-03279","810487032797"
"AGE-33384","850043333845"
"MII-61649","850015616495"
"OAD-54118","016500541189"
"BHH-65553","850039655531"
"ORT-10551706","-10551706"
"TMR-00689","878941006890"
"AGE-60974","850049609746"
"NOW-03087","733739030870"
"CMV-00062","658196000627"
"CMV-00350","9400501003509"
"NAP-29944","097467299443"
"TRA-00223","032917002235"
"LKN-01450","898220014507"
"VET-03660","797801036603"
"ADC-03329","810400033290"
"AGE-00823","853919008236"
"NCA-38621","850034386218"
"NOW-07676","733739076762"
"SWV-02246","087614022468"
"SOL-62010","810122620105"
"PES-01176","766298011769"
"NCS-67365","810014673653"
"LRE-76608","860002766089"
"TFM-45148","850002451481"
"BPU-00462","856622004625"
"LIL-00395","027917003955"
"MBN-01430","898220014309"
"NCA-59630","806802596303"
"NOW-07681","733739076816"
"NFS-02872","068958028729"
"MTG-91010","755571910103"
"SWV-14187","087614141879"
"MTB-31458","764779314583"
"PTF-10155","021078101550"
"AZO-24153","787651241531"
"CAR-18600","088395186004"
"SOR-08364","076280083644"
"CGN-02287","898220022878"
"MXT-20406","753406204069"
"MAV-11505","311845115058"
"NCS-00820","857077008206"
"NFU-74298","810102742988"
"BTZ-43046","810056430467"
"MXT-20306","753406203062"
"GNC-136913","048107205720"
"AMN-02786","819209027868"
"NCA-38634","850034386348"
"VNU-31511","693465315118"
"NOW-00026","733739000262"
"AGE-12182","850026121827"
"AGE-12164-d-1","AGE-12164-d-1"
"ARG-51540-d-1","ARG-51540-d-1"
"BIO-531347-d-1","BIO-531347-d-"
"CEN-27757-d-1","CEN-27757-d-1"
"NOW-02185-d-1","NOW-02185-d-1"
"PRT-10085-d-1","PRT-10085-d-1"
"PTP-15535-d-1","PTP-15535-d-1"
"PTP-17618-d-1","PTP-17618-d-1"
"SOR-54901-d-1","SOR-54901-d-1"
"USN-51438-d-1","USN-51438-d-1"
"NCS-57215","810139572152"
"NCS-57229","810139572299"
"NCS-67955","810014679556"
"NCS-67485","810014674858"
"NCS-57239","810139572398"
"NCS-67221","810014672212"
"NCS-67898","810014678986"
"CAL-26193","021245261933"
"SOR-04432","076280044324"
"SWV-14202","087614142029"
"NRB-25736","649908257361"
"AKW-67007","8058450670078"
"AKW-67006","8058450670061"
"AKW-00053","8023263000534"
"AKW-67109","8058450671099"
"AKW-67004","8058450670047"
"AKW-67108","8058450671082"
"AKW-00597","5948935005972"
"AKW-00160","893919001608"
"AKW-82058","4820124820584"
"AKW-56525","8000815565253"
"AKW-62825","8606107628257"
"AKW-77269","4820010772690"
"AKW-51049","4820123510493"
"AKW-62800","8606107628004"
"AKW-62837","8606107628370"
"SKH-52151","810007521510"
"ATN-02217","816401022172"
"PEN-00782","026664007827"
"PES-00541","766298005416"
"HLG-20582","860007205828"
"AKW-00133","4860019001339"
"AKW-00459","8000815004592"
"AKW-00480","8000815004806"
"AKW-45006","4820157450062"
"AKW-45149","4820157451496"
"AKW-45015","4820157450154"
"AKW-04320","4106060043202"
"AKW-63347","4820001633474"
"AKW-11126","4850001111269"
"AKW-17003","3760045170034"
"AKW-17015","3760045170157"
"AKW-17008","3760045170089"
"AKW-73873","5029396738736"
"AKW-32277","5029396322775"
"AKW-73857","5029396738576"
"NFU-74297","810102742971"
"NRB-21726","649908217266"
"NCS-67688","810014676883"
"NCS-67592","810014675923"
"NCS-57225","810139572251"
"DMY-35301","850010353012"
"SWV-14117","087614141176"
"THB-11883","697029118832"
"NOW-02965","733739029652"
"MTG-95438","755571954381"
"PEN-00351","026664003515"
"CAL-41485","021245414858"
"AIL-16040","305730160407"
"NCS-57065","810139570653"
"SWV-02676","087614026763"
"MTG-92957","755571929570"
"SOR-01321","076280013214"
"CGN-02397","898220023974"
"OLP-080487","5901330080487"
"LEX-25153","737870251538"
"NTW-00666","858081006660"
"MRO-39236","850029392361"
"FBS-50151","049479501519"
"LSE-00240","853760002407"
"SWV-11492","087614114927"
"CEM-75850","305734758501"
"CGN-01202","898220012022"
"NCA-77004","850019770049"
"MTG-93968","755571939685"
"NTH-12082","840093120823"
"NCS-57342","810139573425"
"MCL-21367","810094213671"
"MTG-96123","755571961235"
"NCS-67379","810014673790"
"NCS-67701","810014677019"
"NCA-63987","850050639879"
"BRY-16001","646858160017"
"SWV-04083","087614040837"
"JRW-06037","790011060376"
"NAP-05164","097467051645"
"NFS-02073","068958020730"
"AGE-12168","850026121681"
"GRW-000001","GRW-000001"
"GRW-000005","GRW-000005"
"SNS-02588","021078025887"
"PES-02200","766298022000"
"CGN-02518","898220025183"
"BYN-01051","618192010518"
"SWV-01802","087614018027"
"DNH-36009","790223360097"
"MME-00619","891597006199"
"NEX-00821","3700225600821"
"SOR-97512","076280975123"
"NAU-62804","628110628046"
"LFB-73104","810102731043"
"NCR-90437","727783904379"
"NCR-90438","727783904386"
"NCR-90318","727783903181"
"NCR-90351","727783903518"
"GOI-35740","628176357409"
"SKH-52006","810007520063"
"HET-00005","X001V9PyjH"
"DLC-15385","024286153854"
"PAR-77905","601944779054"
"PTG-04381","183405043817"
"SWV-02376","087614023762"
"ENZ-10085","670480100851"
"OWH-00018","706195000183"
"REN-12100","631257121004"
"SWV-06006","087614060064"
"NFU-74244","810102742445"
"DLC-15230","024286152307"
"DUX-02910","681421029100"
"NAP-05162","097467051621"
"VMC-80030","602343800301"
"MII-61600","850015616006"
"NOW-02643","733739026439"
"NUU-02063","811660020631"
"RMS-06829","628110068293"
"CUH-25174","850025251747"
"ITH-16102","871791000858"
"IRW-40432","840081404324"
"CEM-28677","305731286779"
"CEM-75592","305734755920"
"PAR-77871","601944778712"
"NDM-02895","031604028954"
"TUK-00730","041388007304"
"WED-08803","4001638088039"
"PUD-00601","851615006013"
"HEK-70908","3700227709089"
"HEK-70910","3700227709102"
"HEK-70914","3700227709140"
"ETR-70554","3700227705548"
"ETR-70594","3700227705944"
"ETR-70816","3700227708167"
"ETR-70935","3700227709355"
"IMP-70613","3700227706132"
"IMP-70617","3700227706170"
"IMP-70620","3700227706200"
"CAR-10830","088395108303"
"OPN-06075","748927060751"
"CAL-84820","021245848202"
"VMC-47100","810078471004"
"NCS-57238","810139572381"
"SMO-55204","850045552046"
"NCS-67193","810014671932"
"SKH-52136","810007521367"
"NRT-01402","074312014024"
"NTH-11372","840093113726"
"NRB-23520","649908235208"
"BDT-02668","766536026685"
"UNN-03324","039442033246"
"DBE-79097","DBE-79097"
"SWV-11325","087614113258"
"NTH-11661","840093116611"
"SOR-01480","076280014808"
"SNS-00312","021078003120"
"MTG-01345","MTG-01345"
"NDX-08670","728650086709"
"SWV-02730","087614027302"
"PRN-06156","4779050061564"
"GLD-06621","041167066218"
"NSK-13077","850038130770"
"OST-10239","5902232610239"
"EID-00043","640923000437"
"NDX-02102","728650021021"
"BYN-07502","618192075029"
"PES-02484","PES-02484"
"SPN-02430","898220024308"
"NOW-07067","733739070678"
"SWV-45010","087614450100"
"BFN-00895","020526008953"
"LEX-25366","737870253662"
"AGE-33386","850043333869"
"AGE-33395","850043333951"
"NHP-99973","621983999732"
"NCA-27916","806808279163"
"NAT-78999","860009789999"
"NCS-93519","702669935197"
"MBN-02074","898220020744"
"PLV-00001","PLV-00001"
"TNN-31113","850015311130"
"EVL-02915","818901029156"
"RVI-68953","850030689535"
"BGM-60234","8436609602345"
"BGM-60233","8436609602338"
"BGM-60241","8436609602413"
"BGM-60238","BGM-60238"
"BGM-60332","8436609603328"
"BGM-60334","8436609603342"
"BGM-60333","8436609603335"
"BIO-532931","4820236532931"
"BIO-532924","4820236532924"
"MTG-91020","MTG-91020"
"BGM-60071","8436609600716"
"BGM-60336","8436609603366"
"BGM-50680","703674506808"
"BGM-60095","8436609600952"
"BGM-60339","8436609603397"
"BGM-60087","8436609600877"
"BGM-60341","8436609603410"
"BGM-60089","8436609600891"
"BGM-60342","8436609603427"
"BGM-60337","8436609603373"
"BGM-60079","8436609600792"
"BGM-60147","8436609601478"
"BRM-02939","039978029393"
"PES-00972","766298009728"
"OGA-00615","851770006156"
"HRM-50072","850006500727"
"CAR-04640","088395046407"
"FOA-66043","810126660435"
"DFH-00116","DFH-00116"
"SOR-01360","076280013603"
"CGN-02388","898220023882"
"MER-28132","MER-28132"
"IRW-40574","840081405741"
"ZAH-08215","848998082154"
"NFU-74261","810102742612"
"EUR-22224","367703222246"
"MCL-21337","810094213374"
"MCL-03146","810487031462"
"IRW-40607","840081406076"
"SWV-21024","087614210247"
"QUA-01786","046985017862"
"LEX-25336","737870253365"
"MTG-94786","75557194786"
"BLT-36008","4820228360085"
"BLT-52001","4820221520011"
"BLT-36015","4820228360153"
"SGC-00839","852207008392"
"BIT-23517","5999076235179"
"BIT-25241","5999076252411"
"BIT-23993","5999076239931"
"BIT-23511","5999076235117"
"BIT-23510","5999076235100"
"BIT-24502","5999076245024"
"BIT-24505","5999076245055"
"BIT-25671","5999076256716"
"BEL-11280","771733112802"
"NTA-16031","083000160318"
"SRE-01141","023249011415"
"SRE-09194","023249091943"
"SRE-01147","023249011477"
"SPN-02361","898220023615"
"NTH-12216","840093122162"
"PRN-43960","4751022439601"
"NCS-57243","810139572435"
"PTF-10453","021078104537"
"FOA-66171","810126661715"
"DEV-00077","895634000775"
"DFH-00307","879452003071"
"SWV-11936","087614119366"
"EFI-12123","695927121237"
"SRE-09191","023249091912"
"CSL-519883-d-1","CSL-519883-d"
"PTP-11520-d-1","PTP-11520-d-1"
"BIT-25523-d-1","BIT-25523-d-1"
"BIT-23816-d-1","BIT-23816-d-1"
"NTH-11214-d-1","NTH-11214-d-1"
"NTH-10152-d-1","NTH-10152-d-1"
"AGE-00815-d-1","AGE-00815-d-1"
"NAP-29950-d-1","NAP-29950-d-1"
"LEX-23213-d-1","LEX-23213-d-1"
"BOI-05409-d-1","BOI-05409-d-1"
"SOR-39905-d-1","SOR-39905-d-1"
"THR-10603-d-1","THR-10603-d-1"
"HRM-50043","850006500437"
"WSY-25786","860003257869"
"LFB-73100","810102731005"
"MTG-94741","755571947413"
"PES-00188","766298001883"
"SNS-01773","021078017738"
"NCS-67508","810014675084"
"BIO-532269","4820236532269"
"MCL-03396","810487033961"
"GLD-01712","041167017128"
"DEV-00059","895634000591"
"BTG-27055","BTG-27055"
"EMR-00357","743650003570"
"CEM-28432","305731284324"
"SWV-02175","087614021751"
"GAI-26014","850026260144"
"IME-39354","715783393545"
"MTG-95253","MTG-95253"
"NAI-99892","022600998921"
"NCS-57179","810139571797"
"PES-00139","Ч000кОО6іК"
"MII-16705","850056167055"
"NCS-57406","810139574064"
"ADC-03161","810400031616"
"VVA-74795","701722747951"
"BTG-27204","3401561272047"
"BTG-69012","4751044690127"
"BTG-64405","5600767644056"
"BLB-00447","743715004474"
"LPS-88015","4820276880153"
"NCS-67488","810014674889"
"FLO-64718","061998647189"
"BIO-532962","4820236532962"
"SPN-02470","898220024704"
"LEX-25346","737870253464"
"ITH-16109","871791107113"
"METU-019092","5400433019092"
"TMR-00181","878941001819"
"MCL-01837","813006018371"
"SWV-01710","087614017105"
"AGE-60947","850049609470"
"CGN-02005","898220020058"
"ORZ-87094","8697595870945"
"ORZ-87374","8697595873748"
"ORZ-87196","8697595871966"
"ORZ-87199","8697595871997"
"NCS-67339","810014673394"
"HNI-00045","898631000458"
"NCS-67391","810014673912"
"SWV-14139","087614141398"
"WGH-02372","656490023724"
"SNS-02423","021078024231"
"NFU-74247","810102742476"
"LKN-01858","898220018581"
"RSK-25104","4820064251042"
"RSK-25101","4820064251011"
"RSK-25102","4820064251028"
"RSK-25061","4820064250618"
"RSK-25049","4820064250496"
"RSK-25106","4820064251066"
"RSK-25040","4820064250403"
"RSK-25080","4820064250809"
"RSK-25048","4820064250489"
"RSK-25055","4820064250557"
"RSK-25031","4820064250311"
"RSK-25035","4820064250359"
"RSK-25072","4820064250724"
"RSK-25094","4820064250946"
"RSK-25045","4820064250458"
"RSK-25088","4820064250885"
"RSK-25060","4820064250601"
"RSK-25036","4820064250366"
"RSK-25040-1","RSK-25040-1"
"RSK-25078","4820064250786"
"RSK-25073","4820064250731"
"RSK-25084","4820064250847"
"RSK-25070","4820064250700"
"RSK-25081","4820064250816"
"RSK-25089","4820064250892"
"MII-61644","850015616440"
"TMR-00829","878941008290"
"NRB-52215","649908522155"
"SKH-52065","810007520650"
"LPS-88051","4820276880511"
"LPS-88017","4820276880177"
"LPS-88028","4820276880283"
"LPS-88049","4820276880498"
"LPS-88031","4820276880313"
"LPS-88018","4820276880184"
"LPS-88048","4820276880481"
"CRR-12220","037000122203"
"BTZ-75109","737212751092"
"SWV-11138","087614111384"
"AKW-42018","4820049420180"
"AKW-42019","4820049420197"
"AKW-40760","4000177407608"
"AKW-70083","4820017000833"
"AKW-00885","80008859"
"AKW-55001","4820281550010"
"AKW-55008","4820281550089"
"AKW-56041","4820209560411"
"AKW-56353","4820209563535"
"AKW-56954","4820209563542"
"AKW-56021","4820209560213"
"AKW-72733","5907467727332"
"AKW-72734","5907467727349"
"AKW-29039","4820264290391"
"AKW-29040","4820264290407"
"AKW-00678","8001620006788"
"SNS-00847","021078008477"
"KSS-00001","4800000000001"
"KSS-00002","4800000000002"
"CGN-02522","898220025220"
"BPI-02522","811213025229"
"CAR-05470","088395054709"
"NBT-02119","089094021191"
"HNS-00403","070650004031"
"HNS-00408","070650004086"
"DIO-91650","743474916506"
"MTB-11201","764779112011"
"RET-99544-d-1","RET-99544-d-1"
"CGN-01203","898220012039"
"BNR-01750","817716017501"
"NOR-01803","768990018039"
"NCS-57294","810139572947"
"NDX-05408","728650054081"
"TMR-00365","878941003653"
"RDC-75919","850004759196"
"THK-70952","THK-70952"
"ADC-00878","819265008788"
"ENZ-10130","670480101308"
"BLB-00730","743715007307"
"ADC-00694","819265006944"
"SWV-14289","087614142890"
"NCA-93260","850060932601"
"AGE-60926","850049609265"
"NCS-67144","810014671444"
"SPN-02337","898220023370"
"AGE-00870","853919008700"
"ORZ-87229","8697595872291"
"CGN-02533","898220025336"
"DEV-00043","895634000430"
"HRM-50040","850006500406"
"ARH-73407","742797734071"
"PES-01861","766298018614"
"NOW-01550-d-1","NOW-01550-d-1"
"ENZ-25112-d-1","ENZ-25112-d-1"
"SOL-01701-d-1","SOL-01701-d-1"
"NOW-00676-d-1","NOW-00676-d-1"
"NOW-01835-d-1","NOW-01835-d-1"
"LEX-17136-d-1","LEX-17136-d-1"
"NOW-00089-d-1","NOW-00089-d-1"
"BIT-22838-d-1","BIT-22838-d-1"
"PRT-12811-d-1","PRT-12811-d-1"
"SWV-01957-d-1","SWV-01957-d-1"
"HOG-52442-d-1","HOG-52442-d-1"
"DRB-00081-d-1","DRB-00081-d-1"
"PTP-17897-d-1","EAN13"
"HOG-15334-d-1","HOG-15334-d-1"
"BIT-23510-d-1","BIT-23510-d-1"
"PRN-06156-d-1","PRN-06156-d-1"
"BIO-532108-d-1","BIO-532108-d-"
"JRW-15036-d-1","JRW-15036-d-1"
"THR-50001-d-1","THR-50001-d-1"
"MTG-94510","75557194510"
"TSS-23527","5065006235271"
"TSS-23581","5065006235813"
"NTH-11212","840093112125"
"BIO-532894","4820236532894"
"LPS-88055","4820276880559"
"BIO-532276","4820236532276"
"NCS-00876","857077008763"
"BIO-532870","4820236532870"
"BIO-532863","4820236532863"
"BIO-532887","4820236532887"
"SMF-64114","850045641146"
"PCT-47707","653559477078"
"GRW-361745","4820183361745"
"SWV-11378","087614113784"
"MTG-01735","755571017352"
"GOL-13402","658010134026"
"NCA-38633","850034386331"
"GAI-26013","4004148047503"
"NFU-74296","810102742964"
"BRA-05216","074305052163"
"NEX-00038","NEX-00038"
"CYM-18708","850025187084"
"CEM-46381","305734463818"
"NCS-57241","810139572411"
"DFH-00139","DFH-00139"
"NTW-00610","858081006103"
"SOR-01500","076280015003"
"NCS-57115","810139571155"
"SRE-01172","023249011729"
"NCS-67395","810014673950"
"NHP-99025","621983990258"
"SWV-02407","087614024073"
"NTW-00601","858081006011"
"CTC-00114","029992001147"
"NCS-67032","810014670324"
"NCS-67146","810014671468"
"SNS-02821","021078028215"
"NCS-67246","810014672465"
"NTH-10177","840093101778"
"GAI-15175","751063151757"
"NRB-24395","649908243951"
"SOR-03721","076280037210"
"NCS-67861","810014678610"
"BPU-00405","856622004052"
"MXT-42009","753406420094"
"MTG-96122","755571961228"
"NEN-10002","860180001736"
"NOW-07769","733739077691"
"REA-00183","REA-00183"
"YUV-61165","810048611652"
"AUN-64861","628504648612"
"WSY-57653","860007576539"
"SMO-45849","850005458494"
"RTO-01086","310742010862"
"ADC-03719","ADC-03719"
"ADC-91071","810400037199"
"SWV-19038","087614190389"
"NCS-57314","810139573142"
"OLE-00802","852933008024"
"SPN-00378","033739003783"
"AFS-00660","741021006601"
"EUR-37106","367703371067"
"FOA-01739","818594017393"
"CAL-57679","021245576792"
"MTG-94107","MTG-94107"
"SOR-04162","076280041620"
"DFH-40146","879452004511"
"SOR-13064","076280130645"
"DFH-00286","879452002869"
"GGR-00348","854822003486"
"NSK-13075","850038130756"
"DIF-92030","302994920303"
"BTZ-43106","810056431068"
"NCS-57405","810139574057"
"ATY-01353","723260801353"
"BIT-23206","5999076232062"
"NTH-10196","840093101969"
"NTH-10158","840093101587"
"ADC-03469","810400034693"
"GOL-13272","658010132725"
"NCS-00873","857077008732"
"SOR-46479","076280464795"
"NFU-74262","810102742629"
"LPS-88077","4820276880771"
"LPS-88078","4820276880788"
"LPS-88079","4820276880795"
"FES-21018","782932210183"
"AGE-60975","850049609753"
"CYM-14641","CYM-14641"
"DIO-91550","743474915509"
"NRT-01281","074312012815"
"WED-09655","4001638096553"
"SKH-52016","810007520162"
"NUU-02045","811660020457"
"SGC-99990","646341999902"
"NTH-11890","840093118905"
"CAL-48845","021245488453"
"BIO-532429","4820236532429"
"NCS-67938","NCS-67938"
"EVL-02996","818901029965"
"XLB-00203","892327002030"
"FOA-66034","810126660343"
"EMR-00352","743650003525"
"BIO-532122","4820236532122"
"BIO-532115","4820236532115"
"GOL-13333","658010133333"
"LEX-25103","737870251033"
"CAL-55090","021245550907"
"FHH-12413","850036124139"
"UNN-03288","039442032881"
"DFN-61271","810048612710"
"PHF-00044","349597000445"
"SOR-42889","076280428896"
"NCS-67849","810014678498"
"IOB-00741","858562007414"
"CPW-00001","Ч004Т5АЬ43"
"AMH-50203","076630502030"
"DOU-83018","DOU-83018"
"CGN-02437","898220024377"
"PUU-014003","PUU-014003"
"METU-345535","5400433345535"
"NOW-07633","733739076335"
"NOW-07634","733739076342"
"METU-345207","5400433345207"
"METU-345320","5400433345320"
"OLE-46269","850004462690"
"NOR-01554","768990015540"
"CEN-28032","740985280324"
"XLR-00006","700596000063"
"BYN-03181","618192031810"
"NCS-67251","810014672519"
"CGN-01847","898220018475"
"NTH-10533","840093105332"
"NFU-74203","810102742032"
"AGE-60919","850049609197"
"JRW-07979","047469079796"
"PES-00821","766298008219"
"HMX-72955","756029729551"
"NCS-67870","NCS-67870"
"BRM-04940","039978049407"
"METU-345245","5400433345245"
"METU-353394","5400433353394"
"METU-345528","5400433345528"
"METU-340691","5400433340691"
"METU-349830","5400433349830"
"NCS-67989","810014679891"
"TEO-00798","857668007984"
"MNW-533020","4820236533020"
"MNW-533013","4820236533013"
"MNW-533006","4820236533006"
"MNW-532993","4820236532993"
"BIO-532986","4820236532986"
"BIO-532979","4820236532979"
"BIO-533044","4820236533044"
"MNW-533112","4820236533112"
"MNW-533105","4820236533105"
"MNW-533099","4820236533099"
"MNW-533082","4820236533082"
"BIO-533075","4820236533075"
"BIO-533068","4820236533068"
"BIO-533051","4820236533051"
"BIO-533037","4820236533037"
"BIT-20924","5999076209248"
"BIT-20449","5999076204496"
"LEX-25359","737870253594"
"WSY-57656","860007576560"
"DRB-00625","753950006256"
"LEX-24080","737870240808"
"SNS-02802","SNS-02802"
"SNS-02784","021078027843"
"AGE-60995","850049609951"
"SWV-11165","SWV-11165"
"SWV-11248","087614112480"
"DLC-15170","024286151706"
"RNS-38433","850011384336"
"CAR-19330","CAR-19330"
"BIO-533129","4820236533129"
"DRB-00602","753950006027"
"CYM-18714","850025187145"
"PHV-41032","850023410320"
"AMN-02282","810180022828"
"AGE-00840","853919008403"
"NCS-57075","NCS-57075"
"FES-15123","782932151233"
"BAB-10622","679234106224"
"SNS-02890","021078028901"
"VMC-47376","810078473763"
"CAL-60458","021245604587"
"MEN-00006","33300006"
"MEN-00017","33300017"
"MEN-00007","33300007"
"MEN-00008","33300008"
"MEN-00009","33300009"
"MEN-00010","33300010"
"MEN-00011","33300011"
"MEN-00012","33300012"
"MEN-00013","33300013"
"MEN-00014","33300014"
"MEN-00015","33300015"
"MEN-00016","33300016"
"MEN-00018","33300018"
"MEN-00021","33300021"
"MEN-00019","33300019"
"MEN-00022","33300022"
"MEN-00020","33300020"
"MEN-00027","33300027"
"MEN-00028","33300028"
"MEN-00024","33300024"
"MEN-00025","33300025"
"MEN-00026","33300026"
"MBM-00125","838287001256"
"ZTP-00829","854880008294"
"NOW-07686","733739076861"
"NPA-77903","058449779032"
"JOV-01130","815421011302"
"NCS-67728","810014677286"
"AGE-00859","853919008595"
"NCS-57280","810139572800"
"NAP-47593","097467475939"
"BRM-03937","039978039378"
"EUR-43706","367703437060"
"CLF-05812","015794058120"
"SOR-36318","076280363180"
"NEX-00075","3700225624315"
"KIM-02097","812325020973"
"NEN-10001","860180001705"
"NWY-60165","033674601655"
"HYB-25221","9504000252212"
"TZO-32117","TZO-32117"
"MTC-72032","633924720329"
"BIT-24502-d-1","BIT-24502-d-1"
"JRW-14062-d-1","JRW-14062-d-1"
"NOR-58783-d-1","NOR-58783-d-1"
"NOW-00469-d-1","NOW-00469-d-1"
"NOW-03184-d-1","NOW-03184-d-1"
"NOW-03307-d-1","NOW-03307-d-1"
"NOW-07132-d-1","NOW-07132-d-1"
"NOW-07652-d-1","NOW-07652-d-1"
"NPU-22050-d-1","NPU-22050-d-1"
"NWY-06974-d-1","NWY-06974-d-1"
"NWY-15686-d-1","NWY-15686-d-1"
"PES-02200-d-1","PES-02200-d-1"
"PRN-06059-d-1","PRN-06059-d-1"
"PRN-06073-d-1","PRN-06073-d-1"
"PRN-06155-d-1","PRN-06155-d-1"
"PTP-11250-d-1","PTP-11250-d-1"
"PTP-13204-d-1","PTP-13204-d-1"
"PTP-27810-d-1","PTP-27810-d-1"
"SNS-01849-d-1","SNS-01849-d-1"
"SOL-03180-d-1","SOL-03180-d-1"
"SOR-31624-d-1","SOR-31624-d-1"
"SWV-02073-d-1","SWV-02073-d-1"
"THR-51102-d-1","THR-51102-d-1"
"NHP-99032","621983990326"
"MTG-01825","MTG-01825"
"AHR-86216","665231862164"
"DOU-02013","745287020135"
"NCS-67288","NCS-67288"
"CGN-02521","898220025213"
"OME-58178","736211581785"
"BIO-533143","4820236533143"
"BIO-533136","4820236533136"
"BIO-532337","4820236532337"
"BRM-01335","039978013354"
"BIO-532405","4820236532405"
"BIO-532412","4820236532412"
"ECF-23425","ECF-23425"
"AGE-60971","850049609715"
"BIO-532146","4820236532146"
"BIO-533259","4820236533259"
"BIO-532436","4820236532436"
"BIO-533266","4820236533266"
"BIO-532153","4820236532153"
"BIO-532139","4820236532139"
"BIO-533242","4820236533242"
"BIO-533167","4820236533167"
"BIO-533150","4820236533150"
"MNW-533174","4820236533174"
"PES-00332","766298003320"
"NCS-57457","810139574576"
"THR-01531","693749015314"
"AIB-96298","647865962984"
"WSY-25785","860003257852"
"NEG-43880","850009438805"
"NRT-01136","074312011368"
"MTB-59150","764779591502"
"LFB-73106","810102731067"
"MDX-00926","819265009266"
"SMO-45800","850005458005"
"NTH-12354","840093123541"
"SKH-52178","810007521787"
"PMF-02115","811445021150"
"WGH-78222","656490782225"
"WGH-20822","656490208220"
"FCD-02952","818901029521"
"LFB-73076","810102730763"
"AGE-00820","853919008205"
"HBP-10054","090900000545"
"SPT-27016","022506270169"
"KAT-79815","x002vwohov"
"CAT-02903","810399029038"
"ACG-04410","855212044102"
"LGD-00702","853792007029"
"LGD-00700","853792007005"
"FOA-01525","818594015252"
"NWY-13717","033674137178"
"MII-61652","850015616525"
"YGT-20471","076950204713"
"BIO-533235","4820236533235"
"BIO-533228","4820236533228"
"BIO-533211","4820236533211"
"BIO-533204","4820236533204"
"MNW-533198","4820236533198"
"MNW-533181","4820236533181"
"PHV-77959","850030779595"
"PHV-41036","850023410368"
"LEX-25283","737870252832"
"SOR-57786","076280577860"
"HNI-00050","898631000502"
"DVI-01085","026664010858"
"CBU-19039","4820289190393"
"CBU-19040","4820289190409"
"CBU-19041","4820289190416"
"CBU-19042","4820289190423"
"CBU-19043","4820289190430"
"CBU-19044","4820289190447"
"CBU-19045","4820289190454"
"CBU-19046","4820289190461"
"CBU-19047","4820289190478"
"CBU-19048","4820289190485"
"TEO-00745","857668007458"
"BHH-75639","850055756397"
"BHH-75650","850055756502"
"NTH-11541","840093115416"
"THR-01527","693749015277"
"NFS-39150","1 23"
"NFS-39172","1234       5"
"NFS-39322","789 9"
"VTP-00810","850502008109"
"CAL-83210","021245832102"
"EID-00040","640923000406"
"MCL-03417","810487034173"
"PES-02217","PES-02217"
"CAL-74628","021245746287"
"SMA-02080","817053020806"
"DRM-00297","857430002971"
"TMR-00671","878941006715"
"THR-01533","693749015338"
"BLB-04012","743715040120"
"BIT-26402","5999076264025"
"BIT-26403","5999076264032"
"BIT-26406","5999076264063"
"NCS-57281","810139572817"
"AMN-02043","810180020435"
"VMC-47475","810078474753"
"BRM-11860","039978118608"
"PHV-77929","850030779298"
"SKH-52127","810007521275"
"CMV-00010","658196000108"
"SOR-04534","076280045345"
"MCL-21339","810094213398"
"METU-345474","5400433345474"
"GLD-06800","041167068007"
"AKW-73876","5029396738767"
"AKW-72735","5907467727356"
"FBS-50136","049479501366"
"NTH-12083","840093120830"
"IRW-40785","840081407851"
"SOL-01556","033984015562"
"RMS-06864","628110068644"
"SOR-04660","076280046601"
"RNA-02107","816820021077"
"GLD-06639","041167066393"
"NCS-67197","810014671970"
"FOA-66137","810126661371"
"FOA-66184","810126661845"
"CAL-93433","021245934332"
"SMO-55200","850045552008"
"NEG-55056","810068550566"
"CAR-17750","088395177507"
"CGN-02545","898220025459"
"MNW-570178","4820299570178"
"PES-99693","PES-99693"
"MNW-570161","4820299570161"
"CYM-18715","850025187152"
"CYM-14635","850033146356"
"CYM-14631","850033146318"
"AGE-60925","850049609258"
"NCS-67544","810014675442"
"LKN-02512","898220025121"
"DEV-00063","895634000638"
"NCS-57515","810139575153"
"ASE-58992","041100589927"
"PAL-04264","010181042645"
"NTH-10192","840093101921"
"NOR-01658","768990016585"
"ETB-25100","707990251008"
"AGE-00851","853919008519"
"AGE-00831","853919008311"
"PUR-00903","659670009037"
"NTH-10631","840093106315"
"NCS-67123","810014671239"
"SUW-02589","814784025896"
"CTL-40035","049100400358"
"SPS-40055","076635400553"
"AGE-12111","850026121117"
"MTG-95429","MTG-95429"
"SMF-64110","850045641108"
"SWV-21028","087614210285"
"THR-01513","693749015130"
"SPN-02493","898220024933"
"NHP-99049","621983990494"
"PTW-00001","661822600566"
"YUV-00167","899105001674"
"CGN-02105","898220021055"
"ENZ-10143","670480101438"
"DUX-02105","681421021050"
"MXT-20412","753406204120"
"SPN-02420","898220024209"
"SUW-92028","810100920289"
"HAV-50028","850006500284"
"DLC-15391","024286153915"
"MIE-00678","854102006787"
"NOW-03053","733739030535"
"NCS-00865","857077008657"
"JLP-043497","7629999043497"
"JLP-270497","7629999270497"
"PTF-10530","021078105305"
"ORI-50012","801541500123"
"HRM-50009","850006500093"
"MTG-93558","755571935588"
"EVL-02485","818901024854"
"ADC-03538","810400035386"
"B002TZTYWE","812527011311"
"NFS-03528","068958035284"
"HRM-50000","850006500000"
"TSS-23530","TSS-23530"
"NCS-57326","810139573265"
"NCS-57210","810139572107"
"LEX-25426","737870254263"
"DLC-15398","024286153984"
"PTF-10361","021078103615"
"PES-01860","766298018607"
"NFS-01904","068958019048"
"ACC-09428","041167094280"
"MCL-21373","810094213732"
"SWV-24106","087614241067"
"DEV-00076","895634000768"
"THB-10090","697029100905"
"MDX-03052","810400030527"
"NCS-57165","810139571650"
"SWV-01206","087614012063"
"BAC-40319","741273403197"
"SWV-02248","087614022482"
"NFU-74290","810102742902"
"NAU-62802","628110628022"
"ZNT-02611","817516026116"
"MII-61602","850015616020"
"NAP-03770-d-1","NAP-03770-d-1"
"NOW-02937-d-1","NOW-02937-d-1"
"NOW-07633-d-1","NOW-07633-d-1"
"NOW-03304-d-1","NOW-03304-d-1"
"BIT-23993-d-1","BIT-23993-d-1"
"NOW-07725-d-1","NOW-07725-d-1"
"GOL-12529-d-1","GOL-12529-d-1"
"BIO-531811-d-1","BIO-531811-d-"
"NWY-60500-d-1","NWY-60500-d-1"
"NOW-03257-d-1","NOW-03257-d-1"
"SOL-54709-d-1","SOL-54709-d-1"
"BIT-24064-d-1","BIT-24064-d-1"
"USN-25606-d-1","USN-25606-d-1"
"PRT-12253-d-1","PRT-12253-d-1"
"SOL-03501-d-1","SOL-03501-d-1"
"NOW-07679-d-1","NOW-07679-d-1"
"GRW-360137-d-1","GRW-360137-d"
"SOL-01221-d-1","SOL-01221-d-1"
"SNS-00803-d-1","SNS-00803-d-1"
"NOW-04982-d-1","NOW-04982-d-1"
"MNW-532795-d-1","MNW-532795-d-"
"CDL-14500-d-1","CDL-14500-d-1"
"MCL-03622-d-1","MCL-03622-d-1"
"SOR-04599-d-1","SOR-04599-d-1"
"PTP-27812-d-1","PTP-27812-d-1"
"NOW-07705-d-1","NOW-07705-d-1"
"SNS-02783-d-1","02783-d-1"
"LEX-60710-d-1","LEX-60710-d-1"
"NTH-11546-d-1","NTH-11546-d-1"
"AGE-12182-d-1","AGE-12182-d-1"
"PES-00099-d-1","PES-00099-d-1"
"PBY-00798","858416007980"
"NCS-67948","810014679488"
"SOL-62011","810122620112"
"DEV-00061","895634000614"
"AGE-60985","850049609852"
"MTB-40901","764779409012"
"CAR-10420","088395104206"
"SWV-02876","087614028767"
"LPS-88088","4820276880887"
"LPS-88029","4820276880290"
"NAP-04930","097467049307"
"SUW-02592","814784025926"
"ECN-00018","892985000188"
"TMR-00815","878941008153"
"MET-00630","MET-00630"
"MIQ-00003","9421031781088"
"TNN-00854","850015311901"
"CYM-14623","850033146233"
"CYM-18710","850025187107"
"CYM-18713","850025187138"
"APB-68515","8809874685151"
"NTH-12240","840093122407"
"PRT-13182","707359131828"
"GNC-17244","ч0044л1и0и"
"ANS-26442","67575726423"
"PES-01581","766298015811"
"AXI-61003","8809634610034"
"TMR-00910","878941009105"
"NCS-67726","810014677262"
"AAM-00127","855571001273"
"NCS-67360","810014673608"
"AUN-64819","628504648193"
"METU-340172","5400433340172"
"MHL-05867","8809615058671"
"SWV-11917","087614119175"
"DOU-30011","790223388053"
"DNH-38805","745287300114"
"MTG-95334","755571953346"
"NAP-04679","097467046795"
"SWV-02818","087614028187"
"CRO-49840","084783498407"
"JKF-00007","672691000074"
"NOR-01570","768990015700"
"FRI-532214","4820236532214"
"FRI-532238","4820236532238"
"FRI-532245","4820236532245"
"FRI-532252","4820236532252"
"FRI-532221","4820236532221"
"FRI-532290","4820236532290"
"FRI-532320","4820236532320"
"FRI-532313","4820236532313"
"FRI-532306","4820236532306"
"FRI-532283","4820236532283"
"FRI-532382","4820236532382"
"FRI-532399","4820236532399"
"FRI-532375","4820236532375"
"FRI-532368","4820236532368"
"FRI-532351","4820236532351"
"APN-00006","APN-00006"
"SWV-11828","087614118284"
"CGN-02284","898220022847"
"NTH-10145","840093101457"
"BIO-533273","4820236533273"
"MNW-533297","4820236533297"
"MNW-533280","4820236533280"
"VSI-02732","766536027323"
"SWV-02517","087614025179"
"NRT-01251","074312012518"
"SWV-01732","087614017327"
"NOW-00506","733739005069"
"PRD-04004","5060073040049"
"AGE-33342","850043333425"
"BAB-07181","679234071812"
"PRT-14937","707359149373"
"PRT-14683","707359146839"
"PRT-13558","707359135581"
"PRT-13383","707359133839"
"PRT-13258","707359132580"
"PRT-13122","707359131224"
"PRT-12931","707359129313"
"PRT-12921","707359129214"
"PRT-12147","707359121478"
"PRT-11770","707359117709"
"PRT-10378","707359103788"
"PRT-10377","707359103771"
"PRT-10375","707359103757"
"PRT-10340","707359103405"
"PRT-10169","707359101692"
"PRT-10094","707359100947"
"NCS-57287","810139572879"
"NWY-13718","033674137185"
"MRO-47169","850018471695"
"THR-01511","693749015116"
"AMX-22678","665553226781"
"VMC-47470","810078474708"
"BLK-00003","Ч000рггиуо"
"EVL-02741","818901027411"
"CGN-02517","898220025176"
"VMC-47403","810078474036"
"MSC-71757","631656717570"
"PHF-00123","349597001237"
"BLB-00143","743715001435"
"NCS-67538","810014675381"
"CAL-20390","021245203902"
"CAL-74659","021245746591"
"MXT-29002","753406290024"
"SWV-14233","087614142333"
"FRO-02566","089836025661"
"AGE-33371","850043333715"
"SYN-00426","852971004262"
"NCS-00881","857077008817"
"SNS-01921","021078019213"
"VMC-80072","602343800721"
"CRR-51210","037000512103"
"CGN-01886","898220018864"
"APB-68418","8809874684185"
"MII-61651","850015616518"
"MTG-94944","755571949448"
"VSI-03596","766536035960"
"FLI-59920","016500599203"
"NCS-00887","857077008879"
"SNS-00342","021078003427"
"DVI-27239","026664272393"
"NCS-67514","810014675145"
"CGN-02546","898220025466"
"AMX-20233","665553202334"
"AGE-00867","853919008670"
"CGN-10006","898220100064"
"MXT-20312","753406203123"
"NFS-01294","068958012940"
"HEM-00021","676280022324"
"MCL-03841","810487038416"
"PAL-03408","010181034084"
"HBP-80039","090800000393"
"BNR-01262","817716012629"
"NOR-01707","768990017070"
"FBS-00220","049479002207"
"MCL-01715","813006017152"
"LFB-73071","810102730718"
"CAR-08535","088395085352"
"MTG-96064","755571960641"
"MTG-92953","MTG-92953"
"SPN-02487","898220024872"
"SPN-02429","898220024292"
"TNN-00855","TNN-00855"
"MAV-11869","311845118691"
"SWV-02455","087614024554"
"AUR-91414","051381914141"
"TUV-00808","851856008081"
"FRO-02613","089836026132"
"SOR-01570","076280015706"
"BIO-533303","4820236533303"
"BNR-01301","817716013015"
"FOA-66096","810126660961"
"FOA-66110","810126661104"
"NCS-57205","810139572053"
"GOL-12126","658010121262"
"SWV-14217","087614142173"
"PLW-27699","018515276995"
"HRM-87563","646648875633"
"NTH-10460","840093104601"
"SOL-35274","076280352740"
"PRD-00603","853802006035"
"BIT-20450","5999076204502"
"BIT-25542","5999076255429"
"BIT-25539","5999076255399"
"BIT-25540","5999076255405"
"BIT-23853","5999076238538"
"BIT-23847","5999076238477"
"TMR-00745","878941007453"
"MVA-800017","181378000011"
"ENZ-24120-d-1","000000024120"
"LEX-17229-d-1","000000017229"
"NTL-05172-d-1","000000005172"
"NWY-14924-d-1","000000014924"
"THR-41002-d-1","000000041102"
"ENZ-13030-d-1","000000013030"
"RLT-20424-d-1","000000020424"
"SOL-59597-d-1","000000059597"
"THR-56002-d-1","000000056002"
"FOA-66017","810126660176"
"METU-339770","5400433339770"
"METU-353660","5400433353660"
"GNC-04293","048107042936"
"SPS-90510","076635905102"
"MTG-01952","755571019523"
"ADC-00836","819265008368"
"CAL-45402","021245454021"
"YTH-01931","671315019317"
"ENZ-13043","670480130438"
"NCS-67359","810014673592"
"HMX-67407","704521674077"
"NCS-57520","810139575207"
"NCS-67335","810014673356"
"BIOL-560674","4820008560674"
"BIT-26404","5999076264049"
"MCL-21298","810094212988"
"NTH-10530","840093105301"
"NTH-10981","840093109811"
"SPN-02482","898220024827"
"SRE-09169","023249091691"
"BEW-00221","897752002211"
"NCS-67220","810014672205"
"VMC-47258","810078472582"
"NCS-67222","810014672229"
"MCL-03291","810487032919"
"NWY-13701","033674137017"
"LVN-00704","858517007049"
"CRR-00055","889714000557"
"MCL-03293","810487032933"
"NFU-74239","810102742391"
"LKN-02513","898220025138"
"CGN-01177","898220011773"
"RMS-06823","628110068231"
"MET-04157","MET-04157"
"MET-04069","MET-04069"
"SKH-52066","810007520667"
"GBR-04964","015000049645"
"CMD-79065","705105790657"
"CLF-05023","015794050230"
"MTG-91378","MTG-91378"
"ADC-03053","810400030534"
"NUU-02065","811660020655"
"PRD-04006","5060073040063"
"PES-02313","766298023137"
"CGN-02524","898220025244"
"DFH-40107","879452000766"
"KTI-10783","035046107833"
"YOU-00383","853244003838"
"GOL-13334","658010133340"
"AMN-02213","810180022132"
"NCS-67219","810014672199"
"SMT-28024","764302280248"
"NAT-78998","860009789982"
"BIO-533167-d-1","BIO-533167-d-"
"CGN-02023-d-1","CGN-02023-d-1"
"MOE-70688-d-1","MOE-70688-d-1"
"ICB-70996-d-1","ICB-70996-d-1"
"USN-52176-d-1","USN-52176-d-1"
"SNS-02952-d-1","SNS-02952-d-1"
"NWY-15135-d-1","NWY-15135-d-1"
"CAL-80206-d-1","CAL-80206-d-1"
"PRT-12199-d-1","PRT-12199-d-1"
"NOW-00083-d-1","NOW-00083-d-1"
"NOW-03029-d-1","NOW-03029-d-1"
"NOW-03134-d-1","NOW-03134-d-1"
"NOW-00670-d-1","NOW-00670-d-1"
"NOW-01649-d-1","NOW-01649-d-1"
"JRW-18004-d-1","JRW-18004-d-1"
"SNS-01416-d-1","SNS-01416-d-1"
"BIO-532979-d-1","BIO-532979-d"
"NWY-15691-d-1","NWY-15691-d-1"
"ENZ-20110-d-1","ENZ-20110-d-1"
"NOW-00372-d-1","NOW-00372-d-1"
"CBU-190171-d-1","CBU-190171-d"
"MCL-03875-d-1","MCL-03875-d-1"
"MCL-21373-d-1","MCL-21373-d-1"
"NOW-03218-d-1","NOW-03218-d-1"
"MTG-01311","MTG-01311"
"CAR-04131","088395041310"
"EMR-00367","743650003679"
"NCS-67925","810014679259"
"MCL-03428","810487034289"
"OGT-00271","627733002714"
"NTH-11547","840093115478"
"NCS-67268","NCS-67268"
"SYN-00469","852971004699"
"FBS-50060","049479500604"
"DYZ-60037","705016600373"
"BAB-05142","679234051425"
"JOV-01123","815421011234"
"PEB-03991","301490039915"
"ITH-16073","871791000537"
"ADC-00751","819265007514"
"NCA-29488","850054294883"
"Sara-000440","X004R1HRDR"
"NCA-63928","850050639282"
"CEN-27974","740985279748"
"LPS-88066","4820276880665"
"BAB-00983","679234009839"
"SWV-02662","087614026626"
"NCA-94772","850047947727"
"NRB-27020","649908270209"
"MTG-91259","MTG-91259"
"SWV-02770","087614027708"
"AUR-91342","051381913427"
"VET-03693","797801036931"
"MAJ-00800","851870008005"
"SWV-02681","SWV-02681"
"SWV-11706","087614117065"
"NTW-00652","NTW-00652"
"QNL-00122","898440001226"
"METU-240175","5400433240175"
"NLD-00058","741099000587"
"NOR-30167","768990301674"
"MRO-70072","850036700722"
"BGM-60148","8436609601485"
"BGM-60047","8436609600471"
"BGM-60067","8436609600679"
"BGM-60118","8436609601188"
"BGM-60117","8436609601171"
"BGM-60072","8436609600723"
"BGM-60205","8436609602055"
"NFS-01068","068958010687"
"BGM-60128","8436609601287"
"BGM-60091","8436609600914"
"NRB-51456","649908514563"
"NWY-14721","033674147214"
"FOA-66064","810126660640"
"NCS-67364","810014673646"
"BAR-70003","705875700030"
"NCS-67287","810014672878"
"B009AWOJZ6","883196131006"
"MTC-72000","633924720008"
"NCS-00828","857077008282"
"DRB-00634","753950006348"
"WSP-02275","814422022751"
"PBY-00793","858416007935"
"LGD-41037","810097410374"
"MAV-17778","311845177780"
"NOW-03884","733739038845"
"SWV-02112","087614021126"
"SKH-52122","810007521220"
"LGA-67441","653341674418"
"GOL-13326","658010133265"
"CGN-02283","CGN-02283"
"SMT-21555","764302215554"
"MTG-93377","755571933775"
"CGN-02168","898220021680"
"VSA-66317","4820222663175"
"VSA-66289","4820222662895"
"CGN-02537","898220025374"
"AGE-60942","850049609425"
"SNS-02590","021078025900"
"OLE-00804","852933008048"
"DBE-79098","X004I8KO7F"
"EVL-02432","818901024328"
"MII-61606","850015616068"
"NFS-26821","068958268217"
"FOA-01869","818594018697"
"NCS-67492","810014674926"
"MRO-00816","856645008167"
"HNY-00879","851669008797"
"NTA-27148","083000271489"
"MTB-71241","764779712419"
"BTZ-51200","850013512003"
"MTB-71252","764779712525"
"CAR-10710","088395107108"
"BDI-00219","899870002197"
"PTF-10646","021078106463"
"EME-56471","356163564713"
"EUR-10210","367703102104"
"NCS-67266","810014672663"
"GLD-04104","041167041048"
"NCS-57363","810139573630"
"GOL-12465","658010124652"
"VSI-02537","766536025374"
"MBN-02562","898220025626"
"FLO-68150","061998681503"
"NCS-57303","806808278890"
"NCA-27889","810139573036"
"QSS-62130","653341621306"
"QSS-62100","653341621009"
"QSS-62080","653341620804"
"QSS-02700","691835027005"
"QSS-60513","752830605138"
"QSS-04720","644216047208"
"QSS-50901","019962509018"
"QSS-50931","019962509315"
"QSS-50032","810147500321"
"QSS-62110","653341621108"
"QSS-96909","752830969094"
"SWV-01832","087614018324"
"NBS-01606","850011016060"
"SNS-01776","021078017769"
"DFN-61064","810048610648"
"ORZ-87043","8697595870433"
"ORZ-87230","8697595872307"
"ORZ-87134","8697595871348"
"ZAH-00044","848998000448"
"NAU-62885","628110628855"
"NHP-99964","NHP-99964"
"CAL-56223","021245562238"
"MCL-21409","810094214098"
"MCL-21438","810094214388"
"BDI-00232","899870002326"
"CGN-02419","898220024193"
"SOR-08151","076280081510"
"FBS-50076","049479500765"
"PES-00391","766298003917"
"MNW-570086","4820299570086"
"MNW-570031","4820299570031"
"BIO-570079","4820299570079"
"MNW-570093","4820299570093"
"MNW-570024","4820299570024"
"MNW-570017","4820299570017"
"MNW-570062","4820299570062"
"MNW-570055","4820299570055"
"MNW-570048","4820299570048"
"INI-77621","691835776217"
"PAL-04355","010181043550"
"CGN-10008","898220100088"
"RMS-06803","628110068033"
"SCI-00031","181030000311"
"NTH-11075","840093110756"
"CFX-02211","078391022116"
"EVL-02854","818901028548"
"LFB-06215","850023062154"
"BIOP-530025","000000530025"
"MTG-02300","MTG-02300"
"MTG-01396","MTG-01396"
"SKH-52027","810007520278"
"SWV-11119","087614111193"
"NHP-50072","621983500723"
"DBE-79018","Ч004ТЧ1ТКА"
"NCS-93081","702669930819"
"WHS-95612","012511956127"
"VMC-47292","810078472926"
"CEM-36915","305731369151"
"NCR-90380","727783903808"
"CFA-01396","898220013968"
"NRT-19377","074312193774"
"AES-00008","630694000088"
"BAR-10017","705875100175"
"ACG-00111","894612001117"
"NTA-26163","083000261633"
"VSI-02749","766536027491"
"EVL-02812","818901028128"
"NOW-00467","733739004673"
"SWV-24031","087614240312"
"NCA-63974","850050639749"
"MCL-01710","813006017107"
"MSC-71580","631656715804"
"CSI-41716","850005417163"
"NTH-11467","840093114679"
"BIO-533143-d-1","BIO-533143-d-"
"NOW-00222-d-1","NOW-00222-d-1"
"PTP-51464-d-1","PTP-51464-d-1"
"SOR-04941-d-1","SOR-04941-d-1"
"THR-79904-d-1","THR-79904-d-1"
"NAP-37691-d-1","NAP-37691-d-1"
"PTP-19092-d-1","PTP-19092-d-1"
"THR-80303-d-1","THR-80303-d-1"
"SWV-01808-d-1","SWV-01808-d-1"
"SNS-01309-d-1","SNS-01309-d-1"
"NOW-05978-d-1","NOW-05978-d-1"
"PES-00100-d-1","PES-00100-d-1"
"SWV-11809-d-1","SWV-11809-d-1"
"BIT-25540-d-1","BIT-25540-d-1"
"NOR-02733-d-1","NOR-02733-d-1"
"CDL-10200-d-1","CDL-10200-d-1"
"NOW-02642-d-1","NOW-02642-d-1"
"BIOL-560209-d-1","BIOL-560209-d"
"MCL-21352","810094213527"
"NDM-02766","031604027667"
"BIP-41904","B0FKTQWCVZ"
"LVN-00701","858517007018"
"NAU-62814","628110628145"
"NCA-59882","793611598829"
"AUR-91113","051381911133"
"SWV-06004","087614060040"
"NAP-05100","097467051003"
"VNU-48611","693465486115"
"NCS-57277","810139572770"
"LKN-01410","898220014101"
"SKH-52092","810007520926"
"NCS-67162","810014671628"
"CMD-84082","689076840828"
"NOW-07116","733739071163"
"SWV-11810","087614118109"
"WIF-00404","857188004043"
"CGN-02539","898220025398"
"HGS-22309","731111223094"
"DVI-01221","026664012210"
"BAL-78002","674756780020"
"LFB-73103","810102731036"
"NOR-01538","768990015380"
"MCL-21047","810094210472"
"MTG-94687","755571946874"
"TEE-45030","795239450305"
"PTG-04309","183405043091"
"NFU-74249","810102742490"
"VET-04830","797801048309"
"AMX-20216","665553202167"
"CGN-02277","898220022779"
"SNS-01796","021078017967"
"AGE-33379","850043333791"
"OGA-00638","851770006385"
"DRB-00628","753950006287"
"PHV-77932","850030779328"
"SEV-44653","732913446537"
"WMA-001057","99101063101"
"NCS-67315","810014673158"
"BIO-570130","4820299570130"
"BIO-533327","4820236533327"
"BIO-533310","4820236533310"
"BIO-570116","4820299570116"
"PTG-04380","183405043800"
"VMC-47299","810078472995"
"AGE-33390","850043333906"
"QUA-01661","046985016612"
"VVA-03271","811067032718"
"MTG-01817","755571018175"
"CAR-08770","088395087707"
"NCA-38674","850034386744"
"GRW-360625","4820183360625"
"THR-01558","693749015581"
"CEN-28026","740985280263"
"KIM-02519","812325025190"
"MII-61647","850015616471"
"EVL-02753","818901027534"
"PAL-04182","010181041822"
"ZAH-08325","848998083250"
"NCS-57157","810139571575"
"GNC- 139359","GNC- 139359"
"MCL-03658","810487036580"
"ADC-91022","810141910225"
"NCS-67702","810014677026"
"OLE-20083","840160200830"
"ADC-03314","810400033146"
"DES-33436","718334334363"
"DEV-00014","895634000140"
"SFL-01469","310742014693"
"HNY-00872","851669008728"
"DVI-29296","026664292964"
"MCL-21378","810094213787"
"NCA-77021","850019770216"
"CAR-06825","088395068256"
"EUR-28806","367703288068"
"PRN-06175","4779050061755"
"DVI-01224","026664012241"
"BIO-533136-1","BIO-533136-1"
"NAP-03000","097467030008"
"BPX-78009","ч00156В051"
"FOA-66095","810126660954"
"SNS-02943","021078029434"
"VMC-47066","810078470663"
"JYS-88996","850008889967"
"VET-00549","797801005494"
"MTG-01305","755571013057"
"METU-350362","5400433350362"
"AME-01333","092961013335"
"BIO-570307","4820299570307"
"DWS-00798","Ч002ЯПУ08Д"
"DWS-27218","Ч003ФЬА4З7"
"TNQ-71600","850051716005"
"SOR-01289","076280012897"
"HYX-20205","631656202052"
"NRX-75565","850005755654"
"MNW-570147","4820299570147"
"MNW-570154","4820299570154"
"BIO-570109","4820299570109"
"MII-02321","850069023218"
"CUH-25165","850025251655"
"SPN-02488","898220024889"
"PMF-97397","713325973972"
"AGE-81560","850068815609"
"NCS-57174","810139571742"
"MCL-03843","810487038430"
"DRA-00160","679372001603"
"PBF-00657","856260006579"
"NCS-67252","810014672526"
"SPN-02440","898220024407"
"GNC-121124","GNC-121124"
"SPN-02198","898220021987"
"EUR-34006","367703340063"
"CEN-27892","740985278925"
"FOA-01241","818594012411"
"SOR-01301","076280013016"
"NOW-02248","733739022486"
"MCL-21346","810094213466"
"NCS-57310","810139573104"
"LEX-25403","737870254034"
"DRB-00624","753950006249"
"NFS-03530","068958035307"
"SOR-04522","076280045222"
"PBY-00718","858416007188"
"BLB-04016","743715040168"
"SWV-11570","087614115702"
"EVL-02031","818901020313"
"WSP-02274","814422022744"
"FOA-01845","818594018451"
"SOR-25243","076280252439"
"NCS-57275","810139572756"
"VET-03698","797801036986"
"BIO-570185","4820299570185"
"BIO-570192","4820299570192"
"BIOL-561091-d-1","BIOL-561091-d"
"SBLU-560151-d-1","SBLU-560151-d"
"BIT-23822-d-1","BIT-23822-d-1"
"BIT-25542-d-1","BIT-25542-d-1"
"BIOL-560438-d-1","BIOL-560438-d"
"NOR-01741-d-1","NOR-01741-d-1"
"NOW-01661-d-1","NOW-01661-d-1"
"NOW-01426-d-1","NOW-01426-d-1"
"NOW-01270-d-1","NOW-01270-d-1"
"NOR-01710-d-1","NOR-01710-d-1"
"SOL-00431-d-1","SOL-00431-d-1"
"GRW-360830-d-1","GRW-360830-d-"
"NTH-10074-d-1","NTH-10074-d-1"
"SNS-00802-d-1","SNS-00802-d-1"
"CBL-93031-d-1","CBL-93031-d-1"
"NOW-02646-d-1","NOW-02646-d-1"
"WMA-306101","WMA-810101"
"WMA-305101","99101305101"
"WMA-1275101","99101275101"
"WMA-274101","99101274101"
"WMA-797101","99101273101"
"WMA-278101","99101278101"
"WMA-277101","99101277101"
"WMA-276101","99101276101"
"PBA-58271","793869582717"
"BTZ-51242","850013512423"
"NCS-67262","810014672625"
"NCS-67043","810014670430"
"FLO-64719","061998647196"
"BDI-00208","899870002081"
"BLB-00991","743715009912"
"DBE-79116","DBE-79116"
"PHP-35435","312843543508"
"CGN-02296","898220022960"
"SPN-02199","898220021994"
"NRB-21190","649908211905"
"NCS-67353","810014673530"
"LFB-73021","810102730213"
"LFB-73088","810102730886"
"THR-01574","693749015741"
"SWV-21059","087614210599"
"CMD-78985","705105789859"
"MRO-47153","850018471534"
"SPN-02489","898220024896"
"OGA-00392","851770003926"
"SPS-90370","076635903702"
"LPS-88097","4820276880979"
"CGN-10024","898220100248"
"OMM-55328","850030553287"
"OMM-55327","850030553270"
"MNW-570222","4820299570222"
"MNW-570215","4820299570215"
"MNW-570239","4820299570239"
"MNW-570208","4820299570208"
"BIO-570246","4820299570246"
"NCS-67273","810014672731"
"MII-02343","850069023430"
"VKS-04058","323900040588"
"SOR-97050","076280970500"
"PEN-00785","026664007858"
"NTL-08352","047469083526"
"OST-12035","5902232612035"
"SNS-00329","021078003298"
"PXL-29503","303160295034"
"RNA-80808","810029808088"
"THR-01572","693749015727"
"NCS-67178","810014671789"
"LVB-00034","LVB-00034"
"SWV-02198","087614021980"
"SOR-04410","076280044102"
"LFB-73092","810102730923"
"SFD-10227","803813102271"
"CGN-10017","898220100170"
"SPN-02506","898220025060"
"DOU-DHP","745287200537"
"MHN-06001","755929060016"
"MTG-91539","755571915399"
"THB-22093","697029220931"
"SWV-01031","087614010311"
"RVI-68941","850030689412"
"CNM-55303","850030553034"
"MCL-21276","810094212766"
"MNW-570253","4820299570253"
"MNW-570260","4820299570260"
"MNW-570277","4820299570277"
"BIO-570291","4820299570291"
"BIO-570284","4820299570284"
"ZAH-08324","848998083243"
"SUW-02590","814784025902"
"NCA-63975","850050639756"
"TAB-00004","4820324010181"
"TAB-00005","4820324010198"
"TAB-00006","4820324010105"
"SNS-01455","021078014553"
"DRT-91251","019373912513"
"NPU-46228","X004BZ6Q8B"
"AGE-00885","853919008854"
"IRW-41316","840081413166"
"HMN-451713","4820274451713"
"LGJ-10201","049056102016"
"MBN-01707","898220017072"
"HMN-452017","4820274452017"
"JPN-491829","4987645491829"
"HIM-43201","605069432016"
"SOR-01620","076280016208"
"NCS-67394","810014673943"
"DVI-21616","026664216168"
"HYB-11668","9506000116686"
"NCS-57288","810139572886"
"NCS-67326","810014673264"
"DFH-00412","879452004122"
"HYL-40941","354973409415"
"MTG-94583","MTG-94583"
"EUR-25906","367703259068"
"RVI-68954","850030689542"
"MTG-91021","MTG-91021"
"NTH-10115","840093101150"
"MII-43820","850074438205"
"BKN-00033","834706000336"
"APB-68516","8809874685168"
"NAP-45951","097467459519"
"NOW-00389","733739003898"
"MRO-62004","810104620048"
"VET-03578","797801035781"
"THR-01564","693749015642"
"CGN-02548","898220025480"
"PMF-02073","811445020733"
"THR-01554","693749015543"
"THR-01519","693749015192"
"NTH-11225","840093112255"
"SWV-14122","087614141220"
"MII-16762","850056167628"
"MII-02306","850069023065"
"GAI-14564","751063145640"
"NCS-67562","810014675626"
"BAC-40131","741273401315"
"MSC-61056","631656610567"
"PPS-50972","040232509728"
"HTP-02643","811836026436"
"MII-16734","850056167345"
"OGT-00291","627733002912"
"IVE-10360","077043103609"
"NCA-29457","NCA-29457"
"VKS-03921","323900039216"
"MII-16788","850056167888"
"CAR-01101","088395011016"
"RNA-02114","816820021145"
"NAV-00029","858847000291"
"LGD-00712","853792007128"
"RMS-06807","628110068071"
"VNC-30602","345334306023"
"MTG-02200","755571022004"
"GIO-18043","716237180438"
"BGL-80586","647125805860"
"GRP-32166","196852321667"
"FUL-00264","850166002642"
"SOR-04590","076280045901"
"OLE-20174","840160201745"
"KIM-02457","812325024575"
"OAD-56164","016500561644"
"SWV-11380","087614113807"
"NCS-00886","857077008862"
"VKS-03968","323900039681"
"CAL-28796","021245287964"
"SWV-02831","087614028316"
"LIL-01945","027917019451"
"VSL-53649","305210536494"
"CFA-02542","898220025428"
"MRO-62351","810104623513"
"TEE-40011","795239400119"
"AUN-20031","990313200313"
"MII-16722","850056167222"
"PTF-10236","021078102366"
"NEG-55191","810068551914"
"ARH-76408","742797764085"
"NLD-00095","741099000952"
"SWV-02891","087614028910"
"NAI-28001","022600280019"
"FPI-30123","633422301235"
"AMR-190081","4820300190081"
"AMR-190074","4820300190074"
"AMR-190067","4820300190067"
"AMR-190043","4820300190043"
"AMR-190036","4820300190036"
"VTL-520085","4820295520085"
"NOW-04314","733739043146"
"NLD-00094","741099000945"
"BDT-02703","766536027033"
"UNN-03281","039442032812"
"NCS-00804","857077008046"
"VNC-32303","345334323037"
"SNS-01280","021078012801"
"KLL-65227","709616310021"
"NCS-67140","810014671406"
"ADC-03937","810400039377"
"THR-01529","693749015291"
"ADC-03480","810400034808"
"SIO-83206","8809913832065"
"EUC-03868","072140038687"
"SNS-41619","SNS-41619"
"NCS-67348","810014673486"
"CNH-71156","840308711563"
"TNQ-00730","858111007308"
"MAV-18715","311845187154"
"PHV-77994","850030779946"
"BKN-00010","834706000107"
"TNQ-99954","850037999545"
"CRX-45107","8809598451070"
"MTG-91379","755571913791"
"ZAH-08218","848998082185"
"DTB-45012","DTB-45012"
"AGE-60965","850049609654"
"BIO-532023-d-1","BIO-532023-d-"
"BIO-532887-d-1","BIO-532887-d"
"BIT-22361-d-1","BIT-22361-d-1"
"BIT-26404-d-1","BIT-26404-d-1"
"CDL-10500-d-1","CDL-10500-d-1"
"CDL-12100-d-1","CDL-12100-d-1"
"CGN-01032-d-1","CGN-01032-d-1"
"CGN-02266-d-1","CGN-02266-d-1"
"DRB-00183-d-1","DRB-00183-d-1"
"GNB-04652-d-1","GNB-04652-d-1"
"JRW-21011-d-1","JRW-21011-d-1"
"MCL-01197-d-1","MCL-01197-d-1"
"MCL-03343-d-1","MCL-03343-d-1"
"NEX-00876-d-1","NEX-00876-d-1"
"NOR-01798-d-1","NOR-01798-d-1"
"NOW-03175-d-1","NOW-03175-d-1"
"NOW-04687-d-1","NOW-04687-d-1"
"NOW-07739-d-1","NOW-07739-d-1"
"NWY-12500-d-1","NWY-12500-d-1"
"NWY-13663-d-1","NWY-13663-d-1"
"NWY-40411-d-1","NWY-40411-d-1"
"PED-02481-d-1","PED-02481-d-1"
"PES-01025-d-1","PES-01025-d-1"
"PRT-14777-d-1","PRT-14777-d-1"
"PTP-15418-d-1","PTP-15418-d-1"
"SOL-01081-d-1","SOL-01081-d-1"
"SOL-01205-d-1","SOL-01205-d-1"
"THR-00341-d-1","THR-00341-d-1"
"THR-75104-d-1","THR-75104-d-1"
"WHS-70000-d-1","WHS-70000-d-1"
"WMA-911101-d-1","WMA-911101-d-"
"SNS-02654","021078026549"
"ZAH-08047","848998080471"
"NOR-01555","768990015557"
"AKC-69907","199284699076"
"FOA-01369","818594013692"
"AUR-92181","051381921811"
"MII-61671","850015616716"
"SRL-99881","737787998816"
"MII-02334","850069023348"
"BTZ-75119","BTZ-75119"
"SNS-00643","021078006435"
"SKH-52102","810007521022"
"SPN-02510","898220025107"
"LAT-00549","854259005497"
"SPT-06530","022506065307"
"SKH-52159","810007521596"
"DVI-01658","026664016584"
"TMR-00891","878941008917"
"MTG-02451","MTG-02451"
"ARH-19744","033200197447"
"FUF-24967","850006249671"
"NCS-67542","810014675428"
"MAV-00001","311845000019"
"ORL-68631","068305686312"
"NCA-82300","793579823001"
"CLG-56006","810057560064"
"TRA-00724","032917007247"
"EVL-02934","818901029347"
"BGA-46040","602359460407"
"TNQ-00797","858111007971"
"MTG-96180","755571961808"
"BYU-00064","190853000644"
"BFO-00207","897922002072"
"BLB-03020","743715030206"
"WGH-24222","656490242224"
"OLP-009532","5901330009532"
"BNR-01017","817716010175"
"NEG-55141","810068551419"
"GNC-886454","048107217488"
"BBR-00001","899870002180"
"THR-01525","693749015253"
"NCS-57340","810139573401"
"MTG-94874","755571948748"
"BRY-67938","752830679382"
"TEO-00777","857668007779"
"NTH-12536","840093125361"
"MDX-00925","819265009259"
"SMA-02396","817053023968"
"NOW-07880","733739078803"
"HYL-33741","354973337411"
"MTG-94872","755571948724"
"SOR-04794","076280047943"
"RNA-02000","816820020001"
"RNA-80510","810029805100"
"NTA-26622","083000266225"
"NOW-02242","733739022424"
"THR-01517","693749015178"
"THR-01515","693749015154"
"THR-01566","693749015666"
"THR-01556","693749015567"
"THR-01570","693749015703"
"THR-01521","693749015215"
"CLF-08017","015794080176"
"OVI-15307","850026153071"
"VET-03695","797801036955"
"PUM-01406","850043014065"
"DFH-00142","879452001428"
"HNY-00858","851669008582"
"NCS-67931","810014679310"
"HBS-00536","190679005366"
"ALG-73231","ч004гС48зТ"
"DFH-40152","879452004870"
"TSL-00002","TSL-00002"
"MII-02305","850069023058"
"MEN-00043","33300043"
"MEN-00039","33300039"
"MEN-00040","33300040"
"MEN-00041","33300041"
"MEN-00042","33300042"
"MEN-00046","33300046"
"MEN-00045","33300045"
"MEN-00044","33300044"
"MEN-00048","33300048"
"MEN-00049","33300049"
"MEN-00037","33300037"
"MEN-00047","33300047"
"MEN-00029","33300029"
"MEN-00030","33300030"
"MEN-00031","33300031"
"MEN-00032","33300032"
"MEN-00033","33300033"
"MEN-00038","33300038"
"MEN-00036","33300036"
"MEN-00035","33300035"
"MEN-00034","33300034"
"SNS-01930","021078019305"
"ORT-1319933","-01319933"
"NBG-36909","812806369096"
"VET-03692","797801036924"
"PBA-58266","PBA-58266"
"CTL-40091","049100400914"
"LGJ-10202","049056102023"
"NOW-06671","733739066718"
"RDC-75923","850004759233"
"MII-02362","MII-02362"
"NOW-01742","733739017420"
"SOL-02571","033984025714"
"SOL-04110","033984041103"
"NOW-04605","733739046055"
"SOL-02335","033984023352"
"CLF-01670","015794016700"
"SNS-01906","021078019060"
"NFS-04537","068958045375"
"NOW-01232","733739012326"
"NOW-02920","733739029201"
"NOW-02905","733739029058"
"AVA-36102","654749361023"
"BLB-01090","743715010901"
"CAR-01250","088395012501"
"RLT-20251","021888202515"
"MHN-04401","755929044016"
"NOW-02918","733739029188"
"TWL-00122","27434001229"
"NWY-14159","033674141595"
"SOL-01295","33984012950"
"NOW-04756","733739047564"
"AOR-08167","624917081671"
"HOG-35071","603573350710"
"NWY-14610","033674146101"
"CAR-01504","088395015045"
"NOW-01653","733739016539"
"NOW-00735","733739007353"
"DRB-00188","753950001886"
"NOW-01320","733739013200"
"MGF-10267","051494102671"
"DRB-00106","753950001060"
"NOR-02775","768990027758"
"NOR-01890","768990018909"
"NOR-01817","768990018176"
"NOR-01770","768990017704"
"NWY-12800","033674128008"
"NOW-00494","733739004949"
"NOW-00085","733739000859"
"GDP-01212","010486012121"
"SPT-00200","22506002005"
"NOW-00479","733739004796"
"HOG-84925","603573849252"
"NTL-05233","047469052331"
"NTL-05228","047469052287"
"SOL-01442","033984014428"
"SBL-00111","896116001112"
"SBL-00118","896116001181"
"RIC-07948","036602079489"
"CLF-06506","015794065067"
"LEX-19821","737870198215"
"CAR-01351","088395013515"
"SOL-01241","033984012417"
"JRW-18015","790011180159"
"NOW-01243","733739012432"
"MGF-10121","51494101216"
"SOL-01150","033984011502"
"SOL-***2273-120","33984022720"
"NTA-00801","083000008016"
"NOW-01772","733739017727"
"NOW-03054","733739030542"
"SOL-00029","033984000292"
"AVA-35108","654749351086"
"GOL-11136","658010111362"
"NDM-02678","31604026783"
"DES-33709","718334337098"
"SOL-01956","033984019560"
"NOW-03130","733739031303"
"NOW-00162","733739001627"
"SOL-00955","033984009554"
"NOW-04675","733739046758"
"NOW-00140","733739001405"
"DRB-00225","753950002258"
"NOW-04718","733739047182"
"NOW-04726","733739047267"
"NOW-04606","733739046062"
"NOW-02811","733739028112"
"NOW-00464","733739004642"
"SOL-01595","033984015951"
"SOL-02551","033984025516"
"SOL-03646","33984036468"
"JAS-03022","78522030225"
"RLT-11202","021888112029"
"SOL-03869","033984038691"
"THR-73602","693749736028"
"NOW-00222","733739002228"
"NOW-03811","733739038111"
"NOW-03809","733739038098"
"EAT-06945","073377069451"
"JRW-18001","790011180012"
"NOW-03156","733739031563"
"COC-02050","075707020507"
"NOW-02206","733739022066"
"NWY-60194","033674601945"
"SOL-00571","033984005716"
"CDL-10300","608274103009"
"SOL-04172","033984041721"
"SOL-02325","033984023253"
"NTT-01008","661176010080"
"NOW-01237","733739012371"
"HOG-88235","603573882358"
"SOL-01057","033984010574"
"SOL-03461","033984034617"
"AUR-91103","51381911034"
"SYM-04018","647303040182"
"NOW-00031","733739000316"
"TWL-00111","027434001113"
"NOW-02938","733739029386"
"THO-19840","031315198403"
"SOL-02210","033984022102"
"NOW-01824","733739018243"
"SOL-03501","033984035010"
"NOW-02644","733739026446"
"SOL-04138","033984041387"
"MGF-10002","051494100028"
"CEN-21434","740985214343"
"AMH-16986","076630169868"
"FLO-61950","061998619506"
"MGF-10014","51494100141"
"NOW-00447","733739004475"
"DME-08100","030985081008"
"SOL-02313","033984023130"
"SOL-01459","033984014596"
"SOL-00519","033984005198"
"SOL-00962","033984009622"
"LFH-40530","645951405308"
"NSI-30000","726511300001"
"NEL-12929","016185129290"
"DRB-00297","753950002975"
"SOL-03541","033984035416"
"NOW-00072","733739000729"
"NOW-01838","733739018380"
"SNS-01747","021078017479"
"TLT-00018","023991000187"
"CLF-06402","015794064022"
"NOW-00109","733739001092"
"SOL-02279","033984022799"
"SOL-00521","033984005211"
"NOW-02386","733739023865"
"DRB-00220","753950002203"
"NOW-02381","733739023810"
"PAL-14064","010181140648"
"NOW-04705","733739047052"
"APF-00028","896996000281"
"SOL-03738","33984037380"
"DRB-00328","753950003286"
"CGN-01034","898220010349"
"SNS-00220","021078002208"
"SOL-59202","033984592025"
"SOL-00476","33984004764"
"MGF-10180","051494101803"
"SOL-00740","033984007406"
"DRB-00262","753950002623"
"SOL-01296","033984012967"
"SOL-03211","033984032118"
"RLT-10883","021888108831"
"NOW-04618","733739046185"
"FBS-02525","49479025251"
"NOW-03869","733739038692"
"SNS-01819","021078018193"
"NWY-15419","033674154199"
"CEN-27847","740985278475"
"CEN-21339","740985213391"
"RLT-10982","021888109821"
"CRO-44710","084783447108"
"NOW-08097","733739080974"
"MRS-14148","808124141483"
"NOW-01659","733739016591"
"NOW-06960","733739069603"
"SNS-01635","021078016359"
"SOL-00680","033984006805"
"SOL-03351","033984033511"
"SOL-00018","033984000186"
"CEN-21368","740985213681"
"SOL-01744","033984017443"
"NOW-00373","733739003737"
"NOW-03274","733739032744"
"SOL-03566","033984035669"
"SNS-00935","021078009351"
"DES-33713","718334337135"
"GIO-18053","716237180537"
"NOW-07660","733739076601"
"MRM-73004","609492730046"
"NOW-03308","733739033086"
"GGR-00252","899696002524"
"NWY-15685","033674156858"
"NOW-00420","733739004208"
"SOL-01049","033984010499"
"SOL-02840","33984028401"
"NFS-04513","068958045139"
"NTL-05172","047469051723"
"NOW-02026","733739020260"
"NOW-03354","733739033543"
"NOW-00108","733739001085"
"CEN-27506","740985275061"
"NOW-00076","733739000767"
"SOL-01351","033984013513"
"NOW-03043","733739030436"
"NOW-03254","733739032546"
"SOL-59205","033984592056"
"NOW-04763","733739047632"
"DRB-00151","753950001510"
"SOL-02261","033984022614"
"NOW-04591","733739045911"
"NOW-01294","733739012944"
"SOL-01182","033984011823"
"CEN-21956","740985219560"
"NOW-02410","733739024107"
"NOW-03798","733739037985"
"NOW-06919","733739069191"
"NLI-00437","040647004375"
"NOW-04621","733739046215"
"CLF-08011","015794080114"
"DRB-00126","753950001268"
"ATS-00261","870001002613"
"HUR-00514","851228005144"
"NOW-00364","733739003645"
"NTA-16334","083000163340"
"NWY-15181","033674151815"
"NOW-02631","733739026316"
"GAI-14632","751063146326"
"SOL-01122","033984011229"
"SOL-01706","033984017061"
"CEN-27623","740985276235"
"SOL-02057","033984020573"
"DME-04175","030985041750"
"AZQ-00300","898220003006"
"SNS-00510","021078005100"
"YOU-00314","853244003142"
"NOW-04638","733739046383"
"RLT-11201","21888112012"
"AMH-16974","076630169745"
"HOG-88239","603573882396"
"REN-53469","631257534699"
"NOW-04450","733739044501"
"CEN-22368","740985223680"
"NOW-03154","733739031549"
"NOW-06915","733739069153"
"NOW-03166","733739031662"
"SOL-01071","033984010710"
"NOW-03029","733739030290"
"SOL-00876","033984008762"
"ORT-16918007","-16918007"
"NOW-04650","733739046505"
"NOW-06006","733739060068"
"UNN-04710","039442047106"
"SOL-00039","033984000391"
"NOR-01775","768990017759"
"SOL-00408","033984004085"
"NOW-00167","733739001672"
"THR-11502","693749115021"
"CEN-27380","740985273807"
"SOL-00231","033984002319"
"ORT-11877835","-11877835"
"SOL-02706","033984027060"
"CLF-05047","015794050476"
"GUM-00052","835776000523"
"NWY-41051","033674410516"
"CEN-21154","740985211540"
"CEN-22380","740985223802"
"NOW-01443","733739014436"
"NOW-01450","733739014504"
"SNS-00161","021078001614"
"CEN-22670","740985226704"
"CEN-21387","740985213872"
"CLF-08192","015794081920"
"MGF-10269","051494102695"
"NOR-56780","768990567803"
"CAR-01524","088395015243"
"NUT-20005","692752200052"
"NOW-01723","733739017239"
"YBP-00519","046352005195"
"NOW-02945","733739029454"
"DRB-00163","753950001633"
"AVO-03690","381370036906"
"NOW-01627","733739016270"
"DRB-00329","753950003293"
"THR-50001","693749500018"
"SOL-02661","033984026612"
"SOL-01776","033984017764"
"NOW-04764","733739047649"
"SOL-01201","33984012011"
"NOW-01310","733739013101"
"RLT-10881","21888108817"
"DRB-00250","753950002500"
"SOL-01110","033984011106"
"SOL-35831","033984358317"
"NOR-02723","768990027239"
"NOR-02724","768990027246"
"NTL-16156","047469161569"
"SOL-02072","033984020726"
"IRW-56832","710363568320"
"DME-04125","030985041255"
"NOW-01837","733739018373"
"MCL-01235","813006012355"
"MSF-37553","713757375535"
"SOL-03317","033984033177"
"NOW-00460","733739004604"
"SOL-01668","033984016682"
"SOL-01*453-30","33984014480"
"SOL-04132","033984041325"
"SOL-00407","033984004078"
"NOW-01607","733739016072"
"JRW-09002","790011090021"
"NWY-15381","033674153819"
"SOL-00432","033984004320"
"FHH-00075","895749000752"
"HOG-35093","603573350932"
"NFS-02681","068958026817"
"NFS-04940","068958049403"
"NFS-03504","068958035048"
"JRW-16040","790011160403"
"JRW-01034","790011010340"
"JRW-14090","790011140900"
"SOL-01738","33984017382"
"DRB-00025","753950000254"
"NTA-16354","083000163548"
"SOL-04104","033984041042"
"NOW-03368","733739033680"
"NWY-11600","033674116005"
"NOW-00169","733739001696"
"LTD-10108","026395101085"
"NBH-13000","764302130000"
"AUR-91196","051381911966"
"DRB-00364","753950003644"
"JRW-19022","790011190226"
"CLF-02491","015794024910"
"NOW-03556","733739035561"
"CDL-10550","608274105508"
"SOL-00054","033984000544"
"NOW-00035","733739000354"
"NRT-44648","74312446481"
"CLF-07318","015794073185"
"DRB-00097","753950000971"
"NFS-02071","068958020716"
"NOW-05972","733739059727"
"NOW-02420","733739024206"
"NOW-03261","733739032614"
"NOW-00117","733739001177"
"SOL-02315","033984023154"
"ARM-20004","027275200041"
"SOL-19377","033984193772"
"NOW-02970","733739029706"
"THR-78703","693749787037"
"NOW-00481","733739004819"
"BUR-45677","16055456778"
"NOW-00087","733739000873"
"NOW-00079","733739000798"
"NOW-02943","733739029430"
"SOL-03915","033984039155"
"SOL-00914","033984009141"
"DRB-00299","753950002999"
"ADN-00235","859975002355"
"SOL-00941","033984009417"
"NOW-02168","733739021687"
"NTA-16360","083000163609"
"APF-00004","896996000045"
"NAP-01261","097467012615"
"NOW-00142","733739001429"
"SNS-02068","021078020684"
"NOW-04592","733739045928"
"NWY-64600","033674646007"
"NTL-04837","047469048372"
"CEN-22557","740985225578"
"GUM-00083","835776000837"
"GUM-00050","835776000509"
"NWY-00401","033674004012"
"NOW-05975","733739059758"
"SOL-01211","033984012110"
"NOW-00485","733739004857"
"NTL-05239","047469052393"
"NOW-04805","733739048059"
"NOW-03288","733739032881"
"NUT-20001","692752200014"
"NOW-06241","733739062413"
"NOW-00894","733739008947"
"NOW-01252","733739012524"
"SOL-00380","033984003804"
"NOW-00092","733739000927"
"SNS-01644","021078016441"
"NOW-00096","733739000965"
"MGF-10281","051494102817"
"SOL-01802","033984018020"
"NOW-03339","733739033390"
"CEN-27530","740985275306"
"CEN-21345","740985213452"
"NOR-30160","768990301605"
"NOW-03343","733739033437"
"GOL-11654","658010116541"
"DME-04100","030985041002"
"NDM-02673","031604026738"
"NAD-02317","079911023170"
"NOW-00077","733739000774"
"NTL-02276","047469022761"
"SOL-50498","033984504981"
"AMH-03231","076630032315"
"JRW-15020","790011150206"
"CEN-27308","740985273081"
"NOW-03881","733739038814"
"NWY-15895","033674158951"
"GUM-00068","835776000684"
"CEN-27305","740985273050"
"NOW-00350","733739003508"
"NOW-00811","733739008114"
"NOW-00478","733739004789"
"NFS-01058","068958010588"
"NOW-01728","733739017284"
"MRM-85000","609492850003"
"NFS-01242","068958012421"
"NOW-02454","733739024541"
"HNI-00026","898631000267"
"ABN-08857","708235088571"
"OPN-02886","748927028867"
"SOL-01734","033984017344"
"SNS-00508","021078005087"
"SOL-02208","033984022089"
"THR-80103","693749801030"
"NWY-41011","033674410110"
"NOW-02921","733739029218"
"AVA-35117","654749351178"
"NOW-01717","733739017178"
"NOW-00368","733739003683"
"KIM-02138","812325021383"
"NOW-02680","733739026804"
"HOG-88237","603573882372"
"LEX-12176","737870121763"
"NOW-02645","733739026453"
"CEN-21177","740985211779"
"SOL-00867","033984008670"
"SOL-01356","033984013568"
"SOL-02812","033984028128"
"JRW-21027","790011210276"
"NOW-01752","733739017529"
"NWY-40511","033674405116"
"NWY-11750","033674117507"
"NOW-04628","733739046284"
"MGF-10319","051494103197"
"NOW-02372","733739023728"
"KIM-02074","812325020744"
"NWY-00350","033674003503"
"NWY-15350","033674153505"
"SNS-01835","021078018353"
"SOL-02053","033984020535"
"SOL-51299","033984512993"
"DES-33708","718334337081"
"DES-33707","718334337074"
"NOW-00367","733739003676"
"HOG-15102","603573151027"
"SOL-01938","033984019386"
"NOW-01435","733739014351"
"NOW-02946","733739029461"
"DRB-00315","753950003156"
"NWY-17100","033674171004"
"NOW-02947","733739029478"
"FBS-00644","49479006441"
"NOW-06513","733739065131"
"NOW-00141","733739001412"
"SOL-02303","033984023031"
"SOL-04023","033984040236"
"NAP-03630","097467036307"
"SOL-52550","033984525504"
"MGF-10275","051494102756"
"SOL-00949","033984009493"
"NOW-02700","733739027009"
"CEN-22702","740985227022"
"JRW-22012","790011220121"
"NOW-00062","733739000620"
"SOL-04122","033984041226"
"DRB-00105","753950001053"
"WAK-25066","023542250665"
"APF-00025","896996000250"
"NOW-01432","733739014320"
"NOW-04639","733739046390"
"PTF-10105","021078101055"
"NTL-00893","047469008932"
"MRM-85003","609492850034"
"HOG-23691","603573236915"
"NOW-01422","733739014221"
"SOL-00196","033984001961"
"SOL-01011","033984010116"
"JRW-14076","790011140764"
"JRW-14004","790011140047"
"CGN-01032","898220010325"
"JAS-00015","078522000150"
"ADN-00249","859975002492"
"NOW-02944","733739029447"
"NOW-03103","733739031037"
"NEL-12895","016185128958"
"NOW-00608","733739006080"
"BLB-00429","743715004290"
"CEN-22663","740985226636"
"BLB-00564","743715005648"
"NOW-04607","733739046079"
"HTC-00003","180616000035"
"SNS-00267","021078002673"
"CEN-27453","740985274538"
"NOW-04724","733739047243"
"NOW-03817","733739038173"
"NOW-01510","733739015105"
"BAC-00059","741273000594"
"SNS-01558","021078015581"
"DRB-00224","753950002241"
"NDM-01791","031604017910"
"NOW-02143","733739021434"
"CEN-27086","740985270868"
"CEN-22921","740985229217"
"NOW-01726","733739017260"
"COC-20010","075707200107"
"CLF-02514","015794025146"
"JRW-16028","790011160281"
"SOL-00015","033984000155"
"JRW-19023","790011190233"
"NTL-06734","047469067342"
"NWY-10600","033674106006"
"NOW-01405","733739014054"
"TNQ-00766","858111007667"
"NCS-67832","810014678320"
"BDI-00231","899870002319"
"MII-02319","850069023195"
"TBN-80990","810029809900"
"NRB-23010","649908230104"
"NEG-55149","810068551495"
"NCS-67932","810014679327"
"BDI-00213","899870002135"
"DOU-03742","310539037423"
"TRA-00165","032917001658"
"NTH-11981","840093119810"
"CPN-00866","073230008665"
"CPN-00851","073230008511"
"NBS-01672","850011016725"
"NFS-01926","068958019260"
"FOA-01711","818594017119"
"FOA-01708","818594017089"
"AMN-02195","819209021958"
"HEI-76200","8809481762009"
"AUR-91258","051381912581"
"AUR-90869","051381908690"
"SWV-11594","087614115948"
"SED-00001","B0CMJR4XGR"
"VMC-47214","810078472148"
"DEV-00042","895634000423"
"GUM-00116","835776001162"
"SRE-01270","023249012702"
"MBN-02571","898220025718"
"PBY-00752","858416007522"
"SOR-47306","076280473063"
"THB-42832","697029428320"
"NCS-57448","810139574484"
"NOW-03091","733739030917"
"TRA-00833","032917008336"
"SOL-01557","033984015579"
"VKS-00361","323900003613"
"KLL-65060","KLL-65060"
"NTH-10155","840093101556"
"AGE-12127","850026121278"
"CVR-13130","Ч002М1М6цВ"
"PES-00762","PES-00762"
"NOR-01551","768990015519"
"DLC-15271","024286152710"
"MCL-03071","810487030717"
"DFH-40055","DFH-40055"
"AAM-00844","855822008440"
"NEG-55220","810068552201"
"NCS-57283","810139572831"
"NCS-57298","810139572985"
"QNL-00105","898440001059"
"LVN-00703","858517007032"
"BIT-23853-d-1","BIT-23853-d-1"
"DRB-00149-d-1","DRB-00149-d-1"
"ENZ-10083-d-1","ENZ-10083-d-1"
"ENZ-13042-d-1","ENZ-13042-d-1"
"LEX-17271-d-1","LEX-17271-d-1"
"MCL-01467-d-1","MCL-01467-d-1"
"NAP-30002-d-1","NAP-30002-d-1"
"NOW-00086-d-1","NOW-00086-d-1"
"NOW-00145-d-1","NOW-00145-d-1"
"NOW-05981-d-1","NOW-05981-d-1"
"NOW-07717-d-1","NOW-07717-d-1"
"NWY-14601-d-1","NWY-14601-d-1"
"PED-02283-d-1","PED-02283-d-1"
"PUD-00610-d-1","PUD-00610-d-1"
"RSK-25061-d-1","RSK-25061-d-1"
"RSK-25074-d-1","RSK-25074-d-1"
"SNS-02589-d-1","SNS-02589-d-1"
"SOL-01936-d-1","SOL-01936-d-1"
"VTP-00810-d-1","VTP-00810-d-1"
"VMC-47309","810078473091"
"CET-13600","302994136001"
"BDI-00203","899870002036"
"LAT-00047","857190000477"
"LVN-00708","858517007087"
"EMR-00004","743650000043"
"PUM-01412","850043014126"
"PPS-60144","040232601446"
"VMC-47550","810078475507"
"PBY-00795","858416007959"
"AGE-00828","853919008281"
"TSE-39365","022400393650"
"BioticsResearch1703","Ч001КІМЦЛР"
"NCS-67361","810014673615"
"SIL-99894","045914998944"
"SOR-04904","076280049046"
"RVI-68903","850030689030"
"SCL-991638","8002738991638"
"SCL-992147","8002738992147"
"SCL-801586","8002738801586"
"SCL-886408","8002738886408"
"SCL-840028","8002738840028"
"SNS-02942","021078029427"
"THB-47100","THB-47100"
"SCI-00015","181030000151"
"CYM-18746","850025187466"
"NOW-02903","733739029034"
"NCA-63976","850050639763"
"VMC-47510","810078475101"
"CFA-02544","898220025442"
"PES-00886","766298008868"
"REJ-14311","035046143114"
"FRL-84070","197644840700"
"RIT-97524","850031975248"
"CYM-14636","850033146363"
"HNY-00831","851669008315"
"COB-60128","810153601289"
"NAM-252509","8058269252509"
"NAM-300288","8051490300288"
"NAM-351724","8058269351724"
"NAM-351731","8058269351731"
"NAM-019734","3401578019734"
"NAM-350758","8058269350758"
"NAM-352653","8058269352653"
"ORI-00057","851469000571"
"ZAH-08228","848998082284"
"NCS-67939","810014679396"
"MAV-05701","311845057013"
"NOW-00131","733739001313"
"MBN-02187","898220021871"
"SOR-11752","076280117523"
"DSF-11556","732953185151"
"DSF-11557","DSF-11557"
"VMC-47127","810078471271"
"YUV-61076","810048610761"
"THR-01500","693749015000"
"TAR-00330","358790003306"
"MII-43838","850074438380"
"BNR-01258","817716012582"
"TYN-49660","300450496607"
"NFS-02098","068958020983"
"SKA-01872","SKA-01872"
"NRB-26210","649908262105"
"MRO-39243","850029392439"
"LEX-25376","737870253761"
"TNQ-38942","850061389428"
"NAM-351915","8058269351915"
"NAM-351427","8058269351427"
"NAM-352585","8058269352585"
"NAM-350093","8058269350093"
"NAM-350277","8058269350277"
"NAM-300806","8051490300806"
"NAM-352288","8058269352288"
"NCS-67494","810014674940"
"SPN-02497","898220024971"
"HRN-00917","636046009174"
"PBF-00282","897922002829"
"NOW-00363","733739003638"
"NRX-50477","850046504778"
"SWV-11922","087614119229"
"VNU-23511","693465235119"
"BHN-24436","Ч003М91АИД"
"NTH-10609","840093106094"
"PRN-12236","1354200122362"
"SWE-16890","3800238330224"
"SWE-16891","3800238330231"
"SWE-16892","3800238330248"
"HPH-00001","840253626141"
"DWS-00747","Ч0026Т121М"
"TEE-80110","795239801107"
"VNU-20231","693465202319"
"THB-99518","697029995181"
"OGA-00686","851770006866"
"NCS-57345","810139573456"
"NTH-10604","840093106049"
"DFH-40101","879452001992"
"THB-67625","697029676257"
"THH-00784","854552007846"
"VMC-47434","810078474340"
"SOR-10615","076280106152"
"DRT-71121","019373711215"
"UZS-000001","6977868670000"
"UZS-000005","6977868670048"
"UZS-000006","6977868670017"
"UZS-311943","6955482311943"
"UZS-313350","6955482313350"
"UZS-313343","6955482313343"
"UZS-313336","6955482313336"
"UZS-379479","6955482379479"
"UZS-379462","6955482379462"
"UZS-379530","6955482379530"
"UZS-370902","6955482370902"
"UZS-379455","6955482379455"
"UZS-379424","6955482379424"
"UZS-347157","6955482347157"
"PAR-77925","601944779252"
"MII-02312","MII-02312"
"SOR-04880","076280048803"
"PCT-71053","810148710538"
"BIO-533334","4820236533334"
"BRA-00116-d-1","BRA-00116-d-1"
"BIO-530197-d-1","BIO-530197"
"NOW-06906-d-1","NOW-06906-d-1"
"BIO-532337-d-1","BIO-532337-d-"
"PRT-10384-d-1","PRT-10384-d-1"
"SOR-04450-d-1","SOR-04450-d-1"
"NOW-04719-d-1","NOW-04719-d-1"
"NOW-00087-d-1","NOW-00087-d-1"
"PES-00172-d-1","PES-00172-d-1"
"NWY-03501-d-1","NWY-03501-d-1"
"NOW-00067-d-1","NOW-00067-d-1"
"AVA-36126","654749361269"
"DVI-21321","026664213211"
"NEG-43874","850009438744"
"MTG-03114","755571031143"
"SPS-92150","076635921508"
"VMC-47636","810078476368"
"MAJ-00827","851870008272"
"SOR-86213","076280862133"
"SOR-00130","076280001303"
"AGE-00800","853919008007"
"NOB-27405","850018274050"
"MII-61645","850015616457"
"SMO-55216","850045552169"
"THR-01523","693749015239"
"HYX-86070","631656860702"
"NCS-57636","810139576365"
"RSK-251110","4820064251110"
"NCS-67176","810014671765"
"BIO-570314","4820299570314"
"BIO-570321","4820299570321"
"VMC-47464","810078474647"
"TMR-00625","878941006258"
"MII-02365","850069023652"
"HRP-22131","076970221318"
"GMP-18561","048107185619"
"TOM-00592","827854005926"
"NCS-67541","810014675411"
"UHP-42033","810003420336"
"CAR-17900","088395179006"
"TNQ-99949","850037999491"
"NCS-57331","810139573319"
"YOU-00753","850502007539"
"VSI-02935","766536029358"
"SWV-11496","087614114965"
"NFS-35740","068958357409"
"LMM-54901","850037549016"
"CEL-00216","889392002164"
"VIV-00040","022600000402"
"SFD-10023","803813100239"
"PAD-20022","791617200227"
"NCS-57413","810139574132"
"BIO-570338","4820299570338"
"SWV-06054","087614060545"
"SNS-02014","021078020141"
"VNC-32208","345334322085"
"SOR-45895","076280458954"
"TAB-00001","4820324010150"
"TAB-00002","4820324010167"
"TAB-00003","4820324010174"
"TAB-00008","4820322010152"
"VET-03818","797801038188"
"SLD-47016","810012470162"
"FPI-03152","633422031521"
"JYS-88992","850008889929"
"NCS-57451","810139574514"
"NEG-55217","810068552171"
"KRL-350049","4820265350049"
"KRL-350025","4820265350025"
"NOW-07636","733739076366"
"NCS-57419","810139574194"
"NOR-01553","768990015533"
"GRW-361356","4820183361356"
"NLI-00615","040647006157"
"DRB-00620","753950006201"
"CES-05500","070734055003"
"MCL-01998","813006019989"
"CYM-18750","850025187503"
"NOW-00071","733739000712"
"ZAN-03000","041954030002"
"VNC-30401","345334304012"
"MRO-00831","856645008310"
"VMC-47501","810078475019"
"PEN-87536","026664875365"
"THR-01582","693749015826"
"MHN-04101","755929041015"
"APB-68276","8809874682761"
"PAD-59007","038407590077"
"SRE-09167","023249091677"
"NEG-55205","810068552058"
"PBF-00235","897922002355"
"NTH-10905","840093109057"
"VSI-00299","766536002993"
"NFS-01692","068958016924"
"CLF-04948","015794049487"
"SNS-01099","021078010999"
"BIO-533358","4820236533358"
"BIO-533341","4820236533341"
"MTG-96176","755571961761"
"STR-11302","767963113023"
"AUR-90868","051381908683"
"SNS-02941","021078029410"
"NFS-02619","068958026190"
"ASE-58990","041100589903"
"TNQ-00774","858111007742"
"CDL-16600","608274166004"
"NCS-67708","810014677088"
"QST-00464","888849004645"
"NCS-57467","810139574675"
"NCS-67373","810014673738"
"DFL-06052","021959060525"
"LEX-23191","737870231912"
"SWV-11387","087614113876"
"YOU-00387","853244003876"
"PAL-03517","010181035173"
"MLV-70001","759160700014"
"SMD-00608","859139006083"
"ATN-02220","816401022202"
"NCS-67908","810014679082"
"NOW-05250","NOW-05250"
"VET-03691","797801036917"
"POW-51178","4820231511788"
"POW-51185","4820231511856"
"POW-51274","4820231512747"
"POW-51273","4820231512730"
"POW-51266","4820231512662"
"POW-51265","4820231512655"
"POW-51271","4820231512716"
"POW-51205","4820231512051"
"POW-51206","4820231512068"
"POW-51288","4820231512884"
"SOR-08892","076280088922"
"NCA-29419","850054294197"
"YGT-45030","076950450301"
"IYC-01192","770009011924"
"NWY-13750","033674137505"
"NNOU-00810-d-1","NNOU-00810-d-"
"AFS-00660-d-1","AFS-00660-d-1"
"PRT-14633-d-1","PRT-14633-d-1"
"BRM-03391-d-1","BRM-03391-d-1"
"NOW-02814-d-1","NOW-02814-d-1"
"NAP-30004-d-1","NAP-30004-d-1"
"NAP-29942-d-1","NAP-29942-d-1"
"THR-78901-d-1","THR-78901-d-1"
"TMR-00174-d-1","TMR-00174-d-1"
"NOW-01626-d-1","NOW-01626-d-1"
"HOG-41371-d-1","HOG-41371-d-1"
"BIO-530937-d-1","BIO-530937-d-"
"NOW-01554-d-1","NOW-01554-d-1"
"MNW-532627-d-1","MNW-532627-d-"
"BIO-532269-d-1","BIO-532269-d-"
"NOW-07900-d-1","NOW-07900-d-1"
"LEX-14312-d-1","LEX-14312-d-1"
"NOW-07565-d-1","NOW-07565-d-1"
"NWY-03550-d-1","NWY-03550-d-1"
"BDO-18507","8809891185078"
"CAL-60206","021245602064"
"VET-03734","797801037341"
"SWV-02479","087614024790"
"JRW-07706","790011077060"
"SMO-55201","850045552015"
"NCS-67829","810014678290"
"NAV-00036","858847000369"
"MCL-03248","810487032483"
"RNA-02004","816820020049"
"DFH-00191","DFH-00191"
"CAL-58960","021245589600"
"NCS-67169","810014671697"
"JYS-88902","850008889028"
"MBN-02253","898220022533"
"BOI-22713","306960227137"
"ORL-10430","300410104306"
"SNS-01593","021078015932"
"MTG-93875","755571938756"
"SPB-77089","4820267770890"
"SPB-77097","4820267770975"
"SPB-77085","4820267770852"
"SPB-77084","4820267770845"
"SPB-77099","4820267770999"
"SPB-77095","4820267770951"
"SPB-77082","4820267770821"
"SPB-77088","4820267770883"
"SPB-77139","4820267771392"
"SPB-77124","4820267771248"
"AGE-12151","850026121513"
"VNC-31016","345334310167"
"BIO-570345","4820299570345"
"BIO-570383","4820299570383"
"BIO-570376","4820299570376"
"BIO-570352","4820299570352"
"BIO-570369","4820299570369"
"BIP-00003","852178008087"
"SWV-07053","087614070537"
"LFB-73121","810102731210"
"NCS-57566","810139575665"
"PBA-58260","793869582601"
"ZLP-00350","853231003506"
"MRO-47120","850018471206"
"VNU-28311","693465283110"
"SOR-03666","076280036664"
"CGN-10007","898220100071"
"MCL-21414","810094214142"
"RMS-06833","628110068330"
"NTL-08350","047469083502"
"NOW-07120","733739071200"
"LAK-00044","843076000440"
"MAV-18315","311845183156"
"MII-61628","850015616280"
"MCL-21437","810094214371"
"MCL-21423","810094214234"
"TOM-83562","077326835623"
"FPI-05181","633422051819"
"MRO-70003","850036700036"
"NBT-02293","089094022938"
"HLG-63822","850039638220"
"VNC-20002","345334200024"
"AUN-64883","628504648834"
"MII-16736","850056167369"
"HRM-38866","642415388665"
"HFS-86144","010043861445"
"MRO-39202","850029392026"
"OAD-54589","016500545897"
"MTF-00010","830568000101"
"YUV-61321","810048613212"
"NCS-67165","810014671659"
"UHP-00007","853218000078"
"MNW-570413","4820299570413"
"DBR-77232","018787772324"
"EVL-02917","818901029170"
"EVL-02418","818901024182"
"REA-00131","835552001317"
"UZS-379387","6955482379387"
"UZS-332856","6955482332856"
"UZS-332870","6955482332870"
"VSC-00335","026664003355"
"VAU-00810","856360008107"
"NOW-05055","733739050557"
"CEY-25415","678112254156"
"MGF-10439","051494104392"
"SOL-00700","033984007000"
"NCS-67278","810014672786"
"MDX-91106","810141911062"
"VMC-47498","810078474982"
"MII-61653","850015616532"
"VMC-80023","602343800233"
"DRB-00630","DRB-00630"
"FRO-02391","089836023919"
"ADC-91070","810141910706"
"EUR-11896","367703118969"
"SUW-02419","814784024196"
"MNW-570437","4820299570437"
"HET-00002","Ч001К6ЛРЫР"
"NCA-29422","850054294227"
"HIM-06035","605069060356"
"NCS-67564","810014675640"
"TNQ-00799","858111007995"
"NCA-63956","850050639565"
"BRA-06605","074305066054"
"RSK-251141","4820064251141"
"FOA-66164","810126661647"
"BRM-02295","039978022950"
"NSD-90093","751217900934"
"NSD-90096","751217900965"
"NCS-57142","810139571421"
"NCS-57580","810139575801"
"KAT-77682","KAT-77682"
"NTH-10469","840093104694"
"MII-02335","850069023355"
"VMC-47565","810078475651"
"LPS-88103","4820276881037"
"SOR-91805","076280918052"
"NCS-57565","810139575658"
"WSY-25787","860003257876"
"MXT-36210","753406362103"
"SMT-21560","764302215608"
"DBR-77432","018787774328"
"WLP-00648","855434006483"
"APB-68321","8809874683218"
"APB-68517","8809874685175"
"UZS-347218","6955482347218"
"BIO-570475","482029957047"
"EMR-00374","743650003747"
"CLF-06009","015794060093"
"SMA-02097","817053020974"
"TNQ-71650","850051716500"
"TNQ-00767","858111007674"
"TNQ-00742","858111007421"
"APB-68268","8809874682686"
"LVS-27301","850008273018"
"BNR-01412","817716014128"
"NCS-57263","810139572633"
"NCS-67902","810014679020"
"NCS-57259","810139572596"
"UZS-347195","6955482347195"
"NCS-57183","810139571834"
"NCS-67551","810014675510"
"MNW-570512","4820299570512"
"MNW-570505","4820299570505"
"BIO-570499","4820299570499"
"BIO-570482","4820299570482"
"BIO-570444","4820299570444"
"BIO-570451","4820299570451"
"LGD-41032","810097410329"
"NCA-94785","850047947857"
"LFB-06240","850023062406"
"VET-03662","797801036627"
"CAL-61160","021245611608"
"TNQ-00772","858111007728"
"PXL-26404","303160264047"
"MTG-96153","755571961532"
"VMC-47412","810078474128"
"EVL-02221","818901022218"
"CAR-14910","088395149108"
"VMC-47108","810078471080"
"SOR-37591","076280375916"
"SOR-57895","076280578959"
"BIO-570529","4820299570529"
"NWY-15679-d-1","NWY-15679-d-1"
"BIO-530999-d-1","BIO-530999-d-"
"PRT-10472-d-1","PRT-10472-d-1"
"NOW-02025-d-1","NOW-02025-d-1"
"PTP-12785-d-1","PTP-12785-d-1"
"MNW-570536","4820299570536"
"YBP-00694","046352006949"
"NCS-67259","810014672595"
"BAC-40081","741273400813"
"MRO-47197","850018471978"
"DEV-00066","895634000669"
"NCS-57007","810139570073"
"NAU-62891","628110628916"
"CGN-02114","898220021147"
"GLD-06638","041167066386"
"LEX-25322","737870253228"
"GBR-04968","015000049683"
"CTO-04142","848998041427"
"FHH-12409","850036124092"
"PHV-16079","810159160797"
"VNU-50311","693465503119"
"SOR-90396","076280903966"
"NCS-67232","810014672328"
"OME-88994","691835889948"
"VMC-47529","810078475293"
"NTH-12218","840093122186"
"NTA-26699","083000266997"
"EFI-12141","695927121411"
"AGE-33355","850043333555"
"FES-21010","782932210107"
"GOL-11770","658010117708"
"NCS-67506","810014675060"
"CET-11022","302990110227"
"MRO-39201","850029392019"
"MNW-570468","4820299570468"
"ADC-00575","819265005756"
"RVI-68919","850030689191"
"VMC-47439","810078474395"
"WIF-00447","857188004470"
"NCS-57114","810139571148"
"NCS-57240","810139572404"
"LPS-88104","4820276881044"
"MNW-570543","4820299570543"
"NPA-86003","058449860037"
"VTL-520184","4820295520184"
"BIO-570567","4820299570567"
"BIO-570550","482029957055"
"BIO-570581","4820299570581"
"BIO-570574","482029957057"
